Year or Period	Bigram	#Q	Subject	#P	Predicate	Object	Organization	Just Date	Start Time	End Time	Time Point
[1970, 1974]	г беккер	Q203715	Густаво Адольфо Беккер	P119	место погребения	Anunciation Church, Seville	0.0	0	1972-01-01	0	0
[1966, 1968]	г беккер	Q191020	Гэри Беккер	P166	полученные награды	Медаль Джона Бейтса Кларка	0.0	0	0	0	1967-01-01
1994	г беккер	Q191020	Гэри Беккер	P166	полученные награды	премия Шведского национального банка по экономическим наукам памяти Альфреда Нобеля	0.0	0	0	0	1992-01-01
[2005, 2009]	г беккер	Q191020	Гэри Беккер	P166	полученные награды	Президентская медаль Свободы	0.0	0	0	0	2007-01-01
[1982, 1984]	г белль	Q42747	Генрих Бёлль	P166	полученные награды	Почётные граждане Кёльна	0.0	0	0	0	1983-01-01
[1974, 1976]	г белль	Q42747	Генрих Бёлль	P166	полученные награды	медаль Карла фон Осецкого	0.0	0	0	0	1974-01-01
