Year or Period	Bigram	#Q	Subject	#P	Predicate	Object	Organization	Just Date	Start Time	End Time	Time Point
[2005, 2007]	а тихонов	Q502637	Тихонов, Андрей Валерьевич	P54	член спортивной команды	Химки	0	0	2005-01-01	2007-01-01	0
[1993, 1999]	а тихонов	Q502637	Тихонов, Андрей Валерьевич	P54	член спортивной команды	сборная России по футболу	0	0	1996-01-01	2000-01-01	0
[1971, 1981]	а тойнби	Q185381	Тойнби, Арнольд Джозеф	P570	дата смерти	0	0	1975-10-22	0	0	0
[1993, 1996]	а троицкий	Q4463473	Артемий Троицкий	P166	полученные награды	медаль «Защитнику свободной России»	0	0	0	0	1994-01-01
[2001, 2002]	ата алма	Q35493	Алма-Ата	P1376	является столицей	Алматинская область	0	0	1932-03-10	2001-04-14	0
[1991, 1992]	ата алма	Q35493	Алма-Ата	P131	административно-территориальная единица	Казахстан	0	0	1991-12-16	0	0
[1991, 1992]	ата алма	Q35493	Алма-Ата	P131	административно-территориальная единица	Алматинская область	0	0	1932-03-10	1991-12-15	0
[1981, 1984]	атаевич оруджев	Q4337185	Оруджев, Сабит Атаевич	P570	дата смерти	0	0	1981-04-20	0	0	0
[1937, 1945]	атака за	Q684433	нагрудный знак «За танковую атаку»	P571	дата основания/создания/возникновения	0	0	1939-12-20	0	0	0
[2002, 2006]	атака клон	Q181069	Звёздные войны. Эпизод II: Атака клонов	P577	дата публикации	0	0	2002-05-16	0	0	0
[1937, 1945]	атака на	Q52418	нападение на Пёрл-Харбор	P793	ключевое событие	consent	Хирохито	0	0	0	1941-11-05
[1937, 1945]	атака на	Q52418	нападение на Пёрл-Харбор	P585	момент времени	0	0	1941-12-07	0	0	0
[1981, 1985]	атаковать группа	Q463579	Атакующая группа «Зет»	P577	дата публикации	0	0	1982-01-01	0	0	0
[1998, 2006]	атал бихарь	Q233289	Атал Бихари Ваджпаи	P39	занимаемая должность	премьер-министр Индии	0	0	1998-03-19	2004-05-19	0
[1978, 1980]	атал бихарь	Q233289	Атал Бихари Ваджпаи	P39	занимаемая должность	министр иностранных дел Индии	0	0	1977-01-01	1979-01-01	0
[1959, 1963]	атаман кодры	Q60851689	Атаман Кодр	P577	дата публикации	0	0	1959-01-01	0	0	0
[1945, 1947]	атаман семенов	Q448142	Семёнов, Григорий Михайлович	P570	дата смерти	0	0	1946-08-30	0	0	0
[1977, 1979]	атанас далчев	Q382033	Атанас Далчев	P570	дата смерти	0	0	1978-01-17	0	0	0
[1956, 1961]	атарбекянский гэс	Q4072025	Атарбекянская ГЭС	P571	дата основания/создания/возникновения	0	0	1959-01-01	0	0	0
[1956, 1961]	атарбекянский гэс	Q4072025	Атарбекянская ГЭС	P1619	дата официального открытия	0	0	1959-01-01	0	0	0
[1982, 1987]	атеистический словарь	Q21656277	Атеистический словарь	P577	дата публикации	0	0	1983-01-01	0	0	0
[1929, 1932]	аткарский округ	Q4408472	Саратовский округ	P36	столица	Аткарск	0	0	1929-07-01	1930-07-30	0
[1929, 1932]	аткарский округ	Q4408472	Саратовский округ	P36	столица	Саратов	0	0	1928-01-01	1929-06-30	0
[1929, 1932]	аткарский округ	Q4408472	Саратовский округ	P576	дата прекращения существования	0	0	1930-07-30	0	0	0
[1930, 1936]	аткарский район	Q1651115	Аткарский район	P131	административно-территориальная единица	Нижне-Волжский край	0	0	1930-07-31	1934-01-09	0
[1930, 1936]	аткарский район	Q1651115	Аткарский район	P131	административно-территориальная единица	Саратовский округ	0	0	1928-07-23	1930-07-30	0
[1930, 1936]	аткарский район	Q1651115	Аткарский район	P131	административно-территориальная единица	Саратовский край	0	0	1934-01-10	1936-12-04	0
[1993, 1998]	атлантический треск	Q199788	треска	P166	полученные награды	Q786157	0	0	0	0	1993-01-01
[1940, 1945]	атлантический хартия	Q181978	Атлантическая хартия	P571	дата основания/создания/возникновения	0	0	1941-08-14	0	0	0
[1965, 1969]	атлас мир	Q757187	Атлас мира	P577	дата публикации	0	0	1967-01-01	0	0	0
[1996, 1998]	атмосфера семейный	Q1406680	Семейная атмосфера	P577	дата публикации	0	0	1996-01-01	0	0	0
[1990, 1999]	атнинский район	Q2220478	Атнинский район	P131	административно-территориальная единица	Татарстан	0	0	1990-08-30	0	0
[1982, 1985]	атол фугард	Q601307	Фугард, Атол	P1411	номинирован на	премия «Тони» за лучшую режиссуру пьесы	0	0	0	0	1982-01-01
[1953, 1958]	атом для	Q757645	премия «Атомы для мира»	P580	дата начала	0	0	1955-01-01	0	0	0
[1997, 1999]	атом эгоян	Q212167	Эгоян, Атом	P1411	номинирован на	премия «Оскар» за лучший адаптированный сценарий	0	0	0	0	1998-01-01
[1997, 1999]	атом эгоян	Q212167	Эгоян, Атом	P1411	номинирован на	премия «Оскар» за лучшую режиссёрскую работу	0	0	0	0	1998-01-01
[1943, 1947]	атомный бомба	Q650051	атомная бомба	P575	дата открытия	0	0	1945-07-01	0	0	0
[1976, 1985]	атомный крейсер	Q504292	Адмирал Нахимов (атомный крейсер)	P571	дата основания/создания/возникновения	0	0	1983-05-17	0	0	0
[1989, 1992]	атомный леда	Q133508	Атомная Леда	P127	владельцем является	Сальвадор Дали	0	0	1949-01-01	1989-01-01	0
[1950, 1952]	атомный леда	Q133508	Атомная Леда	P608	история выставок	Lefevre Gallery	0	0	0	0	1951-01-01
[1996, 2000]	атомный леда	Q133508	Атомная Леда	P608	история выставок	Каса-Мила	0	0	0	0	1996-01-01
[1980, 1993]	атомный станция	Q847687	Игналинская АЭС	P729	дата принятия в эксплуатацию	0	0	1983-12-31	0	0	0
[1970, 1981]	атомный электростанция	Q1640751	Кольская АЭС	P571	дата основания/создания/возникновения	0	0	1970-01-01	0	0	0
[1953, 1960]	атомный электростанция	Q1739453	Обнинская АЭС	P729	дата принятия в эксплуатацию	0	0	1954-06-26	0	0	0
[1970, 1981]	атомный электростанция	Q215419	Чернобыльская АЭС	P793	ключевое событие	строительство	0	0	1977-01-01	0	0
[1970, 1981]	атомный электростанция	Q215419	Чернобыльская АЭС	P729	дата принятия в эксплуатацию	0	0	1979-09-26	0	0	0
[1953, 1960]	атомный электростанция	Q1739453	Обнинская АЭС	P131	административно-территориальная единица	Обнинск	0	0	1956-07-24	0	0
[1970, 1981]	атомный электростанция	Q215419	Чернобыльская АЭС	P571	дата основания/создания/возникновения	0	0	1972-01-01	0	0	0
[1957, 1961]	атомный энергия	Q1794356	Курчатовский институт	P138	названо в честь	Игорь Васильевич Курчатов	0	0	1960-02-09	0	0
[1941, 1955]	атомный энергия	Q1794356	Курчатовский институт	P571	дата основания/создания/возникновения	0	0	1943-02-11	0	0	0
[1976, 1978]	аттестат зрелость	Q872548	Аттестат зрелости	P1191	первое исполнение	0	0	1977-03-27	0	0	0
[1976, 1978]	аттестат зрелость	Q872548	Аттестат зрелости	P577	дата публикации	0	0	1977-03-27	0	0	0
[1978, 1982]	атье м	Q208356	Майкл Фрэнсис Атья	P166	полученные награды	медаль де Моргана	0	0	0	0	1980-01-01
[1968, 1969]	атье м	Q208356	Майкл Фрэнсис Атья	P166	полученные награды	Королевская медаль	0	0	0	0	1968-01-01
[1993, 1998]	атюрьевский район	Q780942	Атюрьевский район	P131	административно-территориальная единица	Мордовия	0	0	1993-12-25	0	0
[1993, 1998]	атюрьевский район	Q780942	Атюрьевский район	P131	административно-территориальная единица	Мордовская Автономная Советская Социалистическая Республика	0	0	1937-05-10	1993-12-24	0
[2004, 2005]	атяшевский район	Q4264675	Лобаски	P131	административно-территориальная единица	Лобаскинское сельское поселение	0	0	2004-12-28	0	0
[2004, 2005]	атяшевский район	Q4264675	Лобаски	P131	административно-территориальная единица	Атяшевский район	0	0	1928-07-16	2004-12-27	0
[1994, 1996]	я тинберген	Q183181	Тинберген, Ян	P570	дата смерти	0	0	1994-06-09	0	0	0
