Year or Period	Bigram	#Q	Subject	#P	Predicate	Object	Organization	Just Date	Start Time	End Time	Time Point
[1980, 1999]	г уэллс	Q42511	Герберт Уэллс	P166	полученные награды	Science Fiction and Fantasy Hall of Fame	0	0	0	0	1997-01-01
[2001, 2007]	гуантанамо в	Q357	тюрьма в Гуантанамо	P571	дата основания/создания/возникновения	0	0	2002-01-01	0	0	0
[2007, 2008]	губайдулина с	Q165668	Губайдулина, София Асгатовна	P166	полученные награды	Гамбургская премия имени Баха	0	0	0	0	2007-01-01
[2005, 2008]	губанов иван	Q18720613	Иван Алексеевич Губанов	P570	дата смерти	0	0	2005-02-12	0	0	0
[1978, 1980]	губарев а	Q465748	Алексей Александрович Губарев	P166	полученные награды	медаль «Золотая Звезда»	0	0	0	0	1978-03-16
[1978, 1980]	губарев а	Q465748	Алексей Александрович Губарев	P166	полученные награды	орден Клемента Готвальда	0	0	0	0	1978-03-16
[1955, 1960]	губарев а	Q465748	Алексей Александрович Губарев	P166	полученные награды	медаль «Китайско-советская дружба»	0	0	0	0	1955-01-01
[1978, 1980]	губарев а	Q465748	Алексей Александрович Губарев	P166	полученные награды	Герой Советского Союза	0	0	0	0	1978-03-16
[1978, 1980]	губарев а	Q465748	Алексей Александрович Губарев	P166	полученные награды	Герой ЧССР	0	0	0	0	1978-03-16
[1975, 1981]	губарев алексей	Q465748	Алексей Александрович Губарев	P166	полученные награды	медаль «Золотая Звезда»	0	0	0	0	1978-03-16
[1975, 1981]	губарев алексей	Q465748	Алексей Александрович Губарев	P166	полученные награды	Герой ЧССР	0	0	0	0	1978-03-16
[1975, 1981]	губарев алексей	Q465748	Алексей Александрович Губарев	P166	полученные награды	Герой Советского Союза	0	0	0	0	1975-02-12
[1975, 1981]	губарев алексей	Q465748	Алексей Александрович Губарев	P166	полученные награды	орден Ленина	0	0	0	0	1975-02-12
[1975, 1981]	губарев алексей	Q465748	Алексей Александрович Губарев	P166	полученные награды	медаль «Золотая Звезда»	0	0	0	0	1975-02-12
[1975, 1981]	губарев алексей	Q465748	Алексей Александрович Губарев	P166	полученные награды	Герой Советского Союза	0	0	0	0	1978-03-16
[1975, 1981]	губарев алексей	Q465748	Алексей Александрович Губарев	P166	полученные награды	орден Клемента Готвальда	0	0	0	0	1978-03-16
[1953, 1957]	губарь и	Q4151299	Губарь, Олег Иосифович	P569	дата рождения	0	0	1953-11-16	0	0	0
[1967, 1969]	губельман моисей	Q16640473	Губельман, Моисей Израилевич	P570	дата смерти	0	0	1968-01-12	0	0	0
[1946, 1950]	губернатор александр	Q4067092	Александр Николаевич  Антипов	P569	дата рождения	0	0	1949-03-10	0	0	0
[1997, 2001]	губернатор гонконг	Q1159846	губернатор Гонконга	P576	дата прекращения существования	0	0	1997-06-30	0	0	0
[1967, 1969]	губернатор джорджия	Q880198	Список губернаторов Джорджии	P263	официальная резиденция	Georgia Governor's Mansion	0	0	1968-01-01	0	0
[1991, 2006]	губернатор край	Q24933296	губернатор Красноярского края	P571	дата основания/создания/возникновения	0	0	1991-12-29	0	0	0
[1991, 2006]	губернатор край	Q5589671	глава администрации Краснодарского края	P571	дата основания/создания/возникновения	0	0	1991-01-01	0	0	0
[1991, 2001]	губернатор нижегородский	Q4151336	губернатор Нижегородской области	P571	дата основания/создания/возникновения	0	0	1991-11-30	0	0	0
[1991, 2002]	губернатор область	Q15141324	Одесская областная государственная администрация	P571	дата основания/создания/возникновения	0	0	1995-07-07	0	0	0
[1991, 2002]	губернатор область	Q4151336	губернатор Нижегородской области	P571	дата основания/создания/возникновения	0	0	1991-11-30	0	0	0
[1991, 2002]	губернатор область	Q4139100	Глава администрации Липецкой области	P571	дата основания/создания/возникновения	0	0	1991-01-01	0	0	0
[1946, 1951]	губернатор провинция	Q3695540	губернатор провинции Пенджаб	P571	дата основания/создания/возникновения	0	0	1947-08-15	0	0	0
[2002, 2003]	губернатор штат	Q18727717	губернатор Гоа	P1308	должность занимает	Kidar Nath Sahani	0	0	2002-10-26	2004-02-07	0
[1982, 1984]	губернатор штат	Q18727576	губернатор Махараштры	P1308	должность занимает	Om Prakash Mehra	0	0	1980-11-03	1982-03-05	0
[2002, 2003]	губернатор штат	Q18727576	губернатор Махараштры	P1308	должность занимает	P. C. Alexander	0	0	1993-01-12	2002-07-13	0
[2002, 2003]	губернатор штат	Q18727717	губернатор Гоа	P1308	должность занимает	Mohammed Fazal	0	0	1999-11-26	2002-10-25	0
[1982, 1984]	губернатор штат	Q18727576	губернатор Махараштры	P1308	должность занимает	Idris Hasan Latif	0	0	1982-03-06	1985-04-16	0
[2002, 2003]	губернатор штат	Q18727576	губернатор Махараштры	P1308	должность занимает	Mohammed Fazal	0	0	2002-10-10	2004-12-05	0
[1925, 1926]	губерния екатеринославский	Q49518	Екатеринославская губерния	P576	дата прекращения существования	0	0	1925-08-01	0	0	0
[1925, 1926]	губерния екатеринославский	Q49518	Екатеринославская губерния	P131	административно-территориальная единица	Украинская Советская Социалистическая Республика	0	0	1919-03-10	1925-08-01	0
[1932, 1933]	губерния подольский	Q737925	Бар	P131	административно-территориальная единица	Винницкая область	0	0	1932-02-27	0	0
[1924, 1928]	губерния томский	Q1378406	Томская губерния	P576	дата прекращения существования	0	0	1925-05-25	0	0	0
[1924, 1928]	губерния томский	Q1378406	Томская губерния	P131	административно-территориальная единица	Российская Советская Федеративная Социалистическая Республика	0	0	1922-12-30	1925-05-25	0
[1924, 1928]	губерния томский	Q1378406	Томская губерния	P17	государство	СССР	0	0	1922-12-30	1925-05-25	0
[1923, 1924]	губерния харьковский	Q2363136	Харьковская губерния	P17	государство	Украинская Советская Социалистическая Республика	0	0	1919-03-10	1923-07-06	0
[1923, 1924]	губерния харьковский	Q2363136	Харьковская губерния	P17	государство	СССР	0	0	1923-07-06	0	0
[1923, 1924]	губерния харьковский	Q4361999	Печенеги	P131	административно-территориальная единица	Печенежский район	0	0	1923-12-31	1963-01-01	0
[1988, 1993]	губерния харьковский	Q4361999	Печенеги	P131	административно-территориальная единица	Печенежский район	0	0	1991-12-13	0	0
[1923, 1927]	губерния черниговский	Q545958	Черниговская губерния	P576	дата прекращения существования	0	0	1925-07-31	0	0	0
[1923, 1927]	губерния черниговский	Q545958	Черниговская губерния	P17	государство	СССР	0	0	1922-12-30	1925-07-31	0
[1923, 1927]	губерния черниговский	Q545958	Черниговская губерния	P131	административно-территориальная единица	Украинская Советская Социалистическая Республика	0	0	1919-11-07	1925-07-31	0
[1954, 1959]	губернский тюрьма	Q4449596	Таганская тюрьма	P31	это частный случай понятия	тюрьма	0	0	1804-01-01	1958-01-01	0
[1954, 1959]	губернский тюрьма	Q4449596	Таганская тюрьма	P576	дата прекращения существования	0	0	1958-01-01	0	0	0
[1988, 1993]	губин а	Q83643	Андрей Викторович Губин	P2031	начало периода активности	0	0	1989-01-01	0	0	0
[2007, 2009]	губин виктор	Q56581219	Виктор Викторович Губин	P570	дата смерти	0	0	2007-03-03	0	0	0
[1995, 1997]	губин виктор	Q56581124	Виктор Евдокимович Губин	P570	дата смерти	0	0	1996-09-03	0	0	0
[1946, 1950]	губин и	Q4151376	Губин, Георгий Иннокентьевич	P569	дата рождения	0	0	1946-04-30	0	0	0
[2007, 2009]	губкинский городской	Q4151434	Губкинский городской округ	P571	дата основания/создания/возникновения	0	0	2007-01-01	0	0	0
[1965, 1966]	губкинский район	Q4422307	Скородное	P131	административно-территориальная единица	Губкинский район	0	0	1965-01-12	2007-09-06	0
[1976, 1982]	губной помада	Q1768442	Губная помада	P577	дата публикации	0	0	1976-01-01	0	0	0
[2002, 2004]	губский в	Q4151462	Губский, Богдан Владимирович	P39	занимаемая должность	народный депутат Украины	0	0	1998-05-12	2002-05-14	0
[2002, 2004]	губский в	Q4151462	Губский, Богдан Владимирович	P39	занимаемая должность	народный депутат Украины	0	0	2002-05-14	2006-05-25	0
[1934, 1936]	гуго де	Q160192	Хуго Де Фриз	P570	дата смерти	0	0	1935-05-21	0	0	0
[1923, 1928]	гуго стиннес	Q66864	Стиннес, Гуго	P570	дата смерти	0	0	1924-04-10	0	0	0
[2003, 2005]	гуд бай	Q154817	Гуд бай, Ленин!	P166	полученные награды	премия «Сезар» за лучший фильм из Европейского Союза	0	0	0	0	2004-01-01
[2003, 2005]	гуд бай	Q154817	Гуд бай, Ленин!	P577	дата публикации	0	0	2004-05-14	0	0	0
[2003, 2005]	гуд бай	Q154817	Гуд бай, Ленин!	P577	дата публикации	0	0	2003-02-13	0	0	0
[2003, 2005]	гуд бай	Q154817	Гуд бай, Ленин!	P577	дата публикации	0	0	2003-09-10	0	0	0
[2003, 2005]	гуд бай	Q154817	Гуд бай, Ленин!	P577	дата публикации	0	0	2003-02-09	0	0	0
[1964, 1966]	гудзий к	Q4151544	Гудзий, Николай Каллиникович	P570	дата смерти	0	0	1965-10-29	0	0	0
[1969, 1973]	гудилин а	Q4151560	Гудилин, Евгений Алексеевич	P569	дата рождения	0	0	1969-11-18	0	0	0
[1971, 1977]	гудимов в	Q4151578	Гудимов, Павел Владимирович	P569	дата рождения	0	0	1973-10-12	0	0	0
[1992, 1996]	гудок александр	Q4151590	Гудков, Александр Фёдорович	P570	дата смерти	0	0	1992-04-04	0	0	0
[1974, 1976]	гукас мадоян	Q4274340	Мадоян, Гукас Карапетович	P570	дата смерти	0	0	1975-06-11	0	0	0
[1960, 1962]	гулай и	Q4151791	Гулая, Инна Иосифовна	P2031	начало периода активности	0	0	1960-01-01	0	0	0
[1979, 1983]	гулда с	Q180619	Стивен Джей Гулд	P166	полученные награды	cтипендия Мак-Артура	0	0	0	0	1981-07-01
[1979, 1983]	гулда с	Q180619	Стивен Джей Гулд	P166	полученные награды	Tinbergen Lecture	0	0	0	0	1981-01-01
[1979, 1983]	гулда с	Q180619	Стивен Джей Гулд	P166	полученные награды	мемориальная премия Гайдена в области геологии	0	0	0	0	1982-01-01
[1954, 1958]	гулиев а	Q1156027	Айюб Салах оглы Гулиев	P569	дата рождения	0	0	1954-06-01	0	0	0
[1970, 1975]	гулрухсор сафиев	Q2617392	Сафиева, Гулрухсор	P463	участник организации или клуба	Союз писателей СССР	0	0	1971-01-01	0	0
[2007, 2009]	гульельмо марконь	Q5615249	Гульельмо Маркони	P1435	статус наследия	место из Национального реестра исторических мест США	0	0	2007-10-12	0	0
[1942, 1943]	гульельмо ферреро	Q689713	Ферреро, Гульельмо	P570	дата смерти	0	0	1942-08-03	0	0	0
[1923, 1924]	гульельмо ферреро	Q689713	Ферреро, Гульельмо	P1411	номинирован на	Нобелевская премия по литературе	0	0	0	0	1923-01-01
[1937, 1938]	гулькевичский район	Q737616	Гулькевичский район	P131	административно-территориальная единица	Краснодарский край	0	0	1937-09-13	0	0
[1963, 1967]	гуля гафур	Q2583148	Гафур Гулям	P570	дата смерти	0	0	1966-07-10	0	0	0
[1956, 1961]	гуля мохаммед	Q2265225	Мохаммед, Гуль	P569	дата рождения	0	0	1957-02-15	0	0	0
[1992, 1996]	гуляев александр	Q4151919	Гуляев, Александр Георгиевич	P570	дата смерти	0	0	1995-06-22	0	0	0
[1951, 1953]	гуляев в	Q4151936	Владимир Гуляев	P2031	начало периода активности	0	0	1951-01-01	0	0	0
[1934, 1936]	гуляев в	Q4151951	Гуляев, Юрий Васильевич	P569	дата рождения	0	0	1935-09-18	0	0	0
[1962, 1964]	гуляев в	Q4151942	Гуляев, Сергей Владимирович	P569	дата рождения	0	0	1962-01-23	0	0	0
[1924, 1925]	гуляев в	Q4151936	Владимир Гуляев	P569	дата рождения	0	0	1924-10-30	0	0	0
[1987, 1988]	гуляев николай	Q1356720	Гуляев, Николай Алексеевич	P166	полученные награды	премия Оскара Матисена	0	0	0	0	1987-01-01
[1995, 1999]	гуляев п	Q330478	Гуляев, Александр Павлович	P570	дата смерти	0	0	1998-02-18	0	0	0
[1990, 1991]	гуляев юрий	Q8061701	Юрий Иванович Гуляев	P54	член спортивной команды	Шахтёр	0	0	1986-01-01	1990-01-01	0
[1993, 1994]	гуляев юрий	Q8061701	Юрий Иванович Гуляев	P54	член спортивной команды	Локомотив-НН	0	0	1990-01-01	1993-01-01	0
[1997, 1998]	гуляев юрий	Q8061701	Юрий Иванович Гуляев	P54	член спортивной команды	Торпедо-Виктория	0	0	1996-01-01	1997-01-01	0
[1993, 1994]	гуляев юрий	Q8061701	Юрий Иванович Гуляев	P54	член спортивной команды	футбольный клуб Дружба	0	0	1993-01-01	1996-01-01	0
[1993, 1994]	гуляев юрий	Q8061701	Юрий Иванович Гуляев	P54	член спортивной команды	Сибирь	0	0	1993-01-01	1993-01-01	0
[1984, 1985]	гуляев юрий	Q8061701	Юрий Иванович Гуляев	P54	член спортивной команды	Динамо	0	0	1984-01-01	1985-01-01	0
[1986, 1988]	гулять идти	Q4985727	Бизоны-малышки, идите гулять...	P577	дата публикации	0	0	1987-11-01	0	0	0
[1989, 1995]	гулять поле	Q640649	Гуляйполе	P17	государство	Украина	0	0	1991-08-24	0	0
[1988, 1994]	гулящий человек	Q4152000	Гулящие люди	P577	дата публикации	0	0	1988-01-01	0	0	0
[1984, 1986]	гуманистический партия	Q1312539	Гуманистическая партия	P571	дата основания/создания/возникновения	0	0	1984-01-01	0	0	0
[1989, 1995]	гуманитарный академия	Q4426595	Современная гуманитарная академия	P571	дата основания/создания/возникновения	0	0	1992-01-01	0	0	0
[1992, 2003]	гуманитарный институт	Q30257171	Московский гуманитарный институт	P571	дата основания/создания/возникновения	0	0	1995-01-01	0	0	0
[1990, 1996]	гуманитарный лицей	Q4152026	Гуманитарный лицей	P571	дата основания/создания/возникновения	0	0	1990-01-01	0	0	0
[1989, 2009]	гуманитарный университет	Q4426595	Современная гуманитарная академия	P571	дата основания/создания/возникновения	0	0	1992-01-01	0	0	0
[1989, 2009]	гуманитарный университет	Q2631070	Российский государственный гуманитарный университет	P571	дата основания/создания/возникновения	0	0	1991-01-01	0	0	0
[1989, 2009]	гуманитарный университет	Q1377393	Европейский гуманитарный университет	P571	дата основания/создания/возникновения	0	0	1992-01-01	0	0	0
[1989, 2009]	гуманитарный университет	Q33121792	Санкт-Петербургский гуманитарный университет профсоюзов	P571	дата основания/создания/возникновения	0	0	1991-01-01	0	0	0
[1989, 2009]	гуманитарный университет	Q4152027	Гуманитарный университет	P571	дата основания/создания/возникновения	0	0	1990-01-01	0	0	0
[1989, 2009]	гуманитарный университет	Q4281580	Мариупольский государственный университет	P571	дата основания/создания/возникновения	0	0	1991-01-01	0	0	0
[1983, 1995]	гуманитарный школа	Q4322409	Новая гуманитарная школа	P571	дата основания/создания/возникновения	0	0	1992-01-01	0	0	0
[2006, 2007]	гумбольдтовский университет	Q152087	Берлинский университет	P1075	ректор	Кристоф Маркшис	0	0	2006-01-01	2010-01-01	0
[1999, 2004]	гумбольдтовский университет	Q152087	Берлинский университет	P1075	ректор	Ханс Майер	0	0	1996-01-01	2000-01-01	0
[1999, 2004]	гумбольдтовский университет	Q152087	Берлинский университет	P1075	ректор	Юрген Млинек	0	0	2000-01-01	2005-01-01	0
[1990, 1991]	гумбольдтовский университет	Q152087	Берлинский университет	P1075	ректор	Генрих Финк	0	0	1990-01-01	1991-01-01	0
[2005, 2006]	гумбольдтский университет	Q152087	Берлинский университет	P1075	ректор	Юрген Млинек	0	0	2000-01-01	2005-01-01	0
[1957, 1959]	гумбольдтский университет	Q152087	Берлинский университет	P1075	ректор	Вальтер Ней	0	0	1952-01-01	1957-01-01	0
[1975, 1977]	гумбольдтский университет	Q152087	Берлинский университет	P1075	ректор	Карл-Хайнц Вирцбергер	0	0	1967-01-01	1976-01-01	0
[1995, 1999]	гумбольдтский университет	Q152087	Берлинский университет	P1075	ректор	Марлис Дюркоп	0	0	1992-01-01	1996-01-01	0
[1957, 1959]	гумбольдтский университет	Q152087	Берлинский университет	P1075	ректор	Вернер Хартке	0	0	1957-01-01	1959-01-01	0
[1995, 1999]	гумбольдтский университет	Q152087	Берлинский университет	P1075	ректор	Ханс Майер	0	0	1996-01-01	2000-01-01	0
[1978, 1982]	гумеров а	Q4152076	Гумеров, Азамат Амирович	P569	дата рождения	0	0	1978-12-07	0	0	0
[1991, 1999]	гумилев л	Q135481	Лев Гумилёв	P570	дата смерти	0	0	1992-06-15	0	0	0
[1958, 1962]	гумилев л	Q135481	Лев Гумилёв	P512	учёная степень	доктор исторических наук	0	0	0	0	1961-01-01
[1989, 1993]	гумилев лев	Q135481	Лев Гумилёв	P570	дата смерти	0	0	1992-06-15	0	0	0
[1961, 1962]	гумилев лев	Q135481	Лев Гумилёв	P512	учёная степень	доктор исторических наук	0	0	0	0	1961-01-01
[1986, 1995]	гумилев н	Q135481	Лев Гумилёв	P570	дата смерти	0	0	1992-06-15	0	0	0
[1948, 1949]	гумилев н	Q135481	Лев Гумилёв	P512	учёная степень	кандидат исторических наук	0	0	0	0	1948-12-28
[1956, 1960]	гуннар мюрдаль	Q152452	Мюрдаль, Гуннар	P1411	номинирован на	Нобелевская премия мира	0	0	0	0	1959-01-01
[1992, 1999]	гунтис улманис	Q60106	Гунтис Улманис	P166	полученные награды	кавалер Большого креста ордена Святого Олафа	0	0	0	0	1998-01-01
[1992, 1999]	гунтис улманис	Q60106	Гунтис Улманис	P166	полученные награды	орден Слона	0	0	0	0	1997-01-01
[1992, 1999]	гунтис улманис	Q60106	Гунтис Улманис	P39	занимаемая должность	Президенты Латвии	0	0	1993-07-07	1999-07-07	0
[1996, 1998]	гурам панджикидзе	Q4343918	Панджикидзе, Гурам Иванович	P570	дата смерти	0	0	1997-01-01	0	0	0
[2005, 2009]	гурбангулы бердымухаммед	Q57530	Гурбангулы Мяликгулыевич Бердымухамедов	P39	занимаемая должность	президент Туркмении	0	0	2007-02-14	0	0
[1977, 1982]	гурвич а	Q4152267	Гурвич, Марк Аркадьевич	P570	дата смерти	0	0	1978-01-01	0	0	0
[1923, 1941]	гурвич и	Q3920142	Гурвич, Исаак Аронович	P570	дата смерти	0	0	1924-07-09	0	0	0
[1992, 1993]	гурвич и	Q4152263	Гурвич, Иосиф Михайлович	P570	дата смерти	0	0	1992-01-01	0	0	0
[1992, 1993]	гурвич м	Q4152263	Гурвич, Иосиф Михайлович	P570	дата смерти	0	0	1992-01-01	0	0	0
[1973, 1979]	гурвич м	Q4152267	Гурвич, Марк Аркадьевич	P570	дата смерти	0	0	1978-01-01	0	0	0
[1961, 1968]	гурген маарь	Q1980285	Маари, Гурген	P166	полученные награды	Заслуженный деятель культуры Армянской ССР	0	0	0	0	1965-01-01
[1934, 1935]	гурген маарь	Q1980285	Маари, Гурген	P463	участник организации или клуба	Союз писателей СССР	0	0	1934-01-01	0	0
[1935, 1941]	гуревич а	Q4152283	Гуревич, Александр Иосифович	P570	дата смерти	0	0	1937-10-30	0	0	0
[1924, 1926]	гуревич а	Q302163	Гуревич, Арон Яковлевич	P569	дата рождения	0	0	1924-06-12	0	0	0
[1963, 1967]	гуревич а	Q4152290	Гуревич, Борис Абрамович	P570	дата смерти	0	0	1964-04-04	0	0	0
[1993, 1997]	гуревич арон	Q302163	Гуревич, Арон Яковлевич	P166	полученные награды	Государственная премия Российской Федерации	0	0	0	0	1993-01-01
[1993, 2000]	гуревич владимир	Q4152293	Гуревич, Владимир	P2962	шахматный титул	гроссмейстер	0	0	1998-01-01	0	0
[1970, 1976]	гуревич д	Q4152294	Гуревич, Даниил Петрович	P569	дата рождения	0	0	1974-06-05	0	0	0
[1929, 1936]	гуревич и	Q4152298	Гуревич, Исидор Яковлевич	P570	дата смерти	0	0	1931-01-01	0	0	0
[1938, 1941]	гуревич л	Q4152306	Гуревич, Любовь Яковлевна	P570	дата смерти	0	0	1940-10-17	0	0	0
[1975, 1979]	гуревич михаил	Q506493	Гуревич, Михаил Наумович	P2962	шахматный титул	мастер спорта СССР по шахматам	0	0	1978-01-01	0	0
[1975, 1979]	гуревич михаил	Q353552	Гуревич, Михаил Иосифович	P570	дата смерти	0	0	1976-11-25	0	0	0
[1971, 1977]	гуревич п	Q4152294	Гуревич, Даниил Петрович	P569	дата рождения	0	0	1974-06-05	0	0	0
[1938, 1941]	гуревич я	Q4152306	Гуревич, Любовь Яковлевна	P570	дата смерти	0	0	1940-10-17	0	0	0
[1987, 1992]	гуревич я	Q302163	Гуревич, Арон Яковлевич	P166	полученные награды	Международная премия Nonino	0	0	0	0	1988-01-01
[1987, 1992]	гуревич я	Q302163	Гуревич, Арон Яковлевич	P463	участник организации или клуба	Американская академия медиевистики	0	0	1989-01-01	0	0
[2005, 2007]	гуревич я	Q302163	Гуревич, Арон Яковлевич	P570	дата смерти	0	0	2006-08-05	0	0	0
[2001, 2003]	гуренко с	Q705929	Гуренко, Сергей Витальевич	P54	член спортивной команды	Пьяченца	0	0	2002-01-01	2003-01-01	0
[2001, 2003]	гуренко с	Q705929	Гуренко, Сергей Витальевич	P54	член спортивной команды	Рома	0	0	1999-01-01	2001-01-01	0
[2001, 2003]	гуренко с	Q705929	Гуренко, Сергей Витальевич	P54	член спортивной команды	Реал Сарагоса	0	0	2000-01-01	2001-01-01	0
[2001, 2003]	гуренко с	Q705929	Гуренко, Сергей Витальевич	P54	член спортивной команды	Парма	0	0	2001-01-01	2002-01-01	0
[1969, 1971]	гурия иванович	Q4229619	Комиссаров, Гурий Иванович	P570	дата смерти	0	0	1969-02-25	0	0	0
[2001, 2005]	гурия иванович	Q574605	Гурий Иванович Марчук	P166	полученные награды	Демидовская премия	0	0	0	0	2004-01-01
[2001, 2005]	гурия иванович	Q574605	Гурий Иванович Марчук	P166	полученные награды	Большая золотая медаль имени М. В. Ломоносова	0	0	0	0	2004-01-01
[1983, 1989]	гурия иванович	Q574605	Гурий Иванович Марчук	P166	полученные награды	орден Дружбы	0	0	0	0	1985-06-14
[2004, 2005]	гурия марчук	Q574605	Гурий Иванович Марчук	P166	полученные награды	Демидовская премия	0	0	0	0	2004-01-01
[2004, 2005]	гурия марчук	Q574605	Гурий Иванович Марчук	P166	полученные награды	Большая золотая медаль имени М. В. Ломоносова	0	0	0	0	2004-01-01
[1975, 1976]	гурия николаевич	Q4403905	Савин, Гурий Николаевич	P570	дата смерти	0	0	1975-10-28	0	0	0
[1990, 2001]	гурия тимофеевич	Q4361199	Петровский, Гурий Тимофеевич	P166	полученные награды	Государственная премия Российской Федерации	0	0	0	0	1998-01-01
[1988, 1995]	гурченко л	Q68537	Людмила Марковна Гурченко	P166	полученные награды	Государственная премия Российской Федерации	0	0	0	0	1994-01-01
[1994, 1995]	гурченко людмила	Q68537	Людмила Марковна Гурченко	P166	полученные награды	Государственная премия Российской Федерации	0	0	0	0	1994-01-01
[1956, 1958]	гурьев александр	Q19908608	Гурьев, Александр Анатольевич	P569	дата рождения	0	0	1957-09-23	0	0	0
[2004, 2006]	гурьев михаил	Q4152533	Гурьев, Михаил Николаевич	P570	дата смерти	0	0	2004-11-25	0	0	0
[1959, 1963]	гурьевич четаи	Q4514946	Четаев, Николай Гурьевич	P570	дата смерти	0	0	1959-10-17	0	0	0
[1946, 1948]	гурьевский район	Q76786	Гурьевский городской округ	P571	дата основания/создания/возникновения	0	0	1946-01-01	0	0	0
[2002, 2003]	гурьянов а	Q4152583	Гурьянов, Николай Алексеевич	P570	дата смерти	0	0	2002-08-24	0	0	0
[2006, 2007]	гурьянов александр	Q58727	Гурьянов, Александр Евгеньевич	P39	занимаемая должность	посол Белоруссии в Южной Корее	0	0	2006-01-19	2010-11-04	0
[1933, 1937]	гурьянов в	Q4152569	Гурьянов, Валерий Алексеевич	P569	дата рождения	0	0	1936-07-30	0	0	0
[2002, 2003]	гурьянов н	Q4152583	Гурьянов, Николай Алексеевич	P570	дата смерти	0	0	2002-08-24	0	0	0
[1969, 1973]	гусак г	Q157651	Густав Гусак	P166	полученные награды	Герой ЧССР	0	0	0	0	1969-08-23
[1982, 1984]	гусак г	Q157651	Густав Гусак	P166	полученные награды	Герой ЧССР	0	0	0	0	1982-12-03
[1969, 1973]	гусак г	Q157651	Густав Гусак	P166	полученные награды	Герой ЧССР	0	0	0	0	1972-12-27
[1969, 1973]	гусак г	Q157651	Густав Гусак	P39	занимаемая должность	генеральный секретарь ЦК КПЧ	0	0	1969-01-01	1987-01-01	0
[1970, 1974]	гусак густав	Q157651	Густав Гусак	P166	полученные награды	Герой ЧССР	0	0	0	0	1972-12-27
[1994, 1996]	гусар на	Q1194500	Гусар на крыше	P577	дата публикации	0	0	1995-01-01	0	0	0
[1962, 1966]	гусарский баллада	Q2369847	Гусарская баллада	P577	дата публикации	0	0	1962-01-01	0	0	0
[2005, 2007]	гусев а	Q561553	Ролан Александрович Гусев	P54	член спортивной команды	сборная России по футболу	0	0	2000-01-01	2005-01-01	0
[1952, 1963]	гусев а	Q4152688	Гусев, Игорь Анатольевич	P569	дата рождения	0	0	1958-01-01	0	0	0
[1984, 1988]	гусев а	Q4152711	Гусев, Пётр Андреевич	P570	дата смерти	0	0	1987-03-30	0	0	0
[1990, 1997]	гусев александр	Q4715164	Александр Петрович Гусев	P570	дата смерти	0	0	1994-01-01	0	0	0
[1990, 1997]	гусев александр	Q4152648	Гусев, Александр Михайлович	P570	дата смерти	0	0	1994-01-01	0	0	0
[1966, 1970]	гусев александр	Q4152638	Гусев, Александр Витальевич	P569	дата рождения	0	0	1966-03-20	0	0	0
[1992, 1996]	гусев анатолий	Q16640944	Гусев, Анатолий Михайлович	P570	дата смерти	0	0	1993-07-14	0	0	0
[1993, 1997]	гусев андрей	Q17907843	Андрей Евгеньевич Гусев	P39	занимаемая должность	главный редактор	0	0	1993-01-01	0	0
[1954, 1959]	гусев в	Q4152679	Гусев, Владимир Михайлович	P2031	начало периода активности	0	0	1954-01-01	0	0	0
[1982, 1999]	гусев владимир	Q7938360	Владимир Гусев	P569	дата рождения	0	0	1982-11-24	0	0	0
[1975, 1977]	гусев владимир	Q4152667	Гусев, Владимир Валентинович	P2031	начало периода активности	0	0	1975-01-01	0	0	0
[1958, 1959]	гусев владимир	Q4152670	Владимир Евгеньевич Гусев	P569	дата рождения	0	0	1958-07-09	0	0	0
[1982, 1999]	гусев владимир	Q4152670	Владимир Евгеньевич Гусев	P2031	начало периода активности	0	0	1984-01-01	0	0	0
[1982, 1999]	гусев владимир	Q18217365	Владимир Гусев	P569	дата рождения	0	0	1996-02-09	0	0	0
[1982, 1999]	гусев владимир	Q445289	Гусев, Владимир Николаевич	P569	дата рождения	0	0	1982-07-04	0	0	0
[1982, 1999]	гусев владимир	Q18406231	Гусев, Владимир Александрович	P570	дата смерти	0	0	1990-03-25	0	0	0
[1982, 1999]	гусев владимир	Q4152666	Владимир Александрович Гусев	P166	полученные награды	Заслуженный деятель искусств Российской Федерации	0	0	0	0	1996-01-01
[1991, 1997]	гусев иван	Q19742467	Гусев, Иван Фёдорович	P570	дата смерти	0	0	1991-01-01	0	0	0
[1932, 1936]	гусев к	Q4152674	Владимир Кузьмич Гусев	P569	дата рождения	0	0	1932-04-19	0	0	0
[1948, 1955]	гусев м	Q4152679	Гусев, Владимир Михайлович	P2031	начало периода активности	0	0	1954-01-01	0	0	0
[1983, 1984]	гусев наталья	Q2588685	Наталья Гусева	P2031	начало периода активности	0	0	1983-01-01	0	0	0
[1957, 1966]	гусев николай	Q4152705	Гусев, Николай Иванович	P570	дата смерти	0	0	1962-05-06	0	0	0
[1957, 1966]	гусев николай	Q4152698	Гусев, Николай Евгениевич	P569	дата рождения	0	0	1957-05-12	0	0	0
[1993, 1997]	гусев николай	Q50543243	Николай Васильевич Гусев	P570	дата смерти	0	0	1993-06-15	0	0	0
[1957, 1966]	гусев николай	Q4152705	Гусев, Николай Иванович	P570	дата смерти	0	0	1962-05-16	0	0	0
[2000, 2002]	гусев р	Q561553	Ролан Александрович Гусев	P54	член спортивной команды	Динамо (Москва)	0	0	1997-01-01	2001-01-01	0
[2000, 2002]	гусев р	Q561553	Ролан Александрович Гусев	P54	член спортивной команды	сборная России по футболу	0	0	2000-01-01	2005-01-01	0
[1984, 1987]	гусев сергей	Q2655008	Гусев, Сергей Евгеньевич	P54	член спортивной команды	СК Одесса	0	0	1985-01-01	1987-01-01	0
[2002, 2003]	гусев сергей	Q2655008	Гусев, Сергей Евгеньевич	P54	член спортивной команды	Одесса	0	0	2002-01-01	2002-01-01	0
[1984, 1987]	гусев сергей	Q4152707	Гусев, Сергей Евтеевич	P570	дата смерти	0	0	1984-09-25	0	0	0
[1991, 1997]	гусев сергей	Q2655008	Гусев, Сергей Евгеньевич	P54	член спортивной команды	Трабзонспор	0	0	1993-01-01	1993-01-01	0
[1984, 1987]	гусев сергей	Q2655008	Гусев, Сергей Евгеньевич	P54	член спортивной команды	Черноморец	0	0	1984-01-01	1985-01-01	0
[1991, 1997]	гусев сергей	Q2655008	Гусев, Сергей Евгеньевич	P54	член спортивной команды	Тирасполь	0	0	1991-01-01	1991-01-01	0
[1991, 1997]	гусев сергей	Q2655008	Гусев, Сергей Евгеньевич	P54	член спортивной команды	сборная Украины по футболу	0	0	1992-01-01	1993-01-01	0
[1991, 1997]	гусев сергей	Q2655008	Гусев, Сергей Евгеньевич	P54	член спортивной команды	Черноморец	0	0	1990-01-01	1991-01-01	0
[1991, 1997]	гусев сергей	Q2655008	Гусев, Сергей Евгеньевич	P54	член спортивной команды	Хапоэль	0	0	1994-01-01	1996-01-01	0
[1991, 1997]	гусев сергей	Q2655008	Гусев, Сергей Евгеньевич	P54	член спортивной команды	Олимпия-2	0	0	1991-01-01	1991-01-01	0
[1991, 1997]	гусев сергей	Q2655008	Гусев, Сергей Евгеньевич	P54	член спортивной команды	Алтай (футбольный клуб)	0	0	1993-01-01	1994-01-01	0
[1985, 1988]	гусев т	Q4152717	Фёдор Тарасович Гусев	P570	дата смерти	0	0	1987-03-09	0	0	0
[1992, 1996]	гусев юрий	Q19908621	Гусев, Юрий Александрович	P570	дата смерти	0	0	1992-11-30	0	0	0
[1980, 1981]	гусейн мухтаров	Q4309007	Мухтаров, Гусейн	P570	дата смерти	0	0	1980-01-01	0	0	0
[1954, 1961]	гусейнов с	Q2640375	Сурет Давуд оглы Гусейнов	P569	дата рождения	0	0	1959-02-12	0	0	0
[1944, 1948]	густав адольф	Q57159	Густав Бауэр	P570	дата смерти	0	0	1944-09-06	0	0	0
[1944, 1948]	густав адольф	Q57159	Густав Бауэр	P570	дата смерти	0	0	1944-09-16	0	0	0
[1958, 1959]	густав вильгельм	Q3030442	Хертер, Вильгельм Густав Франц	P570	дата смерти	0	0	1958-04-17	0	0	0
[1956, 1960]	густав герц	Q57070	Густав Людвиг Герц	P166	полученные награды	медаль Гельмгольца	0	0	0	0	1959-01-01
[1956, 1960]	густав герц	Q57070	Густав Людвиг Герц	P166	полученные награды	выдающийся народный учёный	0	0	0	0	1959-01-01
[1957, 1962]	густав грюндгенс	Q61260	Грюндгенс, Густаф	P166	полученные награды	Deutscher Filmpreis	0	0	0	0	1961-01-01
[1968, 1979]	густав гусак	Q157651	Густав Гусак	P166	полученные награды	Герой ЧССР	0	0	0	0	1972-12-27
[1968, 1979]	густав гусак	Q157651	Густав Гусак	P39	занимаемая должность	генеральный секретарь ЦК КПЧ	0	0	1969-01-01	1987-01-01	0
[1968, 1979]	густав гусак	Q157651	Густав Гусак	P166	полученные награды	Герой ЧССР	0	0	0	0	1969-08-23
[1968, 1979]	густав гусак	Q157651	Густав Гусак	P39	занимаемая должность	президент Чехословакии	0	0	1975-05-29	1989-12-10	0
[1986, 1996]	густав густавович	Q1346593	Эрнесакс, Густав Густавович	P570	дата смерти	0	0	1993-01-24	0	0	0
[1925, 1928]	густав даниловский	Q5849782	Даниловский, Густав	P570	дата смерти	0	0	1927-10-21	0	0	0
[1943, 1944]	густав де	Q981212	Смет, Густав де	P570	дата смерти	0	0	1943-10-08	0	0	0
[1933, 1936]	густав иванович	Q4152887	Густов, Дмитрий Иванович	P570	дата смерти	0	0	1935-01-01	0	0	0
[1975, 1979]	густав крклец	Q1285665	Крклец, Густав	P570	дата смерти	0	0	1977-10-30	0	0	0
[1925, 1926]	густав фишер	Q1458976	Густав Фишер	P570	дата смерти	0	0	1925-07-18	0	0	0
[1965, 1966]	густав хильгер	Q216629	Хильгер, Густав	P570	дата смерти	0	0	1965-07-27	0	0	0
[1964, 1969]	густаво диас	Q315637	Диас Ордас, Густаво	P39	занимаемая должность	президент Мексики	0	0	1964-12-01	1970-11-30	0
[1964, 1969]	густаво диас	Q315637	Диас Ордас, Густаво	P166	полученные награды	орден Франсиско Морасана	0	0	0	0	1966-01-01
[1975, 1976]	густаво мачадо	Q5621437	Густаво Мачадо	P569	дата рождения	0	0	1975-05-17	0	0	0
[1958, 1967]	густаво мачадо	Q10293119	Густаво Мачадо	P569	дата рождения	0	0	1958-12-25	0	0	0
[1963, 1968]	густавович нейгауз	Q506613	Нейгауз, Генрих Густавович	P570	дата смерти	0	0	1964-10-10	0	0	0
[1974, 1978]	густавович струмилин	Q4444375	Струмилин, Станислав Густавович	P570	дата смерти	0	0	1974-01-25	0	0	0
[1970, 1971]	гусь два	Q4155568	Два весёлых гуся	P577	дата публикации	0	0	1970-01-01	0	0	0
[1977, 1981]	гусь дикий	Q64211	Дикие гуси	P577	дата публикации	0	0	1978-01-01	0	0	0
[1977, 1981]	гусь дикий	Q7774859	Дикие гуси	P577	дата публикации	0	0	1978-11-28	0	0	0
[1954, 1965]	гуськов а	Q2704999	Алексей Геннадьевич Гуськов	P569	дата рождения	0	0	1958-05-20	0	0	0
[1976, 1987]	гутнов а	Q4153032	Гутнов, Алексей Эльбрусович	P570	дата смерти	0	0	1986-07-14	0	0	0
[1935, 1939]	гучков и	Q2083549	Александр Иванович Гучков	P570	дата смерти	0	0	1936-02-14	0	0	0
[2002, 2006]	гущин александр	Q4153127	Гущин, Александр Юрьевич	P54	член спортивной команды	Текстильщик	0	0	2003-01-01	2006-01-01	0
[1993, 1996]	гущин алексей	Q4153128	Гущин, Алексей Анатольевич	P54	член спортивной команды	ЦСКА	0	0	1989-01-01	1995-01-01	0
[1964, 1968]	гущин н	Q4153141	Гущин, Николай Михайлович	P570	дата смерти	0	0	1965-09-04	0	0	0
[1965, 1966]	гущин николай	Q4153141	Гущин, Николай Михайлович	P570	дата смерти	0	0	1965-09-04	0	0	0
[1999, 2003]	гюго виктор	Q3557368	Виктор Гюго	P577	дата публикации	0	0	2001-01-01	0	0	0
[1997, 2009]	гюнтер грасс	Q6538	Гюнтер Грасс	P166	полученные награды	Курильщик года	0	0	0	0	2000-01-01
[1997, 2009]	гюнтер грасс	Q6538	Гюнтер Грасс	P166	полученные награды	премия принца Астурийского	0	0	0	0	1999-01-01
[1997, 2009]	гюнтер грасс	Q6538	Гюнтер Грасс	P166	полученные награды	премия Эрнста Толлера	0	0	0	0	2007-01-01
[1997, 2009]	гюнтер грасс	Q6538	Гюнтер Грасс	P166	полученные награды	почётный доктор	University of Lübeck	0	0	0	2003-01-01
[1997, 2009]	гюнтер грасс	Q6538	Гюнтер Грасс	P166	полученные награды	почётный доктор Свободного университета Берлина	0	0	0	0	2005-01-01
[1961, 1967]	гюнтер грасс	Q6538	Гюнтер Грасс	P166	полученные награды	почётный доктор	Кеньон-колледж	0	0	0	1965-01-01
[1961, 1967]	гюнтер грасс	Q6538	Гюнтер Грасс	P166	полученные награды	премия Георга Бюхнера	0	0	0	0	1965-01-01
[1997, 2009]	гюнтер грасс	Q6538	Гюнтер Грасс	P166	полученные награды	Нобелевская премия по литературе	0	0	0	0	1999-01-01
[1997, 2009]	гюнтер грасс	Q6538	Гюнтер Грасс	P166	полученные награды	Brückepreis	0	0	0	0	2006-01-01
