Year or Period	Bigram	#Q	Subject	#P	Predicate	Object	Organization	Just Date	Start Time	End Time	Time Point
[1991, 1993]	а давыдов	Q2397871	Давыдов, Анатолий Викторович	P54	член спортивной команды	Локомотив	0	0	1991-01-01	1991-01-01	0
[1997, 2001]	а давыдов	Q2397871	Давыдов, Анатолий Викторович	P54	член спортивной команды	Зенит	0	0	1997-01-01	1997-01-01	0
[2007, 2008]	а давыдов	Q3712307	Давыдов, Дмитрий Анатольевич	P54	член спортивной команды	Зенит-2 (футбольный клуб)	0	0	2007-01-01	2007-01-01	0
[1983, 1985]	а дементьев	Q968827	Евгений Александрович Дементьев	P569	дата рождения	0	0	1983-01-17	0	0	0
[1978, 1981]	а добровольский	Q4163630	Юрий Антонович Добровольский	P570	дата смерти	0	0	1979-04-30	0	0	0
[1989, 1995]	а дубчек	Q150543	Александр Дубчек	P570	дата смерти	0	0	1992-11-07	0	0	0
[1989, 1995]	а дубчек	Q150543	Александр Дубчек	P39	занимаемая должность	депутат Федерального Собрания Чехословакии	0	0	1989-12-28	1992-06-25	0
[1989, 1995]	а дубчек	Q150543	Александр Дубчек	P166	полученные награды	почётный доктор Мадридского университета Комплутенсе	0	0	0	0	1990-01-01
[1968, 1969]	а дубчек	Q150543	Александр Дубчек	P39	занимаемая должность	генеральный секретарь ЦК КПЧ	0	0	1968-01-05	1969-04-17	0
[1989, 1995]	а дубчек	Q150543	Александр Дубчек	P166	полученные награды	премия имени Сахарова	0	0	0	0	1989-01-01
[1988, 1996]	ад в	Q1602706	Порождение ада	P577	дата публикации	0	0	1994-01-21	0	0	0
[1988, 1996]	ад в	Q442417	Поезд в ад	P577	дата публикации	0	0	1993-01-01	0	0	0
[1991, 1993]	ад из	Q4242314	Крупье из ада	P577	дата публикации	0	0	1992-01-01	0	0	0
[1945, 1946]	ад на	Q2633981	2-я бронетанковая дивизия	P1344	участвовал в	Northwestern Europe Campaign	0	0	1944-06-01	1945-05-01	0
[1942, 1943]	ад на	Q2633981	2-я бронетанковая дивизия	P1344	участвовал в	Североафриканская кампания	0	0	1942-11-01	1943-05-01	0
[1995, 1998]	ада александровна	Q4481921	Федерольф-Шкодина, Ада Александровна	P570	дата смерти	0	0	1996-01-30	0	0	0
[1945, 1948]	ада негри	Q346250	Негри, Ада	P570	дата смерти	0	0	1945-01-11	0	0	0
[1925, 1927]	ада негри	Q346250	Негри, Ада	P1411	номинирован на	Нобелевская премия по литературе	0	0	0	0	1926-01-01
[1978, 1982]	ада николаевна	Q1711461	Роговцева, Ада Николаевна	P166	полученные награды	Национальная премия Украины имени Тараса Шевченко	0	0	0	0	1981-01-01
[1974, 1975]	адабашьян а	Q4057207	Александр Артёмович Адабашьян	P2031	начало периода активности	0	0	1974-01-01	0	0	0
[2000, 2003]	адам а	Q1971592	Баба Адаму	P54	член спортивной команды	Черноморец	0	0	2001-01-01	2001-01-01	0
[2000, 2003]	адам а	Q1971592	Баба Адаму	P54	член спортивной команды	Аль-Шабаб	0	0	1998-01-01	2000-01-01	0
[2000, 2003]	адам а	Q1971592	Баба Адаму	P54	член спортивной команды	Локомотив	0	0	2002-01-01	2002-01-01	0
[1979, 1981]	адам а	Q1971592	Баба Адаму	P569	дата рождения	0	0	1979-10-20	0	0	0
[2000, 2003]	адам а	Q1971592	Баба Адаму	P54	член спортивной команды	Ростов	0	0	2001-01-01	2002-01-01	0
[2003, 2005]	адам б	Q1971592	Баба Адаму	P54	член спортивной команды	Москва	0	0	2004-01-01	2005-01-01	0
[2003, 2005]	адам б	Q1971592	Баба Адаму	P54	член спортивной команды	Аль-Наср	0	0	2003-01-01	2004-01-01	0
[2003, 2005]	адам б	Q1971592	Баба Адаму	P54	член спортивной команды	Динамо (Минск)	0	0	2003-01-01	2003-01-01	0
[1982, 1983]	адам важик	Q327556	Адам Важик	P570	дата смерти	0	0	1982-08-13	0	0	0
[1941, 1942]	адам владиславович	Q21153770	Раковский, Адам Владиславович	P570	дата смерти	0	0	1941-06-07	0	0	0
[2007, 2009]	адам ева	Q52912471	Адам и Ева	P571	дата основания/создания/возникновения	0	0	2007-01-01	0	0	0
[1999, 2002]	адам евгеньевич	Q13028191	Супрун, Адам Евгеньевич	P570	дата смерти	0	0	1999-08-18	0	0	0
[1999, 2004]	адам загаевский	Q351222	Адам Загаевский	P166	полученные награды	премия Тумаса Транстрёмера	0	0	0	0	2000-01-01
[1971, 1972]	адам и	Q4057254	Адам и Ева	P577	дата публикации	0	0	1971-01-01	0	0	0
[1989, 1991]	адам иосифович	Q3920085	Мальдис, Адам Иосифович	P463	участник организации или клуба	Q13028774	0	0	1989-01-01	0	0
[2001, 2006]	адам иосифович	Q4185223	Залесский, Адам Иосифович	P570	дата смерти	0	0	2002-08-04	0	0	0
[1980, 1981]	адам мальдис	Q3920085	Мальдис, Адам Иосифович	P166	полученные награды	Государственная премия Белорусской ССР имени Якуба Коласа	0	0	0	0	1980-01-01
[1987, 1993]	адам мальдис	Q3920085	Мальдис, Адам Иосифович	P463	участник организации или клуба	Q13028774	0	0	1989-01-01	0	0
[1991, 1995]	адам михник	Q163714	Адам Михник	P166	полученные награды	премия « Шофар свободы»	0	0	0	0	1991-01-01
[1999, 2004]	адам михник	Q163714	Адам Михник	P166	полученные награды	премия Франсиско Сереседо	0	0	0	0	1999-01-01
[1999, 2004]	адам михник	Q163714	Адам Михник	P166	полученные награды	премия Международного института прессы «Герои свободы мировой прессы»	0	0	0	0	2000-01-01
[1999, 2004]	адам михник	Q163714	Адам Михник	P166	полученные награды	премия Эразма	0	0	0	0	2001-01-01
[1968, 1969]	адам михник	Q163714	Адам Михник	P69	учебное заведение	Варшавский университет	0	0	1964-01-01	1968-03-01	0
[1930, 1936]	адам мюллер	Q350485	Адам Мюллер	P570	дата смерти	0	0	1932-12-26	0	0	0
[1979, 1985]	адам петрович	Q4466516	Турчинский, Адам Петрович	P570	дата смерти	0	0	1979-01-29	0	0	0
[1992, 1994]	адам ребро	Q1059199	Ребро Адама	P166	полученные награды	Национальный реестр фильмов США	0	0	0	0	1992-01-01
[1989, 1997]	адам смит	Q59065	Адам Смит	P569	дата рождения	0	0	1991-04-29	0	0	0
[1983, 1987]	адам смит	Q4679808	Адам Смит	P569	дата рождения	0	0	1985-09-11	0	0	0
[1989, 1997]	адам смит	Q350916	Адам Смит	P39	занимаемая должность	прокурор	0	0	1993-01-01	1995-01-01	0
[1989, 1997]	адам смит	Q20023132	Адам Смит	P569	дата рождения	0	0	1992-11-23	0	0	0
[1989, 1997]	адам смит	Q350916	Адам Смит	P39	занимаемая должность	member of the State Senate of Washington	0	0	1991-01-03	1997-01-03	0
[1983, 1987]	адам смит	Q4679809	Адам Смит	P570	дата смерти	0	0	1985-04-08	0	0	0
[1935, 1938]	адам чарторыйский	Q2823978	Адам Людвик Чарторыйский	P570	дата смерти	0	0	1937-06-26	0	0	0
[1940, 1941]	адам чарторыйский	Q2823967	Чарторыйский, Адам Кароль	P569	дата рождения	0	0	1940-01-02	0	0	0
[1970, 1975]	адамов а	Q213582	Артюр Адамов	P570	дата смерти	0	0	1970-03-15	0	0	0
[1970, 1975]	адамов а	Q213582	Артюр Адамов	P570	дата смерти	0	0	1970-03-16	0	0	0
[2006, 2009]	адамов с	Q441417	Роман Станиславович Адамов	P54	член спортивной команды	Москва	0	0	2006-01-01	2008-01-01	0
[2006, 2009]	адамов с	Q441417	Роман Станиславович Адамов	P54	член спортивной команды	сборная России по футболу	0	0	2008-01-01	2008-01-01	0
[2006, 2009]	адамов с	Q441417	Роман Станиславович Адамов	P54	член спортивной команды	Рубин	0	0	2008-01-01	2012-01-01	0
[1992, 1998]	адамов яблоко	Q4057334	Адамово яблоко. Передача для мужчин	P582	дата окончания	0	0	1997-01-01	0	0	0
[1988, 1993]	адамович александр	Q15206311	Граховский, Александр Адамович	P570	дата смерти	0	0	1991-07-22	0	0	0
[1988, 1993]	адамович александр	Q4083842	Беннигсен, Александр Адамович	P570	дата смерти	0	0	1988-06-03	0	0	0
[1941, 1942]	адамович в	Q4057300	Адамович, Владимир Дмитриевич	P570	дата смерти	0	0	1941-01-01	0	0	0
[1967, 1973]	адамович в	Q2623542	Георгий Викторович Адамович	P570	дата смерти	0	0	1972-02-21	0	0	0
[1937, 1938]	адамович и	Q2512945	Иосиф Александрович Адамович	P570	дата смерти	0	0	1937-04-22	0	0	0
[1990, 1999]	адамович ковалев	Q545569	Сергей Адамович Ковалёв	P166	полученные награды	Нюрнбергская международная премия в области прав человека	0	0	0	0	1995-01-01
[1990, 1999]	адамович ковалев	Q545569	Сергей Адамович Ковалёв	P166	полученные награды	Theodor Haecker Price	0	0	0	0	1995-01-01
[1990, 1999]	адамович ковалев	Q545569	Сергей Адамович Ковалёв	P166	полученные награды	Медаль гёзов	0	0	0	0	1998-01-01
[1990, 1999]	адамович ковалев	Q545569	Сергей Адамович Ковалёв	P166	полученные награды	премия Хайнца Р. Пейгелса в области прав человека для учёных	0	0	0	0	1996-01-01
[1990, 1999]	адамович ковалев	Q545569	Сергей Адамович Ковалёв	P166	полученные награды	премия «Человек человеку»	0	0	0	0	1994-01-01
[1932, 1933]	адамян а	Q2624768	Ованес Абгарович Адамян	P570	дата смерти	0	0	1932-09-12	0	0	0
[1991, 1999]	адаптация группа	Q4057389	Адаптация (группа)	P571	дата основания/создания/возникновения	0	0	1992-01-01	0	0	0
[1997, 2000]	адвокат роман	Q946787	Адвокат	P577	дата публикации	0	0	1998-01-01	0	0	0
[1959, 1966]	аден протекторат	Q1865132	Протекторат Аден	P576	дата прекращения существования	0	0	1963-01-01	0	0	0
[2001, 2005]	аденома предстательный	Q506659	Аденома простаты	P2176	лекарство, используемое для лечения	Тадалафил	0	0	2003-11-20	0	0
[2001, 2005]	аденома предстательный	Q506659	Аденома простаты	P2176	лекарство, используемое для лечения	Алфузозин	0	0	2003-06-12	0	0
[1999, 2004]	адзельо чампи	Q1224	Карло Адзельо Чампи	P166	полученные награды	почётный доктор Лейпцигского университета	0	0	0	0	2001-01-01
[1999, 2004]	адзельо чампи	Q1224	Карло Адзельо Чампи	P463	участник организации или клуба	Академия делла Круска	0	0	2002-04-09	2016-09-16	0
[1999, 2004]	адзельо чампи	Q1224	Карло Адзельо Чампи	P39	занимаемая должность	президент Италии	0	0	1999-05-18	2006-05-15	0
[1999, 2004]	адзельо чампи	Q1224	Карло Адзельо Чампи	P39	занимаемая должность	Q55087428	0	0	1998-10-22	1999-12-21	0
[1999, 2004]	адзельо чампи	Q1224	Карло Адзельо Чампи	P166	полученные награды	рыцарь Большого Креста ордена Бани	0	0	0	0	2000-10-16
[1935, 1940]	адлерский район	Q4262671	Адлерский район	P131	административно-территориальная единица	Краснодарский край	0	0	1937-09-13	1961-02-09	0
[1935, 1940]	адлерский район	Q4262671	Адлерский район	P131	административно-территориальная единица	Азово-Черноморский край	0	0	1934-10-16	1937-09-12	0
[1954, 1955]	административный власть	Q1213652	Административная власть	P166	полученные награды	Премия Большого жюри (Венецианский кинофестиваль)	0	0	0	0	1954-01-01
[1954, 1955]	административный власть	Q1213652	Административная власть	P577	дата публикации	0	0	1954-01-01	0	0	0
[1987, 1999]	административный единица	Q20667921	тип административной единицы Франции	P527	состоит из	territorial collectivity of France with special status	0	0	1991-05-13	0	0
[1978, 1984]	административный единица	Q20667921	тип административной единицы Франции	P527	состоит из	регион Франции	0	0	1982-03-03	0	0
[1932, 1940]	административный здание	Q28667080	Административное здание ОГПУ	P571	дата основания/создания/возникновения	0	0	1932-01-01	0	0	0
[1957, 1969]	административный корпус	Q920292	14-й корпус Кремля	P31	это частный случай понятия	здание театра	0	0	1958-01-01	1961-01-01	0
[1945, 1951]	административный округ	Q7927	Кёльн	P131	административно-территориальная единица	Британская зона оккупации Германии	0	0	1945-01-01	1946-08-22	0
[1935, 1939]	административный округ	Q827092	административный округ Оппельн	P131	административно-территориальная единица	Силезия	0	0	1938-01-01	1941-01-01	0
[1989, 2006]	административный округ	Q462490	Северо-Западный административный округ	P571	дата основания/создания/возникновения	0	0	1991-07-10	0	0	0
[1945, 1951]	административный округ	Q1506932	Административный округ Ольденбург	P571	дата основания/создания/возникновения	0	0	1946-11-01	0	0	0
[1945, 1951]	административный округ	Q827186	административный округ Потсдам	P576	дата прекращения существования	0	0	1945-01-01	0	0	0
[1989, 2006]	административный округ	Q462400	Юго-Западный административный округ	P571	дата основания/создания/возникновения	0	0	1991-07-10	0	0	0
[1945, 1951]	административный округ	Q553008	Гумбиннен	P576	дата прекращения существования	0	0	1945-01-01	0	0	0
[1989, 2006]	административный округ	Q207695	Зеленоград	P31	это частный случай понятия	административный округ Москвы	0	0	1991-07-10	0	0
[1945, 1951]	административный округ	Q827141	административный округ Каттовиц	P576	дата прекращения существования	0	0	1945-01-01	0	0	0
[1945, 1951]	административный округ	Q314251	Административный округ Люнебург	P31	это частный случай понятия	административный округ Пруссии	0	0	1885-04-01	1947-02-25	0
[1935, 1939]	административный округ	Q827092	административный округ Оппельн	P131	административно-территориальная единица	провинция Верхняя Силезия	0	0	1919-01-01	1938-01-01	0
[1989, 2006]	административный округ	Q462475	Западный административный округ	P571	дата основания/создания/возникновения	0	0	1991-07-10	0	0	0
[1945, 1951]	административный округ	Q7924	Арнсберг	P31	это частный случай понятия	административный округ Пруссии	0	0	1815-04-30	1946-01-01	0
[1935, 1939]	административный округ	Q830245	административный округ Бреслау	P131	административно-территориальная единица	Силезия	0	0	1938-01-01	1941-01-01	0
[1935, 1939]	административный округ	Q830245	административный округ Бреслау	P131	административно-территориальная единица	Нижняя Силезия	0	0	1919-01-01	1938-01-01	0
[1945, 1951]	административный округ	Q205816	административный округ Лигниц	P576	дата прекращения существования	0	0	1945-01-01	0	0	0
[1989, 2006]	административный округ	Q307234	Восточный административный округ	P571	дата основания/создания/возникновения	0	0	1991-07-10	0	0	0
[1945, 1951]	административный округ	Q7924	Арнсберг	P131	административно-территориальная единица	Северный Рейн-Вестфалия	0	0	1946-01-01	0	0
[1945, 1951]	административный округ	Q930404	административный округ Эрфурт	P576	дата прекращения существования	0	0	1945-01-01	0	0	0
[1989, 2006]	административный округ	Q93392	Лёвен	P131	административно-территориальная единица	Фламандский Брабант	0	0	1995-01-01	0	0
[1989, 2006]	административный округ	Q93392	Лёвен	P131	административно-территориальная единица	Брабант	0	0	1830-01-01	1995-01-01	0
[1945, 1951]	административный округ	Q827092	административный округ Оппельн	P576	дата прекращения существования	0	0	1945-01-01	0	0	0
[1989, 2006]	административный округ	Q121979	Юго-Восточный административный округ	P571	дата основания/создания/возникновения	0	0	1991-07-10	0	0	0
[1945, 1951]	административный округ	Q870107	административный округ Штеттин	P576	дата прекращения существования	0	0	1945-01-01	0	0	0
[1945, 1951]	административный округ	Q819762	Земли Гогенцоллернов	P576	дата прекращения существования	0	0	1947-01-01	0	0	0
[1945, 1951]	административный округ	Q7926	Дюссельдорф	P131	административно-территориальная единица	Северный Рейн	0	0	1945-07-05	1946-08-23	0
[1945, 1951]	административный округ	Q7926	Дюссельдорф	P131	административно-территориальная единица	Рейнская провинция	0	0	1822-06-22	1945-07-05	0
[1989, 2006]	административный округ	Q462247	Северо-Восточный административный округ	P571	дата основания/создания/возникновения	0	0	1991-07-10	0	0	0
[1989, 2006]	административный округ	Q314251	Административный округ Люнебург	P31	это частный случай понятия	административный округ Нижней Саксонии	0	0	1947-02-25	2004-12-31	0
[1989, 2006]	административный округ	Q462377	Южный административный округ	P571	дата основания/создания/возникновения	0	0	1991-07-10	0	0	0
[1945, 1951]	административный округ	Q7926	Дюссельдорф	P131	административно-территориальная единица	Северный Рейн-Вестфалия	0	0	1946-08-23	0	0
[1945, 1951]	административный округ	Q826914	административный округ Франкфурт	P576	дата прекращения существования	0	0	1945-01-01	0	0	0
[1945, 1951]	административный округ	Q7923	Детмольд	P571	дата основания/создания/возникновения	0	0	1947-01-01	0	0	0
[1989, 2006]	административный округ	Q314251	Административный округ Люнебург	P131	административно-территориальная единица	Нижняя Саксония	0	0	1946-08-23	2004-12-31	0
[1945, 1951]	административный округ	Q314251	Административный округ Люнебург	P131	административно-территориальная единица	провинция Ганновер	0	0	1885-04-01	1946-08-23	0
[1945, 1951]	административный округ	Q321549	административный округ Кёслин	P576	дата прекращения существования	0	0	1945-01-01	0	0	0
[1945, 1951]	административный округ	Q897087	Административный округ Штаде	P17	государство	Германия	0	0	1946-01-01	1978-01-31	0
[1945, 1951]	административный округ	Q830245	административный округ Бреслау	P576	дата прекращения существования	0	0	1945-01-01	0	0	0
[1989, 2006]	административный округ	Q462016	Северный административный округ	P571	дата основания/создания/возникновения	0	0	1991-07-10	0	0	0
[1989, 2006]	административный округ	Q314251	Административный округ Люнебург	P576	дата прекращения существования	0	0	2004-12-31	0	0	0
[1935, 1939]	административный округ	Q205816	административный округ Лигниц	P131	административно-территориальная единица	Нижняя Силезия	0	0	1919-01-01	1938-01-01	0
[1945, 1951]	административный округ	Q7927	Кёльн	P131	административно-территориальная единица	Северный Рейн-Вестфалия	0	0	1946-08-23	0	0
[1935, 1939]	административный округ	Q205816	административный округ Лигниц	P131	административно-территориальная единица	Силезия	0	0	1938-01-01	1941-01-01	0
[1945, 1951]	административный округ	Q7927	Кёльн	P131	административно-территориальная единица	Рейнская провинция	0	0	1822-06-22	1945-01-01	0
[1945, 1951]	административный округ	Q531205	административный округ Кёнигсберг	P576	дата прекращения существования	0	0	1945-01-01	0	0	0
[1945, 1951]	административный округ	Q897087	Административный округ Штаде	P131	административно-территориальная единица	Нижняя Саксония	0	0	1946-01-01	1978-01-31	0
[1926, 1936]	административный район	Q457499	Кубинский район	P571	дата основания/создания/возникновения	0	0	1929-04-08	0	0	0
[1991, 1998]	администрация глава	Q2741486	глава администрации Гонконга	P571	дата основания/создания/возникновения	0	0	1997-07-01	0	0	0
[1991, 2000]	администрация город	Q4057839	Администрация города Кирова	P571	дата основания/создания/возникновения	0	0	1991-12-01	0	0	0
[2004, 2009]	администрация городской	Q11739162	Киевская городская государственная администрация	P488	руководитель	Омельченко, Александр Александрович	0	0	1996-08-08	2006-04-20	0
[2004, 2009]	администрация городской	Q11739162	Киевская городская государственная администрация	P488	руководитель	Леонид Михайлович Черновецкий	0	0	2006-04-20	2012-07-12	0
[1996, 1998]	администрация городской	Q11739162	Киевская городская государственная администрация	P488	руководитель	Косаковский, Леонид Григорьевич	0	0	1995-07-10	1996-07-19	0
[1994, 2001]	администрация петербург	Q1993715	Правительство Санкт-Петербурга	P571	дата основания/создания/возникновения	0	0	1996-01-01	0	0	0
[1991, 2000]	администрация президент	Q2060629	Администрация президента России	P571	дата основания/создания/возникновения	0	0	1991-07-19	0	0	0
[1991, 1997]	администрация россия	Q2060629	Администрация президента России	P571	дата основания/создания/возникновения	0	0	1991-07-19	0	0	0
[1991, 1996]	администрация сельский	Q60046734	Новосоветский сельский совет	P17	государство	Россия	0	0	1991-12-26	1998-09-24	0
[2003, 2006]	адмирал исаков	Q45319808	Медаль «Адмирал Исаков»	P571	дата основания/создания/возникновения	0	0	2004-08-27	0	0	0
[1980, 1985]	адмирал кузнецов	Q274924	Адмирал Флота Советского Союза Кузнецов	P793	ключевое событие	закладка судна	0	0	0	0	1982-04-01
[1987, 1995]	адмирал кузнецов	Q274924	Адмирал Флота Советского Союза Кузнецов	P137	обслуживающее лицо	Военно-Морской Флот Российской Федерации	0	0	1992-01-01	0	0
[1980, 1985]	адмирал кузнецов	Q274924	Адмирал Флота Советского Союза Кузнецов	P793	ключевое событие	поручение	0	0	0	0	1981-03-03
[1987, 1995]	адмирал кузнецов	Q274924	Адмирал Флота Советского Союза Кузнецов	P793	ключевое событие	ввод судна в эксплуатацию	0	0	0	0	1990-12-25
[1987, 1995]	адмирал кузнецов	Q274924	Адмирал Флота Советского Союза Кузнецов	P729	дата принятия в эксплуатацию	0	0	1990-12-25	0	0	0
[1983, 1993]	адмирал лазарев	Q945572	Адмирал Лазарев	P729	дата принятия в эксплуатацию	0	0	1984-10-31	0	0	0
[1942, 1946]	адмирал макаров	Q46159	Адмирал Макаров	P793	ключевое событие	ввод судна в эксплуатацию	0	0	0	0	1944-07-15
[1942, 1946]	адмирал макаров	Q46159	Адмирал Макаров	P793	ключевое событие	списание судна	0	0	0	0	1945-03-23
[1942, 1946]	адмирал макаров	Q46159	Адмирал Макаров	P793	ключевое событие	изменение имени	0	0	0	0	1945-03-25
[1942, 1946]	адмирал макаров	Q46159	Адмирал Макаров	P137	обслуживающее лицо	Береговая охрана США	0	0	1943-03-08	1945-03-25	0
[1942, 1946]	адмирал макаров	Q46159	Адмирал Макаров	P138	названо в честь	Степан Осипович Макаров	0	0	1945-03-25	1949-12-28	0
[1942, 1946]	адмирал макаров	Q46159	Адмирал Макаров	P793	ключевое событие	спуск судна на воду	0	0	0	0	1943-03-08
[1942, 1946]	адмирал макаров	Q46159	Адмирал Макаров	P137	обслуживающее лицо	Военно-Морской Флот СССР	0	0	1945-03-25	1949-12-28	0
[1942, 1946]	адмирал макаров	Q46159	Адмирал Макаров	P793	ключевое событие	закладка судна	0	0	0	0	1942-07-20
[1984, 1991]	адмирал нахимов	Q504292	Адмирал Нахимов (атомный крейсер)	P571	дата основания/создания/возникновения	0	0	1986-04-25	0	0	0
[1984, 1991]	адмирал нахимов	Q504292	Адмирал Нахимов (атомный крейсер)	P729	дата принятия в эксплуатацию	0	0	1988-12-30	0	0	0
[1944, 1945]	адмирал нимица	Q217645	Нимиц, Честер Уильям	P39	занимаемая должность	Верховный комиссар Подопечной территории Тихоокеанские острова	0	0	1944-06-19	1945-11-24	0
[1944, 1945]	адмирал нимица	Q217645	Нимиц, Честер Уильям	P410	воинское звание	Адмирал флота	0	0	1944-12-19	0	0
[1964, 1969]	адмирал нимица	Q217645	Нимиц, Честер Уильям	P570	дата смерти	0	0	1966-02-20	0	0	0
[1947, 1948]	адмирал нимица	Q217645	Нимиц, Честер Уильям	P39	занимаемая должность	Руководитель военно-морскими операциями	0	0	1945-12-15	1947-12-15	0
[1977, 1979]	адмирал трибуц	Q4471151	Улица Адмирала Трибуца	P138	названо в честь	Трибуц, Владимир Филиппович	0	0	1978-10-16	0	0
[1989, 1998]	адмирал ушаков	Q2573281	Киров	P138	названо в честь	Фёдор Фёдорович Ушаков	0	0	1992-01-01	0	0
[1950, 1954]	адмирал ушаков	Q4057877	Адмирал Ушаков	P577	дата публикации	0	0	1953-01-01	0	0	0
[1962, 1963]	адмирал флот	Q21824635	адмирал флота	P580	дата начала	0	0	1962-01-01	0	0	0
[1940, 1947]	адмирал флот	Q21824635	адмирал флота	P580	дата начала	0	0	1940-01-01	0	0	0
[1991, 2000]	адмирал флот	Q21824635	адмирал флота	P582	дата окончания	0	0	1992-01-01	0	0	0
[1943, 1944]	адмирал ямамото	Q152325	Исороку Ямамото	P570	дата смерти	0	0	1943-04-18	0	0	0
[1947, 1949]	адмиралтейский завод	Q4198224	Ижорский завод	P138	названо в честь	Андрей Александрович Жданов	0	0	1948-01-01	1989-01-01	0
[1989, 1993]	адмиралтейский ижорский	Q4198224	Ижорский завод	P138	названо в честь	Андрей Александрович Жданов	0	0	1948-01-01	1989-01-01	0
[1994, 2000]	адмиралтейский район	Q219746	Адмиралтейский район	P571	дата основания/создания/возникновения	0	0	1994-03-11	0	0	0
[1955, 1963]	аднан мендерес	Q238745	Аднан Мендерес	P570	дата смерти	0	0	1961-09-17	0	0	0
[1925, 1926]	адольф адольфович	Q363580	Пилар фон Пильхау, Адольф Константин Якоб	P570	дата смерти	0	0	1925-06-17	0	0	0
[2008, 2009]	адольф борисович	Q4162575	Дихтярь, Адольф Борисович	P570	дата смерти	0	0	2008-02-26	0	0	0
[1944, 1945]	адольф вагнер	Q84346	Адольф Вагнер	P570	дата смерти	0	0	1944-04-12	0	0	0
[1931, 1936]	адольф гитлер	Q352	Адольф Гитлер	P166	полученные награды	Honorary citizen of Sankt Andreasberg	0	0	0	0	1933-04-04
[1931, 1936]	адольф гитлер	Q352	Адольф Гитлер	P166	полученные награды	honorary citizenship of Goslar	Гослар	0	t	1945-04-30	0
[1931, 1936]	адольф гитлер	Q352	Адольф Гитлер	P166	полученные награды	Honorary citizenship of Trier	Трир	0	0	0	1933-01-01
[1931, 1936]	адольф гитлер	Q352	Адольф Гитлер	P166	полученные награды	Honorary citizenship of Trier	Трир	0	1933-01-01	2010-01-01	0
[1931, 1936]	адольф гитлер	Q352	Адольф Гитлер	P39	занимаемая должность	рейхсштатгальтер	Пруссия	0	1933-01-30	1945-04-30	0
[1931, 1936]	адольф гитлер	Q352	Адольф Гитлер	P39	занимаемая должность	рейхсканцлер	0	0	1933-01-30	1945-04-30	0
[1931, 1936]	адольф гитлер	Q352	Адольф Гитлер	P39	занимаемая должность	рейхспрезидент	0	0	1934-08-02	1945-04-30	0
[1995, 1996]	адольф иосифович	Q4212379	Каневский, Адольф Иосифович	P570	дата смерти	0	0	1995-05-07	0	0	0
[1967, 1968]	адольф иосифович	Q15382944	Минкин, Адольф Иосифович	P570	дата смерти	0	0	1967-01-31	0	0	0
[1942, 1943]	адольф майер	Q71538	Майер, Адольф Эдуард	P570	дата смерти	0	0	1942-12-25	0	0	0
[1993, 1997]	адольф павлович	Q363560	Юшкевич, Адольф Павлович	P570	дата смерти	0	0	1993-07-17	0	0	0
[1978, 1981]	адольф петрович	Q336037	Адольф Скулте	P166	полученные награды	народный артист СССР	0	0	0	0	1979-01-01
[1955, 1956]	адольф тайми	Q2655547	Тайми, Адольф Петрович	P570	дата смерти	0	0	1955-01-01	0	0	0
[2000, 2001]	адольф трофимович	Q4300104	Мокроносов, Адольф Трофимович	P570	дата смерти	0	0	2000-06-25	0	0	0
[1957, 1958]	адольф федорович	Q4373670	Поскотин, Адольф Фёдорович	P54	член спортивной команды	Текстильщик	0	0	1957-01-01	1958-01-01	0
[1984, 1986]	адольф фишер	Q361556	Адольф Фишер	P570	дата смерти	0	0	1984-10-21	0	0	0
[1996, 2005]	адольф фон	Q88729	Тадден, Адольф фон	P570	дата смерти	0	0	1996-07-17	0	0	0
[1996, 2005]	адольф фон	Q88729	Тадден, Адольф фон	P570	дата смерти	0	0	1996-07-16	0	0	0
[1939, 1943]	адольф фон	Q73365	Трота, Адольф фон	P570	дата смерти	0	0	1940-10-11	0	0	0
[1947, 1948]	адольф фридрих	Q72631	Панет, Фридрих Адольф	P166	полученные награды	член Лондонского королевского общества	0	0	0	0	1947-03-20
[1947, 1948]	адольф фридрих	Q72631	Панет, Фридрих Адольф	P463	участник организации или клуба	Лондонское королевское общество	0	0	1947-03-20	0	0
[1953, 1964]	адольф хойзингер	Q60337	Хойзингер, Адольф	P166	полученные награды	Большой крест со звездой и плечевой лентой ордена «За заслуги перед Федеративной Республикой Германия»	0	0	0	0	1963-01-01
[1953, 1964]	адольф хойзингер	Q60337	Хойзингер, Адольф	P39	занимаемая должность	Bundeswehr Chief of Defence	0	0	1957-06-01	1964-04-01	0
[1957, 1962]	адольф шерф	Q72898	Шерф, Адольф	P39	занимаемая должность	президент Австрии	0	0	1957-05-22	1965-02-28	0
[1957, 1962]	адольф шерф	Q72898	Шерф, Адольф	P166	полученные награды	Большой крест в специальном исполнении ордена «За заслуги перед Федеративной Республикой Германия»	0	0	0	0	1957-06-11
[1955, 1960]	адольф шмидт	Q41335356	Адольф Шмидт	P39	занимаемая должность	assistant judge	Q1655055	0	1954-01-01	1957-01-01	0
[1960, 1964]	адольф эйхман	Q28085	Эйхман, Адольф	P570	дата смерти	0	0	1962-05-31	0	0	0
[1959, 1964]	адольфо лопес	Q335533	Лопес Матеос, Адольфо	P1411	номинирован на	Нобелевская премия мира	0	0	0	0	1963-01-01
[1976, 1980]	адольфо суарес	Q214367	Адольфо Суарес	P39	занимаемая должность	председатель правительства Испании	0	0	1976-07-03	1981-02-25	0
[1976, 1980]	адольфо суарес	Q214367	Адольфо Суарес	P39	занимаемая должность	член Конгресса депутатов Испании	0	0	1977-06-29	1979-01-02	0
[1988, 1993]	адольфо суарес	Q214367	Адольфо Суарес	P39	занимаемая должность	член Конгресса депутатов Испании	0	0	1986-07-10	1989-11-21	0
[1988, 1993]	адольфо суарес	Q214367	Адольфо Суарес	P39	занимаемая должность	член Конгресса депутатов Испании	0	0	1989-11-14	1991-10-29	0
[1976, 1980]	адольфо суарес	Q214367	Адольфо Суарес	P39	занимаемая должность	член Конгресса депутатов Испании	0	0	1979-03-20	1982-08-31	0
[1976, 1980]	адольфо суарес	Q214367	Адольфо Суарес	P39	занимаемая должность	депутат франкистских кортесов	0	0	1967-01-01	1977-01-01	0
[1976, 1980]	адольфо суарес	Q214367	Адольфо Суарес	P39	занимаемая должность	министр — генеральный секретарь Испанской фаланги	0	0	1975-12-12	1976-07-06	0
[1995, 1996]	адольфович стырикович	Q4444761	Стырикович, Михаил Адольфович	P570	дата смерти	0	0	1995-10-27	0	0	0
[1966, 1973]	адорно в	Q152388	Теодор Адорно	P570	дата смерти	0	0	1969-08-06	0	0	0
[1962, 1964]	адорно в	Q152388	Теодор Адорно	P166	полученные награды	медаль Гёте города Франкфурта-на-Майне	0	0	0	0	1963-01-01
[1956, 1960]	адреногенитальный синдром	Q366868	Врождённая гиперплазия коры надпочечников	P2176	лекарство, используемое для лечения	Метилпреднизолон	0	0	1957-10-23	0	0
[1951, 1956]	адрес неизвестный	Q1403096	Адрес неизвестен	P166	полученные награды	Золотой медведь	0	0	0	0	1951-01-01
[1951, 1956]	адрес неизвестный	Q1403096	Адрес неизвестен	P577	дата публикации	0	0	1951-01-01	0	0	0
[1987, 1989]	адриан ван	Q93015	Ван Вейнгаарден, Адриан	P570	дата смерти	0	0	1987-02-07	0	0	0
[1981, 1983]	адриан ван	Q93015	Ван Вейнгаарден, Адриан	P166	полученные награды	медаль Вильгельма Экснера	0	0	0	0	1981-01-01
[1972, 1976]	адриан владимирович	Q12108391	Каплун, Адриан Владимирович	P570	дата смерти	0	0	1974-04-25	0	0	0
[2001, 2002]	адриан николаевич	Q2471269	Пуканыч, Адриан Николаевич	P54	член спортивной команды	Шахтёр-2	0	0	2001-01-01	2004-01-01	0
[1938, 1940]	адрианов в	Q4057976	Адрианов, Владимир Николаевич	P570	дата смерти	0	0	1938-08-24	0	0	0
[1957, 1961]	адрианович тихов	Q595296	Тихов, Гавриил Адрианович	P570	дата смерти	0	0	1960-01-25	0	0	0
[2004, 2009]	адронный коллайдер	Q40605	Большой адронный коллайдер	P793	ключевое событие	открытие	0	0	0	0	2008-09-10
[2004, 2009]	адронный коллайдер	Q40605	Большой адронный коллайдер	P571	дата основания/создания/возникновения	0	0	2008-10-21	0	0	0
[2004, 2009]	адронный коллайдер	Q40605	Большой адронный коллайдер	P1619	дата официального открытия	0	0	2008-10-21	0	0	0
[2004, 2009]	адронный коллайдер	Q40605	Большой адронный коллайдер	P793	ключевое событие	Внезапная потеря сверхпроводимости	0	0	0	0	2008-09-19
[2004, 2009]	адронный коллайдер	Q40605	Большой адронный коллайдер	P793	ключевое событие	инаугурация	0	0	0	0	2008-10-21
[1983, 1995]	адронный коллайдер	Q40605	Большой адронный коллайдер	P793	ключевое событие	Development approvals	0	0	0	0	1994-12-01
[2004, 2009]	адронный коллайдер	Q40605	Большой адронный коллайдер	P793	ключевое событие	строительство	0	0	2000-01-01	2008-01-01	0
[1932, 1937]	адыгейский ао	Q2478158	Адыгейская автономная область	P131	административно-территориальная единица	Азово-Черноморский край	0	0	1934-01-10	1937-09-13	0
[1932, 1937]	адыгейский ао	Q2478158	Адыгейская автономная область	P36	столица	Майкоп	0	0	1936-01-01	1991-01-01	0
[1932, 1937]	адыгейский ао	Q2478158	Адыгейская автономная область	P36	столица	Краснодар	0	0	1922-01-01	1936-01-01	0
[1988, 1994]	адыгейский асср	Q4058021	Адыгейская АССР	P571	дата основания/создания/возникновения	0	0	1990-10-05	0	0	0
[1989, 1997]	адыгейский область	Q2478158	Адыгейская автономная область	P576	дата прекращения существования	0	0	1991-07-01	0	0	0
[1989, 1997]	адыгейский область	Q2478158	Адыгейская автономная область	P36	столица	Майкоп	0	0	1936-01-01	1991-01-01	0
[1991, 1997]	адыгея республика	Q3270400	глава Республики Адыгея	P571	дата основания/создания/возникновения	0	0	1992-01-05	0	0	0
[1991, 1997]	адыгея республика	Q3734	Адыгея	P17	государство	Россия	0	0	1991-01-01	0	0
[1991, 1997]	адыгея республика	Q3734	Адыгея	P131	административно-территориальная единица	Россия	0	0	1991-12-26	0	0
[1991, 1997]	адыгея республика	Q3734	Адыгея	P571	дата основания/создания/возникновения	0	0	1991-01-01	0	0	0
[2003, 2005]	яд любовь	Q12119277	Любовь. Яд	P577	дата публикации	0	0	2004-01-01	0	0	0
[1973, 1987]	ядерный война	Q4529112	Щит-82	P582	дата окончания	0	0	1982-09-30	0	0	0
[1973, 1987]	ядерный война	Q4529112	Щит-82	P580	дата начала	0	0	1982-06-14	0	0	0
[1957, 1961]	ядерный институт	Q1063329	Институт ядерной физики СО РАН	P571	дата основания/создания/возникновения	0	0	1958-01-01	0	0	0
[1954, 1974]	ядерный физика	Q1063329	Институт ядерной физики СО РАН	P571	дата основания/создания/возникновения	0	0	1958-01-01	0	0	0
[1994, 1996]	ядовитый плющ	Q2100881	Ядовитый плющ	P577	дата публикации	0	0	1994-02-24	0	0	0
[1990, 1994]	ядреный вошь	Q4536351	Ядрёна вошь	P577	дата публикации	0	0	1990-01-01	0	0	0
