Year or Period	Bigram	#Q	Subject	#P	Predicate	Object	Organization	Just Date	Start Time	End Time	Time Point
[1991, 1997]	а баркашов	Q2630546	Александр Петрович Баркашов	P140	отношение к религии	Русская православная старообрядческая церковь	0	0	1992-01-01	0	0
[1991, 1993]	а белов	Q4082228	Юрий Белов	P570	дата смерти	0	0	1991-12-31	0	0	0
[1966, 1974]	а богданов	Q4089215	Богданов, Андрей Олегович	P569	дата рождения	0	0	1970-12-23	0	0	0
[1995, 2001]	а булатов	Q4098786	Булатов, Сергей Александрович	P54	член спортивной команды	Факел	0	0	1999-01-01	2000-01-01	0
[1995, 2001]	а булатов	Q4098786	Булатов, Сергей Александрович	P54	член спортивной команды	Балтика	0	0	1994-01-01	1997-01-01	0
[1991, 1992]	а булатов	Q4098786	Булатов, Сергей Александрович	P54	член спортивной команды	Уралец НТ	0	0	1991-01-01	1991-01-01	0
[1995, 2001]	а булатов	Q4098786	Булатов, Сергей Александрович	P54	член спортивной команды	Крылья Советов	0	0	1997-01-01	1998-01-01	0
[1991, 1992]	а булатов	Q4098786	Булатов, Сергей Александрович	P54	член спортивной команды	Урал	0	0	1991-01-01	1992-01-01	0
[1994, 1999]	а быков	Q4100962	Надежда Быкова	P570	дата смерти	0	0	1997-01-01	0	0	0
[2000, 2002]	абаев в	Q2019660	Василий Иванович Абаев	P570	дата смерти	0	0	2001-03-12	0	0	0
[1999, 2003]	абаев и	Q2019660	Василий Иванович Абаев	P570	дата смерти	0	0	2001-03-12	0	0	0
[1993, 1999]	абазов р	Q4054222	Руслан Асланович Абазов	P569	дата рождения	0	0	1993-05-25	0	0	0
[1970, 1981]	абаканский вагоностроительный	Q4054241	Абаканвагонмаш	P571	дата основания/создания/возникновения	0	0	1977-01-01	0	0	0
[1992, 1993]	абаканский острог	Q875	Абакан	P131	административно-территориальная единица	Хакасская автономная область	0	0	1930-10-20	1992-05-15	0
[1992, 1993]	абаканский острог	Q875	Абакан	P131	административно-территориальная единица	Хакасия	0	0	1992-05-16	0	0
[1992, 1998]	абаканский педагогический	Q1059283	Хакасский государственный университет	P571	дата основания/создания/возникновения	0	0	1994-01-01	0	0	0
[1953, 1954]	абакумов е	Q4054278	Абакумов, Егор Трофимович	P570	дата смерти	0	0	1953-10-30	0	0	0
[1931, 1933]	абастуманский обсерватория	Q2426436	Абастуманская астрофизическая обсерватория	P571	дата основания/создания/возникновения	0	0	1932-02-08	0	0	0
[1965, 1977]	абашидзе и	Q2622599	Давид Иванович Абашидзе	P166	полученные награды	Заслуженный артист Грузии	0	0	0	0	1967-01-01
[1954, 1958]	абашидзе и	Q2622599	Давид Иванович Абашидзе	P2031	начало периода активности	0	0	1954-01-01	0	0	0
[1938, 1941]	абашидзе и	Q438430	Аслан Ибрагимович Абашидзе	P569	дата рождения	0	0	1938-07-20	0	0	0
[1989, 1990]	абба евсеевич	Q4132071	Гайсинович, Абба Евсеевич	P570	дата смерти	0	0	1989-07-30	0	0	0
[1966, 1971]	абба эбан	Q305776	Эвен, Абба	P39	занимаемая должность	депутат кнессета	0	0	1965-11-22	1968-01-23	0
[1966, 1971]	абба эбан	Q305776	Эвен, Абба	P39	занимаемая должность	депутат кнессета	0	0	1969-01-28	1969-11-17	0
[1966, 1971]	абба эбан	Q305776	Эвен, Абба	P39	занимаемая должность	депутат кнессета	0	0	1969-11-17	1974-01-21	0
[1966, 1971]	абба эбан	Q305776	Эвен, Абба	P39	занимаемая должность	депутат кнессета	0	0	1968-01-23	1969-01-28	0
[2000, 2005]	абба эбан	Q305776	Эвен, Абба	P166	полученные награды	Премия Израиля	0	0	0	0	2001-01-01
[1966, 1971]	абба эбан	Q305776	Эвен, Абба	P39	занимаемая должность	министр иностранных дел Израиля	0	0	1966-01-13	1974-06-02	0
[2000, 2005]	абба эбан	Q305776	Эвен, Абба	P570	дата смерти	0	0	2002-11-17	0	0	0
[1966, 1971]	абба эбан	Q305776	Эвен, Абба	P39	занимаемая должность	заместитель премьер-министра Израиля	0	0	1963-06-26	1966-01-12	0
[2000, 2002]	абба эвен	Q305776	Эвен, Абба	P166	полученные награды	Премия Израиля	0	0	0	0	2001-01-01
[1970, 1971]	аббаз дабылов	Q4153536	Дабылов, Аббаз	P570	дата смерти	0	0	1970-01-01	0	0	0
[1971, 1975]	аббас али	Q305860	Халатбари, Аббас-Али	P39	занимаемая должность	Список министров иностранных дел Ирана	0	0	1973-01-14	1978-01-14	0
[2004, 2007]	аббас али	Q956267	Аббас, Али	P54	член спортивной команды	Аль-Кува	0	0	2006-01-01	2007-01-01	0
[2004, 2007]	аббас али	Q956267	Аббас, Али	P54	член спортивной команды	Аль-Талаба	0	0	2005-01-01	2006-01-01	0
[2003, 2008]	аббас махмуд	Q127998	Махмуд Аббас	P39	занимаемая должность	президент Государства Палестина	0	0	2005-05-08	0	0
[2003, 2008]	аббас махмуд	Q127998	Махмуд Аббас	P39	занимаемая должность	председатель Палестинской национальной администрации	0	0	2005-01-15	2013-01-03	0
[2003, 2008]	аббас махмуд	Q127998	Махмуд Аббас	P39	занимаемая должность	председатель Организации освобождения Палестины	0	0	2004-10-29	0	0
[2003, 2008]	аббас махмуд	Q127998	Махмуд Аббас	P39	занимаемая должность	Список премьер-министров Палестинской национальной администрации	0	0	2003-03-19	2003-09-06	0
[2003, 2008]	аббас махмуд	Q127998	Махмуд Аббас	P39	занимаемая должность	председатель Палестинской национальной администрации	0	0	2005-01-15	0	0
[1928, 1929]	аббас мирза	Q2025796	Шарифзаде, Аббас-Мирза Абдул-Расул оглы	P166	полученные награды	Заслуженный артист Азербайджанской ССР	0	0	0	0	1928-01-01
[1967, 1971]	аббас ходж	Q559774	Ходжа Ахмад Аббас	P166	полученные награды	Падма Шри за заслуги в искусстве	0	0	0	0	1969-01-01
[1955, 1959]	аббасов а	Q4054390	Абдулихат Умарович Аббасов	P410	воинское звание	капитан-лейтенант	0	0	1958-12-30	0	0
[1962, 1975]	аббасов а	Q4054390	Абдулихат Умарович Аббасов	P410	воинское звание	капитан 3-го ранга	0	0	1962-02-12	0	0
[1962, 1975]	аббасов а	Q4054390	Абдулихат Умарович Аббасов	P410	воинское звание	капитан 1-го ранга	0	0	1969-05-07	0	0
[1983, 1987]	аббасов а	Q4054390	Абдулихат Умарович Аббасов	P410	воинское звание	контр-адмирал	0	0	1983-02-22	0	0
[1962, 1975]	аббасов а	Q4054390	Абдулихат Умарович Аббасов	P410	воинское звание	капитан 2-го ранга	0	0	1965-03-09	0	0
[1955, 1959]	аббасов а	Q4054390	Абдулихат Умарович Аббасов	P410	воинское звание	старший лейтенант	0	0	1956-12-28	0	0
[1987, 1991]	аббат грегуар	Q561218	Грегуар, Анри	P119	место погребения	Пантеон	0	0	1989-12-12	0	0
[1986, 1993]	аббат пьер	Q306933	Аббат Пьер	P166	полученные награды	премия Бальцана	0	0	0	0	1991-01-01
[2004, 2008]	аббат пьер	Q306933	Аббат Пьер	P570	дата смерти	0	0	2007-01-22	0	0	0
[1978, 1981]	аббатство св	Q1766069	Аббатство Святой Женевьевы	P1435	статус наследия	исторический памятник зарегистрированный	0	0	1978-06-29	0	0
[1983, 1984]	аббатство святой	Q1774129	Сен-Савен-сюр-Гартамп	P1435	статус наследия	всемирное наследие	0	0	1983-01-01	0	0
[1934, 1935]	абгарович орбеть	Q1971417	Леон Орбели	P1411	номинирован на	Нобелевская премия по физиологии и медицине	0	0	0	0	1934-01-01
[1956, 1961]	абгарович орбеть	Q1971417	Леон Орбели	P570	дата смерти	0	0	1958-12-09	0	0	0
[1991, 1996]	абгарянин к	Q4054427	Карлен Арамович Абгарян	P570	дата смерти	0	0	1995-02-04	0	0	0
[1964, 1966]	абдаллах ибн	Q2029666	Сеид Джамшид ибн Абдулла	P39	занимаемая должность	Sultan of Zanzibar	0	0	1963-07-01	1964-01-12	0
[1986, 1989]	абдель азиз	Q2535190	Абдель Азиз Будербала	P54	член спортивной команды	Сьон	0	0	1984-01-01	1988-01-01	0
[1974, 1978]	абдель азиз	Q2535190	Абдель Азиз Будербала	P54	член спортивной команды	Видад	0	0	1977-01-01	1984-01-01	0
[2000, 2004]	абдель азиз	Q57308	Абдель Азиз Бутефлика	P39	занимаемая должность	председатель Организации африканского единства	0	0	1999-07-12	2000-07-10	0
[1986, 1989]	абдель азиз	Q2535190	Абдель Азиз Будербала	P54	член спортивной команды	Расинг	0	0	1988-01-01	1990-01-01	0
[1961, 1965]	абдель азиз	Q57308	Абдель Азиз Бутефлика	P39	занимаемая должность	Minister of Foreign Affairs of Algeria	0	0	1963-01-01	1979-01-01	0
[1999, 2005]	абдель кадер	Q307338	Баджамаль, Абдель Кадер	P39	занимаемая должность	Minister of Foreign Affairs of Yemen	0	0	1998-01-01	2001-01-01	0
[1999, 2005]	абдель кадер	Q307338	Баджамаль, Абдель Кадер	P39	занимаемая должность	Список премьер-министров Йемена	0	0	2001-03-31	2007-04-07	0
[1958, 1962]	абдель керим	Q299732	Касем, Абдель Керим	P39	занимаемая должность	премьер-министр Ирака	0	0	1958-07-14	1963-02-08	0
[1986, 1989]	абдель маджид	Q307283	Каабар, Абдель Маджид	P570	дата смерти	0	0	1986-01-01	0	0	0
[1970, 1971]	абдель насер	Q39524	Гамаль Абдель Насер	P570	дата смерти	0	0	1970-09-28	0	0	0
[1964, 1965]	абдель насер	Q39524	Гамаль Абдель Насер	P39	занимаемая должность	председатель Организации африканского единства	0	0	1964-07-17	1965-10-21	0
[1970, 1971]	абдель насер	Q39524	Гамаль Абдель Насер	P39	занимаемая должность	президент Египта	0	0	1956-06-23	1970-09-28	0
[1970, 1971]	абдель насер	Q39524	Гамаль Абдель Насер	P39	занимаемая должность	генеральный секретарь Движения неприсоединения	0	0	1964-10-05	1970-09-08	0
[1970, 1971]	абдель насер	Q39524	Гамаль Абдель Насер	P39	занимаемая должность	премьер-министр Египта	0	0	1967-06-19	1970-09-28	0
[1963, 1969]	абдель рахман	Q317420	Абдель Рахман Арьяни	P39	занимаемая должность	президент Йеменской Арабской Республики	0	0	1967-11-05	1974-06-13	0
[1963, 1969]	абдель рахман	Q307393	Абдель Рахман Ареф	P39	занимаемая должность	премьер-министр Ирака	0	0	1967-05-10	1967-07-10	0
[1963, 1969]	абдель рахман	Q307393	Абдель Рахман Ареф	P39	занимаемая должность	президент Ирака	0	0	1966-04-16	1968-07-17	0
[1963, 1969]	абдель рахман	Q307393	Абдель Рахман Ареф	P39	занимаемая должность	премьер-министр Ирака	0	0	1967-05-10	1968-07-10	0
[1964, 1968]	абдель салям	Q307494	Абдул Салам Ареф	P39	занимаемая должность	президент Ирака	0	0	1963-02-08	1966-04-13	0
[1964, 1968]	абдель салям	Q307494	Абдул Салам Ареф	P570	дата смерти	0	0	1966-04-13	0	0	0
[1970, 1980]	абдель фаттах	Q307211	Исмаил, Абдель Фаттах	P39	занимаемая должность	President of South Yemen	0	0	1970-01-01	1980-04-21	0
[1986, 1988]	абдель фаттах	Q307211	Исмаил, Абдель Фаттах	P570	дата смерти	0	0	1986-01-13	0	0	0
[1967, 1968]	абдель хаким	Q307226	Абдель Хаким Амер	P570	дата смерти	0	0	1967-09-14	0	0	0
[1999, 2004]	абдельазиз бутефлик	Q57308	Абдель Азиз Бутефлика	P39	занимаемая должность	президент Алжира	0	0	1999-04-27	2019-04-02	0
[1999, 2004]	абдельазиз бутефлик	Q57308	Абдель Азиз Бутефлика	P39	занимаемая должность	председатель Организации африканского единства	0	0	1999-07-12	2000-07-10	0
[1983, 1988]	абди ипекчи	Q308162	Абди Ипекчи Арена	P1619	дата официального открытия	0	0	1986-01-01	0	0	0
[1995, 1999]	абдильд тажибай	Q4449728	Тажибаев, Абдильда	P570	дата смерти	0	0	1998-01-01	0	0	0
[1986, 1987]	абду диуф	Q219728	Диуф, Абду	P39	занимаемая должность	председатель Организации африканского единства	0	0	1985-07-18	1986-07-28	0
[1980, 1981]	абду диуф	Q219728	Диуф, Абду	P39	занимаемая должность	Prime Minister of Senegal	0	0	1970-02-26	1980-12-31	0
[1998, 2000]	абдул ахад	Q4665255	Абдул Ахад Карзай	P570	дата смерти	0	0	1999-07-14	0	0	0
[1971, 1972]	абдул джаббар	Q179051	Карим Абдул-Джаббар	P166	полученные награды	Самый ценный игрок НБА	0	0	0	0	1971-01-01
[1971, 1972]	абдул джаббар	Q179051	Карим Абдул-Джаббар	P166	полученные награды	Сборная всех звёзд НБА	0	0	0	0	1971-01-01
[1971, 1972]	абдул джаббар	Q179051	Карим Абдул-Джаббар	P166	полученные награды	Самый ценный игрок финала НБА	0	0	0	0	1971-01-01
[1999, 2005]	абдул кадир	Q310773	Абдул Кадыр Хан	P166	полученные награды	Орден «Нишан-е-Имтияз»	0	0	0	0	1999-03-23
[2000, 2006]	абдул калам	Q9513	Абдул Калам	P39	занимаемая должность	президент Индии	0	0	2002-07-25	2007-07-25	0
[1981, 1986]	абдул карим	Q179051	Карим Абдул-Джаббар	P166	полученные награды	Самый ценный игрок финала НБА	0	0	0	0	1985-01-01
[1976, 1977]	абдул карим	Q179051	Карим Абдул-Джаббар	P166	полученные награды	Сборная всех звёзд НБА	0	0	0	0	1976-01-01
[1976, 1977]	абдул карим	Q179051	Карим Абдул-Джаббар	P166	полученные награды	Самый ценный игрок НБА	0	0	0	0	1976-01-01
[1973, 1974]	абдул карим	Q179051	Карим Абдул-Джаббар	P166	полученные награды	Сборная всех звёзд НБА	0	0	0	0	1973-01-01
[1981, 1986]	абдул карим	Q179051	Карим Абдул-Джаббар	P166	полученные награды	Спортсмен года по версии Sports Illustrated	0	0	0	0	1985-01-01
[1973, 1974]	абдул карим	Q4665465	Абдул Карим	P570	дата смерти	0	0	1973-12-22	0	0	0
[1981, 1986]	абдул карим	Q179051	Карим Абдул-Джаббар	P166	полученные награды	Сборная всех звёзд защиты НБА	0	0	0	0	1981-01-01
[1981, 1986]	абдул карим	Q179051	Карим Абдул-Джаббар	P166	полученные награды	Сборная всех звёзд НБА	0	0	0	0	1984-01-01
[1981, 1986]	абдул карим	Q179051	Карим Абдул-Джаббар	P1830	владеет	музыкальный альбом	0	0	0	0	1983-01-01
[1981, 1986]	абдул карим	Q179051	Карим Абдул-Джаббар	P166	полученные награды	Сборная всех звёзд НБА	0	0	0	0	1981-01-01
[1961, 1967]	абдул керим	Q299732	Касем, Абдель Керим	P570	дата смерти	0	0	1963-02-09	0	0	0
[1961, 1967]	абдул керим	Q299732	Касем, Абдель Керим	P39	занимаемая должность	премьер-министр Ирака	0	0	1958-07-14	1963-02-08	0
[1960, 1962]	абдул малик	Q4288752	Межидов, Абдул-Малик Хасмагомедович	P569	дата рождения	0	0	1961-02-13	0	0	0
[1956, 1961]	абдул муис	Q1401053	Муис, Абдул	P570	дата смерти	0	0	1959-06-17	0	0	0
[1989, 1991]	абдул рахим	Q4495350	Хан, Абдул Рахим	P570	дата смерти	0	0	1990-02-28	0	0	0
[1956, 1960]	абдул рахман	Q4665623	Абдул Рахман	P569	дата рождения	0	0	1959-05-28	0	0	0
[1962, 1966]	абдул рахман	Q317395	Рахман, Абдул (Джоэль)	P569	дата рождения	0	0	1965-01-01	0	0	0
[1956, 1960]	абдул рахман	Q296317	Абдул Рахман	P39	занимаемая должность	премьер-министров Малайзии	0	0	1955-08-01	1957-08-31	0
[1980, 1984]	абдул рахман	Q296317	Абдул Рахман	P166	полученные награды	Международная премия короля Фейсала за служение исламу	0	0	0	0	1983-01-01
[1956, 1960]	абдул рахман	Q296317	Абдул Рахман	P39	занимаемая должность	премьер-министров Малайзии	0	0	1957-08-31	1970-09-22	0
[1980, 1984]	абдул рахман	Q4182465	Забихи, Абдул Рахман	P570	дата смерти	0	0	1980-01-01	0	0	0
[2001, 2003]	абдул рахман	Q224534	Абдул Рахман	P570	дата смерти	0	0	2002-02-14	0	0	0
[1956, 1960]	абдул рахман	Q296317	Абдул Рахман	P39	занимаемая должность	министр иностранных дел Малайзии	0	0	1957-08-31	1959-02-02	0
[1960, 1962]	абдул хак	Q2993002	Хак, Абдул	P570	дата смерти	0	0	1961-08-16	0	0	0
[1993, 1998]	абдул хаким	Q273256	Оладжьювон, Хаким	P166	полученные награды	Сборная всех звёзд НБА	0	0	0	0	1993-01-01
[1993, 1998]	абдул хаким	Q273256	Оладжьювон, Хаким	P166	полученные награды	Сборная всех звёзд НБА	0	0	0	0	1996-01-01
[1993, 1998]	абдул хаким	Q273256	Оладжьювон, Хаким	P166	полученные награды	Сборная всех звёзд защиты НБА	0	0	0	0	1996-01-01
[1993, 1998]	абдул хаким	Q273256	Оладжьювон, Хаким	P166	полученные награды	Сборная всех звёзд защиты НБА	0	0	0	0	1997-01-01
[1993, 1998]	абдул хаким	Q273256	Оладжьювон, Хаким	P166	полученные награды	Сборная всех звёзд НБА	0	0	0	0	1997-01-01
[1993, 1998]	абдул хаким	Q273256	Оладжьювон, Хаким	P166	полученные награды	Самый ценный игрок НБА	0	0	0	0	1994-01-01
[1993, 1998]	абдул хаким	Q273256	Оладжьювон, Хаким	P166	полученные награды	Самый ценный игрок финала НБА	0	0	0	0	1994-01-01
[1993, 1998]	абдул хаким	Q273256	Оладжьювон, Хаким	P166	полученные награды	Сборная всех звёзд защиты НБА	0	0	0	0	1993-01-01
[1993, 1998]	абдул хаким	Q273256	Оладжьювон, Хаким	P166	полученные награды	Сборная всех звёзд защиты НБА	0	0	0	0	1994-01-01
[1993, 1998]	абдул хаким	Q273256	Оладжьювон, Хаким	P166	полученные награды	Сборная всех звёзд НБА	0	0	0	0	1995-01-01
[1993, 1998]	абдул хаким	Q273256	Оладжьювон, Хаким	P166	полученные награды	Сборная всех звёзд НБА	0	0	0	0	1994-01-01
[1982, 1984]	абдул хаким	Q273256	Оладжьювон, Хаким	P166	полученные награды	Самый выдающийся игрок баскетбольного турнира NCAA	0	0	0	0	1983-01-01
[1993, 1998]	абдул хаким	Q273256	Оладжьювон, Хаким	P166	полученные награды	Лучший оборонительный игрок НБА	0	0	0	0	1994-01-01
[1993, 1998]	абдул хаким	Q273256	Оладжьювон, Хаким	P166	полученные награды	Best NBA Player ESPY Award	0	0	0	0	1995-01-01
[1986, 1987]	абдул хаким	Q273256	Оладжьювон, Хаким	P166	полученные награды	Сборная всех звёзд НБА	0	0	0	0	1986-01-01
[1993, 1998]	абдул хаким	Q273256	Оладжьювон, Хаким	P166	полученные награды	Лучший оборонительный игрок НБА	0	0	0	0	1993-01-01
[1993, 1998]	абдул хаким	Q273256	Оладжьювон, Хаким	P166	полученные награды	Самый ценный игрок финала НБА	0	0	0	0	1995-01-01
[1993, 1998]	абдул хаким	Q273256	Оладжьювон, Хаким	P166	полученные награды	Best NBA Player ESPY Award	0	0	0	0	1996-01-01
[1986, 1988]	абдул халим	Q2978474	Халим, Абдул	P570	дата смерти	0	0	1987-06-07	0	0	0
[1938, 1942]	абдул хамид	Q4054452	Абдельхамид Шараф	P569	дата рождения	0	0	1939-07-08	0	0	0
[2002, 2006]	абдулла ii	Q57464	Абдалла II	P166	полученные награды	Большой крест в специальном исполнении ордена «За заслуги перед Федеративной Республикой Германия»	0	0	0	0	2002-10-21
[2003, 2005]	абдулла ахмад	Q272588	Абдулла Ахмад Бадави	P39	занимаемая должность	заместитель премьер-министра Малайзии	0	0	1999-01-29	2003-10-31	0
[2003, 2005]	абдулла ахмад	Q272588	Абдулла Ахмад Бадави	P39	занимаемая должность	премьер-министров Малайзии	0	0	2003-10-31	2009-04-03	0
[2003, 2005]	абдулла ахмад	Q272588	Абдулла Ахмад Бадави	P39	занимаемая должность	генеральный секретарь Движения неприсоединения	0	0	2003-10-31	2006-09-15	0
[2002, 2009]	абдулла гюль	Q42852	Абдулла Гюль	P39	занимаемая должность	премьер-министр Турции	0	0	2002-11-18	2003-03-14	0
[2002, 2009]	абдулла гюль	Q42852	Абдулла Гюль	P39	занимаемая должность	член Великого национального собрания Турции	0	0	1991-01-01	2007-01-01	0
[2002, 2009]	абдулла гюль	Q42852	Абдулла Гюль	P39	занимаемая должность	вице-премьер-министр Турции	0	0	2003-03-28	2007-08-28	0
[2002, 2009]	абдулла гюль	Q42852	Абдулла Гюль	P39	занимаемая должность	президент Турции	0	0	2007-08-28	2014-08-28	0
[1958, 1960]	абдулла шаиг	Q2478889	Абдулла Шаиг	P570	дата смерти	0	0	1959-07-24	0	0	0
[1957, 1961]	абдулла шаик	Q2478889	Абдулла Шаиг	P570	дата смерти	0	0	1959-07-24	0	0	0
[1953, 1974]	абдуллаев м	Q1703628	Хабиб Мухаммедович Абдуллаев	P570	дата смерти	0	0	1962-06-20	0	0	0
[1956, 1961]	абдуллаев ш	Q4054578	Абдуллаев, Шамшад Маджитович	P569	дата рождения	0	0	1957-11-01	0	0	0
[2001, 2009]	абдуллах гюль	Q42852	Абдулла Гюль	P39	занимаемая должность	вице-премьер-министр Турции	0	0	2003-03-28	2007-08-28	0
[2001, 2009]	абдуллах гюль	Q42852	Абдулла Гюль	P39	занимаемая должность	премьер-министр Турции	0	0	2002-11-18	2003-03-14	0
[2001, 2009]	абдуллах гюль	Q42852	Абдулла Гюль	P39	занимаемая должность	президент Турции	0	0	2007-08-28	2014-08-28	0
[2001, 2009]	абдуллах гюль	Q42852	Абдулла Гюль	P39	занимаемая должность	член Великого национального собрания Турции	0	0	1991-01-01	2007-01-01	0
[2000, 2008]	абдуллахи ахмед	Q215585	Абдуллахи Юсуф Ахмед	P39	занимаемая должность	президент Сомали	0	0	2004-10-14	2008-12-29	0
[1969, 1973]	абдуллин и	Q4054591	Мансур Идиатович Абдуллин	P166	полученные награды	Отличник народного просвещения РСФСР	0	0	0	0	1970-01-01
[1977, 1986]	абдуллин и	Q4054591	Мансур Идиатович Абдуллин	P166	полученные награды	орден Отечественной войны I степени	0	0	0	0	1985-04-06
[1988, 1989]	абдуллин м	Q4054599	Абдуллин, Ришат Мукимович	P570	дата смерти	0	0	1988-11-12	0	0	0
[1989, 1992]	абдулович искандер	Q181573	Фазиль Абдулович Искандер	P166	полученные награды	Государственная премия СССР	0	0	0	0	1989-01-01
[1998, 2002]	абдуррахман вахид	Q76167	Абдуррахман Вахид	P39	занимаемая должность	президент Индонезии	0	0	1999-10-20	2001-07-23	0
[1971, 1976]	абдус сало	Q28189	Абдус Салам	P166	полученные награды	премия памяти Роберта Оппенгеймера	0	0	0	0	1971-01-01
[1980, 1984]	абдус сало	Q28189	Абдус Салам	P166	полученные награды	Большая золотая медаль имени М. В. Ломоносова	0	0	0	0	1983-01-01
[1996, 1999]	абдус сало	Q28189	Абдус Салам	P570	дата смерти	0	0	1996-11-21	0	0	0
[1986, 1987]	абдус сало	Q28189	Абдус Салам	P166	полученные награды	honorary doctor of the University of Science and Technology of China	0	0	0	0	1986-01-01
[1980, 1984]	абдус сало	Q28189	Абдус Салам	P166	полученные награды	Бейкеровская лекция	0	0	0	0	1980-01-01
[1961, 1963]	абдус сало	Q28189	Абдус Салам	P166	полученные награды	медаль и премия Максвелла	0	0	0	0	1962-01-01
[1980, 1984]	абдус сало	Q28189	Абдус Салам	P166	полученные награды	почётный доктор Мадридского университета Комплутенсе	0	0	0	0	1983-01-01
[1957, 1958]	абдусалом дехотеть	Q15686067	Дехоти, Абдусалом Пирмухаммад-заде	P166	полученные награды	орден Трудового Красного Знамени	0	0	0	0	1957-01-01
[1960, 1961]	абеба бикила	Q52596	Абебе Бикила	P1000	рекорд	мировой рекорд в марафоне	0	0	1960-09-10	1963-02-17	0
[1963, 1968]	абейд карум	Q318310	Абейд Амани Каруме	P39	занимаемая должность	президент Занзибара	0	0	1964-01-12	1972-04-07	0
[1963, 1968]	абейд карум	Q318310	Абейд Амани Каруме	P39	занимаемая должность	вице-президент Танзании	0	0	1964-01-01	1972-01-01	0
[1944, 1949]	абель о	Q78571	Отенио Абель	P570	дата смерти	0	0	1946-07-04	0	0	0
[2005, 2007]	абинский район	Q4326524	Новый	P131	административно-территориальная единица	Холмское сельское поселение	0	0	2006-01-01	0	0
[2005, 2007]	абинский район	Q4237377	Кравченко	P131	административно-территориальная единица	Холмское сельское поселение	0	0	2006-01-01	0	0
[2005, 2007]	абинский район	Q4349322	Первомайский	P131	административно-территориальная единица	Холмское сельское поселение	0	0	2006-01-01	0	0
[2000, 2007]	абишевич назарбаев	Q57394	Нурсултан Абишевич Назарбаев	P166	полученные награды	honorary doctor of the Peking University	0	0	0	0	2002-01-01
[1989, 1991]	абишевич назарбаев	Q57394	Нурсултан Абишевич Назарбаев	P39	занимаемая должность	Премьер-министр Казахстана	0	0	1984-03-22	1989-07-27	0
[2001, 2005]	абрам акимович	Q4141241	Гозенпуд, Абрам Акимович	P570	дата смерти	0	0	2004-06-02	0	0	0
[1993, 1998]	абрам аронович	Q4443008	Столяр, Абрам Аронович	P570	дата смерти	0	0	1993-05-06	0	0	0
[1980, 1983]	абрам борисович	Q4150965	Грушко, Абрам Борисович	P570	дата смерти	0	0	1980-03-15	0	0	0
[1992, 1998]	абрам борисович	Q16656713	Кабаков, Абрам Борисович	P570	дата смерти	0	0	1993-01-01	0	0	0
[1992, 1998]	абрам борисович	Q4371313	Поляк, Абрам Борисович	P570	дата смерти	0	0	1996-01-01	0	0	0
[1989, 1990]	абрам борисович	Q4134871	Абрам Борисович Гейро	P570	дата смерти	0	0	1989-06-08	0	0	0
[1964, 1968]	абрам борисович	Q20251189	Шапиро, Абрам Борисович	P570	дата смерти	0	0	1966-07-25	0	0	0
[1981, 1983]	абрам григорьевич	Q4241405	Кричевский, Абрам Григорьевич	P570	дата смерти	0	0	1982-01-08	0	0	0
[1924, 1928]	абрам григорьевич	Q4390137	Раскин, Абрам Григорьевич	P569	дата рождения	0	0	1924-01-22	0	0	0
[1924, 1928]	абрам григорьевич	Q4171252	Духан, Абрам Григорьевич	P569	дата рождения	0	0	1924-03-06	0	0	0
[1974, 1979]	абрам григорьевич	Q24018197	Танкилевич, Абрам Григорьевич	P570	дата смерти	0	0	1975-01-01	0	0	0
[1977, 1980]	абрам давыдович	Q4259245	Лерман, Абрам Давыдович	P570	дата смерти	0	0	1979-04-01	0	0	0
[1992, 1996]	абрам зиновьевич	Q4128304	Вулис, Абрам Зиновьевич	P570	дата смерти	0	0	1993-01-01	0	0	0
[1972, 1977]	абрам ильич	Q4254230	Лапиров, Абрам Ильич	P570	дата смерти	0	0	1975-01-01	0	0	0
[1987, 1991]	абрам ильич	Q4111479	Винберг, Абрам Ильич	P570	дата смерти	0	0	1989-01-01	0	0	0
[1943, 1945]	абрам исаакович	Q2916052	Рабинович, Абрам Исаакович	P570	дата смерти	0	0	1943-11-07	0	0	0
[1988, 1993]	абрам исаакович	Q4154438	Дамский, Абрам Исаакович	P570	дата смерти	0	0	1988-01-01	0	0	0
[1943, 1945]	абрам исаакович	Q18278510	Тарнопольский, Абрам Исаакович	P570	дата смерти	0	0	1944-07-27	0	0	0
[1937, 1940]	абрам лазаревич	Q4138294	Гилинский, Абрам Лазаревич	P570	дата смерти	0	0	1939-02-26	0	0	0
[1982, 1983]	абрам львович	Q4492602	Фрейдин, Абрам Львович	P570	дата смерти	0	0	1982-12-03	0	0	0
[2004, 2008]	абрам львович	Q4526770	Абрам Львович Штейн	P570	дата смерти	0	0	2004-12-20	0	0	0
[1948, 1950]	абрам михайлович	Q2062937	Луфер, Абрам Михайлович	P570	дата смерти	0	0	1948-07-13	0	0	0
[1953, 1958]	абрам михайлович	Q1987911	Драгомиров, Абрам Михайлович	P570	дата смерти	0	0	1955-12-09	0	0	0
[1962, 1964]	абрам моисеевич	Q4187886	Заславский, Абрам Моисеевич	P570	дата смерти	0	0	1962-01-01	0	0	0
[1962, 1964]	абрам моисеевич	Q129126	Деборин, Абрам Моисеевич	P570	дата смерти	0	0	1963-03-08	0	0	0
[1992, 1998]	абрам наумович	Q21098922	Зеликман, Абрам Наумович	P570	дата смерти	0	0	1993-06-18	0	0	0
[1973, 1977]	абрам роом	Q2271997	Роом, Абрам Матвеевич	P570	дата смерти	0	0	1976-07-26	0	0	0
[1973, 1975]	абрам рувимович	Q29360092	Лубанов, Абрам Рувимович	P570	дата смерти	0	0	1973-08-20	0	0	0
[1981, 1982]	абрам самойлович	Q4480622	Файнштейн, Абрам Самойлович	P570	дата смерти	0	0	1981-01-01	0	0	0
[1990, 1995]	абрам саулович	Q12171439	Шевелёв, Абрам Саулович	P570	дата смерти	0	0	1994-11-03	0	0	0
[1991, 1998]	абрам соломонович	Q4395987	Родов, Абрам Соломонович	P570	дата смерти	0	0	1996-07-05	0	0	0
[1979, 1980]	абрам соломонович	Q49785707	Сандлер, Абрам Соломонович	P570	дата смерти	0	0	1979-01-01	0	0	0
[1963, 1966]	абрам соломонович	Q4185454	Залманов, Абрам Соломонович	P570	дата смерти	0	0	1964-01-24	0	0	0
[1955, 1964]	абрам федорович	Q331067	Иоффе, Абрам Фёдорович	P570	дата смерти	0	0	1960-10-14	0	0	0
[1955, 1964]	абрам федорович	Q331067	Иоффе, Абрам Фёдорович	P1411	номинирован на	Нобелевская премия по физике	0	0	0	0	1959-01-01
[1958, 1964]	абрам яковлевич	Q4269718	Лурье, Абрам Яковлевич	P570	дата смерти	0	0	1958-06-03	0	0	0
[1947, 1950]	абрамов а	Q468277	Фёдор Александрович Абрамов	P2031	начало периода активности	0	0	1949-01-01	0	0	0
[1983, 1984]	абрамов а	Q468277	Фёдор Александрович Абрамов	P570	дата смерти	0	0	1983-05-14	0	0	0
[1924, 1933]	абрамов а	Q4524519	Ширяевец, Александр	P570	дата смерти	0	0	1924-05-15	0	0	0
[2002, 2003]	абрамов александр	Q21088064	Абрамов, Александр Абрамович	P570	дата смерти	0	0	2002-01-01	0	0	0
[1991, 1996]	абрамов александр	Q4054895	Абрамов, Александр Кузьмич	P570	дата смерти	0	0	1993-05-17	0	0	0
[1984, 1988]	абрамов александр	Q4054891	Абрамов, Александр Иванович	P570	дата смерти	0	0	1985-03-04	0	0	0
[1959, 1961]	абрамов александр	Q4054890	Абрамов, Александр Григорьевич	P569	дата рождения	0	0	1959-02-20	0	0	0
[2007, 2009]	абрамов алексей	Q4054899	Абрамов, Алексей Геннадьевич	P54	член спортивной команды	Динабург	0	0	2007-01-01	2008-01-01	0
[1969, 1972]	абрамов анатолий	Q7492754	Абрамов, Анатолий Сергеевич	P2031	начало периода активности	0	0	1971-01-01	0	0	0
[1990, 1998]	абрамов владимир	Q4054909	Абрамов, Владимир Никифорович	P570	дата смерти	0	0	1994-08-19	0	0	0
[1955, 1962]	абрамов г	Q4054890	Абрамов, Александр Григорьевич	P569	дата рождения	0	0	1959-02-20	0	0	0
[1994, 1995]	абрамов марк	Q4054928	Абрамов, Марк Александрович	P570	дата смерти	0	0	1994-01-25	0	0	0
[1934, 1940]	абрамов н	Q4054966	Абрамова, Наталья Николаевна	P569	дата рождения	0	0	1937-02-06	0	0	0
[1963, 1965]	абрамов николай	Q4054941	Абрамов, Николай Осипович	P570	дата смерти	0	0	1964-07-27	0	0	0
[1977, 1981]	абрамов п	Q2617148	Павел Сергеевич Абрамов	P569	дата рождения	0	0	1979-04-23	0	0	0
[1957, 1958]	абрамов с	Q4054892	Абрамов, Александр Сергеевич	P569	дата рождения	0	0	1957-02-10	0	0	0
[1970, 1980]	абрамов с	Q2617148	Павел Сергеевич Абрамов	P569	дата рождения	0	0	1979-04-23	0	0	0
[1992, 1997]	абрамов сергей	Q16864813	Сергей Абрамов	P569	дата рождения	0	0	1993-02-01	0	0	0
[1992, 1997]	абрамов сергей	Q4054946	Сергей Михайлович Абрамов	P803	учёное звание	профессор	0	0	1996-01-01	0	0
[1970, 1975]	абрамов сергей	Q2988426	Абрамов, Сергей Борисович	P569	дата рождения	0	0	1972-02-29	0	0	0
[1982, 1985]	абрамов ф	Q468277	Фёдор Александрович Абрамов	P570	дата смерти	0	0	1983-05-14	0	0	0
[1960, 1964]	абрамов федор	Q4054956	Абрамов, Фёдор Фёдорович	P570	дата смерти	0	0	1963-03-10	0	0	0
[1978, 1982]	абрамова а	Q3919167	Абрамова, Надежда Александровна	P570	дата смерти	0	0	1979-02-18	0	0	0
[1982, 1989]	абрамова к	Q448867	Екатерина Константиновна Абрамова	P569	дата рождения	0	0	1982-04-14	0	0	0
[1937, 1941]	абрамова н	Q4054966	Абрамова, Наталья Николаевна	P569	дата рождения	0	0	1937-02-06	0	0	0
[1937, 1941]	абрамович а	Q4054973	Абрамович, Абрам Григорьевич	P570	дата смерти	0	0	1937-07-10	0	0	0
[1992, 1995]	абрамович александр	Q4211353	Каменский, Александр Абрамович	P570	дата смерти	0	0	1992-01-01	0	0	0
[1992, 1995]	абрамович александр	Q12114229	Красновский, Александр Абрамович	P570	дата смерти	0	0	1993-05-16	0	0	0
[1992, 1995]	абрамович александр	Q2996474	Александр Абрамович Друзь	P166	полученные награды	Хрустальная сова	0	0	0	0	1992-01-01
[1992, 1995]	абрамович александр	Q43425175	Александр Абрамович Барях	P512	учёная степень	доктор технических наук	0	0	0	0	1994-01-01
[2001, 2003]	абрамович александр	Q43425175	Александр Абрамович Барях	P803	учёное звание	профессор	0	0	2001-01-01	0	0
[2001, 2003]	абрамович александр	Q21088064	Абрамов, Александр Абрамович	P570	дата смерти	0	0	2002-01-01	0	0	0
[1960, 1961]	абрамович б	Q4054970	Абрамович, Борис Михайлович	P569	дата рождения	0	0	1960-01-29	0	0	0
[1937, 1939]	абрамович г	Q4054973	Абрамович, Абрам Григорьевич	P570	дата смерти	0	0	1937-07-10	0	0	0
[1966, 1967]	абрамович гринберг	Q4149568	Гринберг, Александр Абрамович	P570	дата смерти	0	0	1966-07-16	0	0	0
[1980, 1986]	абрамович драгунский	Q2497621	Давид Абрамович Драгунский	P166	полученные награды	орден Отечественной войны I степени	0	0	0	0	1985-03-11
[1980, 1986]	абрамович драгунский	Q2497621	Давид Абрамович Драгунский	P410	воинское звание	генерал-полковник	0	0	1984-04-26	0	0
[1992, 1993]	абрамович илизар	Q370260	Илизаров, Гавриил Абрамович	P570	дата смерти	0	0	1992-07-24	0	0	0
[1999, 2001]	абрамович каменский	Q4211362	Каменский, Захар Абрамович	P570	дата смерти	0	0	1999-12-03	0	0	0
[1991, 1992]	абрамович ковда	Q4225724	Ковда, Виктор Абрамович	P570	дата смерти	0	0	1991-10-23	0	0	0
[1961, 1965]	абрамович л	Q4054978	Абрамович, Луис	P569	дата рождения	0	0	1962-03-26	0	0	0
[1946, 1947]	абрамович м	Q47496	Марина Абрамович	P569	дата рождения	0	0	1946-11-30	0	0	0
[1957, 1962]	абрамович м	Q4054970	Абрамович, Борис Михайлович	P569	дата рождения	0	0	1960-01-29	0	0	0
[2000, 2001]	абрамович р	Q171428	Роман Аркадьевич Абрамович	P39	занимаемая должность	губернатор Чукотского автономного округа	0	0	2000-12-17	2008-07-03	0
[1999, 2007]	абрамович роман	Q171428	Роман Аркадьевич Абрамович	P39	занимаемая должность	губернатор Чукотского автономного округа	0	0	2000-12-17	2008-07-03	0
[1961, 1968]	абрамович самосуд	Q1302277	Самосуд, Самуил Абрамович	P570	дата смерти	0	0	1964-11-06	0	0	0
[1954, 1958]	абрамович шайн	Q720719	Шайн, Григорий Абрамович	P570	дата смерти	0	0	1956-08-04	0	0	0
[1993, 1997]	абрамовна сирота	Q4420807	Сирота, Роза Абрамовна	P570	дата смерти	0	0	1995-11-01	0	0	0
[1956, 1960]	абрамян а	Q2633067	Овик Аргамович Абрамян	P569	дата рождения	0	0	1958-01-24	0	0	0
[1956, 1960]	абрамян а	Q4055033	Абрамян, Ара Аршавирович	P569	дата рождения	0	0	1957-04-15	0	0	0
[1956, 1960]	абрамян а	Q4055034	Абрамян, Гагик Аршавирович	P569	дата рождения	0	0	1956-01-20	0	0	0
[1993, 1995]	абрамян д	Q3505201	Абрамян, Сурен Джангирович	P410	воинское звание	генерал-майор	0	0	1993-01-01	0	0
[1957, 1959]	абрар хидоят	Q4497481	Хидоятов, Абрар	P570	дата смерти	0	0	1958-10-03	0	0	0
[1932, 1933]	абрикос а	Q1071709	Григорий Андреевич Абрикосов	P569	дата рождения	0	0	1932-08-30	0	0	0
[1989, 1992]	абрикос а	Q188128	Алексей Алексеевич Абрикосов	P166	полученные награды	Золотая медаль имени Л. Д. Ландау	0	0	0	0	1989-01-01
[1928, 1929]	абрикос а	Q188128	Алексей Алексеевич Абрикосов	P569	дата рождения	0	0	1928-06-25	0	0	0
[2000, 2005]	абрикос алексей	Q188128	Алексей Алексеевич Абрикосов	P166	полученные награды	Нобелевская премия по физике	0	0	0	0	2003-01-01
[2000, 2005]	абрикос алексей	Q188128	Алексей Алексеевич Абрикосов	P166	полученные награды	иностранный член Лондонского королевского общества	0	0	0	0	2001-01-01
[1993, 1994]	абрикос г	Q1071709	Григорий Андреевич Абрикосов	P570	дата смерти	0	0	1993-04-13	0	0	0
[2005, 2009]	абсолютный власть	Q2274417	Абсолютная власть	P582	дата окончания	0	0	2005-08-25	0	0	0
[2002, 2005]	абу али	Q2509606	Али Абу-Рагеб	P39	занимаемая должность	премьер-министр Иордании	0	0	2000-06-19	2002-01-14	0
[2002, 2005]	абу али	Q2509606	Али Абу-Рагеб	P39	занимаемая должность	премьер-министр Иордании	0	0	2002-01-14	2003-07-20	0
[2002, 2005]	абу али	Q2509606	Али Абу-Рагеб	P39	занимаемая должность	премьер-министр Иордании	0	0	2003-07-21	2003-10-22	0
[1987, 1989]	абу джихад	Q510981	Абу Джихад	P570	дата смерти	0	0	1988-04-16	0	0	0
[1991, 2005]	абу мазен	Q127998	Махмуд Аббас	P39	занимаемая должность	Список премьер-министров Палестинской национальной администрации	0	0	2003-03-19	2003-09-06	0
[1991, 2005]	абу мазен	Q127998	Махмуд Аббас	P39	занимаемая должность	председатель Организации освобождения Палестины	0	0	2004-10-29	0	0
[2002, 2008]	абу мусаб	Q181049	Абу Мусаб аз-Заркави	P570	дата смерти	0	0	2006-06-07	0	0	0
[2000, 2006]	абу нидаль	Q316408	Абу Нидаль	P570	дата смерти	0	0	2002-08-16	0	0	0
[2003, 2009]	абу омар	Q2028112	Абу Омар Ас-Сейф	P570	дата смерти	0	0	2005-01-01	0	0	0
[1969, 1976]	абу райхан	Q4055164	Абу Райхан Беруни	P577	дата публикации	0	0	1974-01-01	0	0	0
[1973, 1974]	абу хафс	Q1975848	Абу Хафс аль-Урдани	P569	дата рождения	0	0	1973-01-01	0	0	0
[2005, 2009]	абу хафс	Q1975848	Абу Хафс аль-Урдани	P570	дата смерти	0	0	2006-11-26	0	0	0
[1960, 1964]	абубакар тафава	Q335684	Абубакар Тафава Балева	P39	занимаемая должность	премьер-министр Нигерии	0	0	1960-10-01	1966-01-15	0
[2005, 2006]	абузар айдамиров	Q4058787	Айдамиров, Абузар Абдулхакимович	P570	дата смерти	0	0	2005-05-27	0	0	0
[1966, 1968]	абулхаир хана	Q16433442	Проспект Абилкайыр хана	P138	названо в честь	Владимир Ильич Ленин	0	0	1967-06-16	1997-10-23	0
[1966, 1968]	абулхаир хана	Q16433442	Проспект Абилкайыр хана	P571	дата основания/создания/возникновения	0	0	1967-01-01	0	0	0
[1954, 1959]	абулькасим лахути	Q126783	Лахути, Абулькасим Ахмедзаде	P570	дата смерти	0	0	1957-03-16	0	0	0
[1992, 1996]	абульфаз эльчибей	Q319912	Эльчибей, Абульфаз Гадиргулу оглы	P39	занимаемая должность	президент Азербайджана	0	0	1992-06-16	1993-09-01	0
[2000, 2002]	абульфаз эльчибей	Q319912	Эльчибей, Абульфаз Гадиргулу оглы	P570	дата смерти	0	0	2000-08-22	0	0	0
[1975, 1976]	абуталиб гафуров	Q4134281	Гафуров, Абуталиб Гафурович	P570	дата смерти	0	0	1975-01-01	0	0	0
[1992, 1996]	абхазия в	Q1209169	Война в Абхазии	P580	дата начала	0	0	1992-08-14	0	0	0
[1992, 1996]	абхазия в	Q1209169	Война в Абхазии	P582	дата окончания	0	0	1993-09-27	0	0	0
[1992, 1996]	абхазия в	Q321780	Грузино-абхазский конфликт	P582	дата окончания	0	0	1993-01-01	0	0	0
[1991, 1993]	абхазский автономный	Q2914461	Автономная Республика Абхазия	P571	дата основания/создания/возникновения	0	0	1991-01-01	0	0	0
[1992, 1999]	абхазский война	Q1209169	Война в Абхазии	P582	дата окончания	0	0	1993-09-27	0	0	0
[1992, 1999]	абхазский война	Q1209169	Война в Абхазии	P580	дата начала	0	0	1992-08-14	0	0	0
[1988, 1999]	абхазский конфликт	Q321780	Грузино-абхазский конфликт	P582	дата окончания	0	0	1993-01-01	0	0	0
[1988, 1999]	абхазский конфликт	Q321780	Грузино-абхазский конфликт	P580	дата начала	0	0	1989-01-01	0	0	0
[1988, 1995]	абхазский республика	Q2914461	Автономная Республика Абхазия	P571	дата основания/создания/возникновения	0	0	1991-01-01	0	0	0
[1989, 1994]	абыйский район	Q480278	Абыйский улус	P131	административно-территориальная единица	Якутия	0	0	1990-09-27	0	0
[1962, 1968]	абэ кобо	Q186273	Кобо Абэ	P166	полученные награды	премия имени Дзюнъитиро Танидзаки	0	0	0	0	1967-01-01
[1989, 1994]	яблоко большой	Q60	Нью-Йорк	P6	глава правительства	Дэвид Норман Динкинс	0	0	1990-01-01	1993-12-31	0
[1989, 1994]	яблоко большой	Q60	Нью-Йорк	P6	глава правительства	Эд Коч	0	0	1978-01-01	1989-12-31	0
[1966, 1967]	яблоко большой	Q60	Нью-Йорк	P6	глава правительства	Джон Линдси	0	0	1966-01-01	1973-12-31	0
[1954, 1955]	яблоко золотой	Q4193680	Золотые яблоки	P577	дата публикации	0	0	1954-01-01	0	0	0
[1948, 1949]	яблоко на	Q7735392	Фрукты с самого дна вазы	P577	дата публикации	0	0	1948-01-01	0	0	0
[1983, 1987]	яблоневый сад	Q16383641	Яблоневый сад	P577	дата публикации	0	0	1985-01-01	0	0	0
[1998, 2000]	яблонский с	Q3710055	Яблонский, Сергей Всеволодович	P570	дата смерти	0	0	1998-05-26	0	0	0
[2005, 2006]	яблонский т	Q4535928	Яблонская, Татьяна Ниловна	P570	дата смерти	0	0	2005-06-17	0	0	0
[1966, 1969]	яблоньский г	Q315701	Генрик Яблоньский	P39	занимаемая должность	Minister of National Education	0	0	1966-11-11	1972-03-28	0
[1964, 1965]	яблочкин а	Q1972325	Александра Александровна Яблочкина	P570	дата смерти	0	0	1964-03-20	0	0	0
