Year or Period	Bigram	#Q	Subject	#P	Predicate	Object	Organization	Just Date	Start Time	End Time	Time Point
2000	а савельев	Q4403798	Савельев, Владимир Аркадьевич	P570	дата смерти	0	0	1998-01-01	0	0	0
[1977, 1978]	а садат	Q42013	Анвар Садат	P166	полученные награды	цепь ордена Изабеллы Католички	0	0	0	0	1977-01-01
1980	а свешников	Q2833219	Свешников, Александр Васильевич	P570	дата смерти	0	0	1980-01-03	0	0	0
[1996, 1998]	а сено	Q132489	Сен, Амартия	P166	полученные награды	Международная премия Каталонии	0	0	0	0	1997-01-01
1996	а сено	Q132489	Сен, Амартия	P166	полученные награды	почётный доктор Университета Валенсии	0	0	0	0	1994-01-01
1994	а серов	Q464719	Иван Александрович Серов	P166	полученные награды	орден Суворова I степени	0	0	0	0	1944-03-08
1994	а серов	Q464719	Иван Александрович Серов	P166	полученные награды	орден Красного Знамени	0	0	0	0	1944-11-03
1994	а серов	Q464719	Иван Александрович Серов	P166	полученные награды	медаль «За оборону Кавказа»	0	0	0	0	1944-08-10
1994	а серов	Q464719	Иван Александрович Серов	P166	полученные награды	орден Красного Знамени	0	0	0	0	1944-07-07
[1985, 1986]	а серов	Q464719	Иван Александрович Серов	P166	полученные награды	юбилейная медаль «Сорок лет Победы в Великой Отечественной войне 1941—1945 гг.»	0	0	0	0	1985-01-01
[1958, 1960]	а серов	Q464719	Иван Александрович Серов	P166	полученные награды	орден «За заслуги перед Отечеством» в золоте	0	0	0	0	1959-05-08
[1958, 1960]	а серов	Q464719	Иван Александрович Серов	P166	полученные награды	юбилейная медаль «40 лет Вооружённых Сил СССР»	0	0	0	0	1958-01-01
1994	а серов	Q464719	Иван Александрович Серов	P166	полученные награды	медаль «За оборону Москвы»	0	0	0	0	1944-07-04
[1968, 1973]	а сидоров	Q4418820	Сидоров, Алексей Леонидович	P569	дата рождения	0	0	1968-08-22	0	0	0
1998	а синявский	Q468267	Андрей Донатович Синявский	P570	дата смерти	0	0	1997-02-25	0	0	0
[1977, 1980]	а смирнов	Q1366549	Алексей Макарович Смирнов	P570	дата смерти	0	0	1979-05-07	0	0	0
1993	а смирнов	Q4424796	Дуня Смирнова	P2031	начало периода активности	0	0	1992-01-01	0	0	0
1996	а смирнов	Q1366549	Алексей Макарович Смирнов	P2031	начало периода активности	0	0	1946-01-01	0	0	0
[1949, 1950]	а соколов	Q1974734	Соколов, Александр Сергеевич	P569	дата рождения	0	0	1949-08-08	0	0	0
1994	а солженицын	Q34474	Александр Исаевич Солженицын	P410	воинское звание	капитан	0	0	0	0	1944-05-07
2009	а солженицын	Q34474	Александр Исаевич Солженицын	P570	дата смерти	0	0	2008-08-03	0	0	0
2009	а солженицын	Q34474	Александр Исаевич Солженицын	P106	род занятий	писатель	0	0	1959-01-01	0	0
1995	а солженицын	Q34474	Александр Исаевич Солженицын	P793	ключевое событие	заключение под стражу	0	0	1945-02-02	1953-02-13	0
1994	а солженицын	Q34474	Александр Исаевич Солженицын	P166	полученные награды	орден Красной Звезды	0	0	0	0	1944-07-08
[1989, 2001]	а соловьев	Q535172	Владимир Алексеевич Соловьёв	P166	полученные награды	Государственная премия Российской Федерации	0	0	0	0	1999-01-01
[1982, 1984]	а соловьев	Q535172	Владимир Алексеевич Соловьёв	P166	полученные награды	кавалер ордена Почётного легиона	0	0	0	0	1982-01-01
[1989, 2001]	а соловьев	Q4428003	Соловьёв, Андрей Борисович	P570	дата смерти	0	0	1993-09-27	0	0	0
1996	а соловьев	Q535172	Владимир Алексеевич Соловьёв	P166	полученные награды	орден Почёта	0	0	0	0	1996-08-26
1996	а соловьев	Q535172	Владимир Алексеевич Соловьёв	P569	дата рождения	0	0	1946-11-11	0	0	0
1992	а софрон	Q488099	Софронов, Анатолий Владимирович	P570	дата смерти	0	0	1990-09-09	0	0	0
[1989, 2000]	а столыпин	Q284385	Столыпин, Аркадий Петрович	P570	дата смерти	0	0	1990-12-11	0	0	0
[1991, 1992]	а стругацкий	Q61699	Аркадий Натанович Стругацкий	P570	дата смерти	0	0	1991-10-12	0	0	0
[1991, 1992]	а стругацкий	Q61699	Аркадий Натанович Стругацкий	P2032	окончание периода активности	0	0	1991-01-01	0	0	0
1984	а сурков	Q1048480	Сурков, Алексей Александрович	P570	дата смерти	0	0	1983-06-14	0	0	0
2001	а шарон	Q60206	Ариель Шарон	P39	занимаемая должность	министр иностранных дел Израиля	0	0	1998-10-13	1999-06-06	0
2004	а шарон	Q60206	Ариель Шарон	P39	занимаемая должность	министр здравоохранения Израиля	0	0	2002-05-23	2002-06-03	0
2001	а шарон	Q60206	Ариель Шарон	P39	занимаемая должность	премьер-министр Израиля	0	0	2001-03-07	2006-04-14	0
2001	а шарон	Q60206	Ариель Шарон	P39	занимаемая должность	Израильский министр национальной инфраструктуры, энергии и воды	0	0	1996-07-08	1999-07-06	0
2004	а шарон	Q60206	Ариель Шарон	P39	занимаемая должность	министр связи Израиля	0	0	2003-02-28	2003-08-17	0
1995	а шевченко	Q41244	Андрей Николаевич Шевченко	P54	член спортивной команды	сборная Украины по футболу	0	0	1995-01-01	2012-01-01	0
1994	а шевченко	Q41244	Андрей Николаевич Шевченко	P54	член спортивной команды	юношеская сборная Украины по футболу	0	0	1994-01-01	1995-01-01	0
1994	а шевченко	Q41244	Андрей Николаевич Шевченко	P54	член спортивной команды	Динамо	0	0	1994-01-01	1999-01-01	0
1994	а шевченко	Q41244	Андрей Николаевич Шевченко	P54	член спортивной команды	молодёжная сборная Украины по футболу	0	0	1994-01-01	1995-01-01	0
1995	а шнитке	Q158078	Альфред Гарриевич Шнитке	P166	полученные награды	Государственная премия Российской Федерации	0	0	0	0	1995-01-01
[1985, 1996]	а шнитке	Q158078	Альфред Гарриевич Шнитке	P166	полученные награды	Императорская премия	0	0	0	0	1992-01-01
[1985, 1996]	а шнитке	Q158078	Альфред Гарриевич Шнитке	P166	полученные награды	государственная премия РСФСР имени Н. К. Крупской	0	0	0	0	1986-01-01
[1985, 1996]	а шнитке	Q158078	Альфред Гарриевич Шнитке	P166	полученные награды	Гамбургская премия имени Баха	0	0	0	0	1992-01-01
1944	а щербаков	Q4528830	Щербаков, Иван Александрович	P569	дата рождения	0	0	1944-04-11	0	0	0
1965	асад б	Q44329	Башар Асад	P569	дата рождения	0	0	1965-09-11	0	0	0
[2000, 2004]	асад б	Q44329	Башар Асад	P166	полученные награды	орден князя Ярослава Мудрого I степени	0	0	0	0	2002-04-21
[2000, 2004]	асад б	Q44329	Башар Асад	P166	полученные награды	кавалер Большого креста ордена Почётного легиона	0	0	0	0	2001-06-25
[2000, 2004]	асад б	Q44329	Башар Асад	P39	занимаемая должность	Список президентов Сирии	0	0	2000-07-17	0	0
[2004, 2006]	асадов а	Q1287921	Эдуард Аркадьевич Асадов	P570	дата смерти	0	0	2004-04-21	0	0	0
[2004, 2005]	асадов э	Q1287921	Эдуард Аркадьевич Асадов	P570	дата смерти	0	0	2004-04-21	0	0	0
[1990, 1994]	асаф михайлович	Q2472305	Мессерер, Асаф Михайлович	P570	дата смерти	0	0	1992-03-07	0	0	0
[1949, 1952]	асафьев б	Q325032	Борис Владимирович Асафьев	P570	дата смерти	0	0	1949-01-27	0	0	0
1999	асафьев борис	Q325032	Борис Владимирович Асафьев	P570	дата смерти	0	0	1949-01-27	0	0	0
1951	асафьев в	Q325032	Борис Владимирович Асафьев	P570	дата смерти	0	0	1949-01-27	0	0	0
1984	асафьев в	Q325032	Борис Владимирович Асафьев	P569	дата рождения	0	0	1884-07-29	0	0	0
1963	асеев н	Q460329	Николай Асеев	P570	дата смерти	0	0	1963-07-16	0	0	0
1963	асеев николай	Q460329	Николай Асеев	P570	дата смерти	0	0	1963-07-16	0	0	0
1996	асен найденов	Q20968308	Найденов, Асен	P570	дата смерти	0	0	1995-09-10	0	0	0
1939	асинхронный электрический	Q207450	Асинхронная машина	P580	дата начала	0	0	1889-01-01	0	0	0
2005	аскар акаев	Q489893	Аскар Акаевич Акаев	P39	занимаемая должность	Список президентав Кергизыйи	0	0	1990-10-27	2005-03-24	0
[1991, 2006]	аскар акаев	Q489893	Аскар Акаевич Акаев	P166	полученные награды	honorary doctor of the Peking University	0	0	0	0	2002-01-01
2003	аскар акаевич	Q489893	Аскар Акаевич Акаев	P166	полученные награды	honorary doctor of the Peking University	0	0	0	0	2002-01-01
[1989, 2000]	аскар акаевич	Q489893	Аскар Акаевич Акаев	P39	занимаемая должность	Список президентав Кергизыйи	0	0	1990-10-27	2005-03-24	0
[1992, 1997]	аскизский район	Q779443	Аскизский район	P131	административно-территориальная единица	Хакасия	0	0	1992-05-16	0	0
1998	аскольд александрович	Q15060904	Щепинский, Аскольд Александрович	P570	дата смерти	0	0	1997-05-21	0	0	0
2001	аскольд анатольевич	Q4275343	Аскольд Анатольевич Макаров	P570	дата смерти	0	0	2000-12-25	0	0	0
2000	аскольд макаров	Q4275343	Аскольд Анатольевич Макаров	P570	дата смерти	0	0	2000-12-25	0	0	0
[1994, 2003]	аскольд муров	Q4308137	Муров, Аскольд Фёдорович	P570	дата смерти	0	0	1996-05-07	0	0	0
1999	аслан алиевич	Q193354	Аслан Алиевич Масхадов	P39	занимаемая должность	президент Чеченской Республики Ичкерия	0	0	1997-02-12	2005-03-08	0
1999	аслан масхадов	Q193354	Аслан Алиевич Масхадов	P39	занимаемая должность	президент Чеченской Республики Ичкерия	0	0	1997-02-12	2005-03-08	0
[1960, 1962]	асланов александр	Q20671239	Асланов, Александр Петрович	P570	дата смерти	0	0	1960-07-11	0	0	0
[1988, 1990]	аспект любовь	Q735643	Аспекты любви	P1191	первое исполнение	0	0	1989-04-17	0	0	0
1996	асприн р	Q976059	Роберт Линн Асприн	P569	дата рождения	0	0	1946-06-28	0	0	0
[1981, 1984]	асратович асратян	Q4071417	Асратян, Эзрас Асратович	P570	дата смерти	0	0	1981-04-23	0	0	0
[1981, 1984]	асратович асратян	Q4071417	Асратян, Эзрас Асратович	P570	дата смерти	0	0	1981-04-24	0	0	0
[1976, 1981]	ассамблея республика	Q740564	Парламент Португалии	P571	дата основания/создания/возникновения	0	0	1976-01-01	0	0	0
[1991, 2008]	ассамблея снг	Q4288851	Межпарламентская ассамблея СНГ	P571	дата основания/создания/возникновения	0	0	1992-01-01	0	0	0
[1958, 1961]	ассамблея франция	Q193582	Национальное собрание Франции	P571	дата основания/создания/возникновения	0	0	1958-12-09	0	0	0
[2002, 2004]	ассамблея франция	Q193582	Национальное собрание Франции	P488	руководитель	Жан-Луи Дебре	0	0	2002-06-25	2007-03-04	0
[2002, 2004]	ассамблея франция	Q193582	Национальное собрание Франции	P488	руководитель	Raymond Forni	0	0	2000-03-29	2002-06-18	0
[1991, 1996]	ассоциация автономный	Q2867492	Ассоциация автономных астронавтов	P571	дата основания/создания/возникновения	0	0	1995-01-01	0	0	0
[1923, 1926]	ассоциация американский	Q465750	Американская мотоциклетная ассоциация	P571	дата основания/создания/возникновения	0	0	1924-01-01	0	0	0
1944	ассоциация американский	Q466524	Американская психиатрическая ассоциация	P571	дата основания/создания/возникновения	0	0	1844-01-01	0	0	0
[1974, 1978]	ассоциация американский	Q463486	Американская баскетбольная ассоциация	P576	дата прекращения существования	0	0	1976-01-01	0	0	0
[1929, 1931]	ассоциация американский	Q463401	Американская ассоциация учителей физики	P571	дата основания/создания/возникновения	0	0	1930-12-31	0	0	0
1927	ассоциация индия	Q1371252	Олимпийский комитет Индии	P571	дата основания/создания/возникновения	0	0	1927-01-01	0	0	0
1982	ассоциация интеграция	Q607301	Латиноамериканская ассоциация интеграции	P571	дата основания/создания/возникновения	0	0	1980-01-01	0	0	0
[1988, 1990]	ассоциация китайский	Q2867399	Китайская ассоциация вэйци	P488	руководитель	Chen Zude	0	0	1988-01-01	2006-01-01	0
[1980, 1983]	ассоциация китайский	Q2867399	Китайская ассоциация вэйци	P463	участник организации или клуба	Международная федерация го	0	0	1982-01-01	0	0
[1988, 1990]	ассоциация китайский	Q2867399	Китайская ассоциация вэйци	P488	руководитель	Ли Мэнхуа	0	0	1962-01-01	1988-01-01	0
1982	ассоциация латиноамериканский	Q607301	Латиноамериканская ассоциация интеграции	P571	дата основания/создания/возникновения	0	0	1980-01-01	0	0	0
[1943, 1947]	ассоциация международный	Q743239	Международная ассоциация бокса	P571	дата основания/создания/возникновения	0	0	1946-01-01	0	0	0
[1996, 1998]	ассоциация национальный	Q60395893	Национальная финансовая ассоциация	P571	дата основания/создания/возникновения	0	0	1996-01-01	0	0	0
1991	ассоциация независимый	Q4316257	Независимая психиатрическая ассоциация	P571	дата основания/создания/возникновения	0	0	1989-03-01	0	0	0
[1939, 1947]	ассоциация помощь	Q714797	Ассоциация помощи трону	P571	дата основания/создания/возникновения	0	0	1940-10-12	0	0	0
1946	ассоциация помощь	Q714797	Ассоциация помощи трону	P576	дата прекращения существования	0	0	1945-06-13	0	0	0
[1956, 1961]	ассоциация промышленный	Q2277743	Ассоциация промышленного дизайна	P488	руководитель	Ливио Кастильони	0	0	1959-01-01	0	0
[1956, 1961]	ассоциация промышленный	Q2277743	Ассоциация промышленного дизайна	P571	дата основания/создания/возникновения	0	0	1956-01-01	0	0	0
[1991, 1999]	ассоциация россия	Q4071489	Ассоциация мини-футбола России	P571	дата основания/создания/возникновения	0	0	1992-01-01	0	0	0
[1993, 2002]	ассоциация туристический	Q20978734	Туристическая ассоциация Украины	P571	дата основания/создания/возникновения	0	0	1998-01-01	0	0	0
[1997, 2005]	ассоциация украина	Q20978734	Туристическая ассоциация Украины	P571	дата основания/создания/возникновения	0	0	1998-01-01	0	0	0
1996	ассоциация финансовый	Q60395893	Национальная финансовая ассоциация	P571	дата основания/создания/возникновения	0	0	1996-01-01	0	0	0
[1967, 1971]	ассошиэйтед пресс	Q40469	Ассошиэйтед Пресс	P166	полученные награды	Worth Bingham Prize	0	0	0	0	1968-01-01
1936	асср башкирский	Q809806	Башкирская Автономная Советская Социалистическая Республика	P47	имеет границы с	Оренбургская область	0	0	1934-12-07	0	0
1936	асср башкирский	Q809806	Башкирская Автономная Советская Социалистическая Республика	P47	имеет границы с	Средневолжский край	0	0	1928-05-14	1934-12-07	0
1936	асср казакский	Q2332797	Казахская Автономная Социалистическая Советская Республика	P576	дата прекращения существования	0	0	1936-12-05	0	0	0
1936	асср казакский	Q2332797	Казахская Автономная Социалистическая Советская Республика	P47	имеет границы с	Средневолжский край	0	0	1928-05-14	1936-12-05	0
[1926, 1929]	асср казакский	Q2332797	Казахская Автономная Социалистическая Советская Республика	P36	столица	Алма-Ата	0	0	1927-01-01	0	0
1936	асср казахский	Q2332797	Казахская Автономная Социалистическая Советская Республика	P47	имеет границы с	Средневолжский край	0	0	1928-05-14	1936-12-05	0
1936	асср казахский	Q2332797	Казахская Автономная Социалистическая Советская Республика	P576	дата прекращения существования	0	0	1936-12-05	0	0	0
[1958, 1965]	асср калмыцкий	Q1631628	Калмыцкая АССР	P131	административно-территориальная единица	Российская Советская Федеративная Социалистическая Республика	0	0	1958-12-25	1991-05-24	0
[1958, 1965]	асср калмыцкий	Q1631628	Калмыцкая АССР	P36	столица	Элиста	0	0	1958-12-25	1991-05-24	0
1937	асср карельский	Q649144	Карельская Автономная Советская Социалистическая Республика	P1365	заменил	Автономная Карельская ССР	0	0	0	0	1936-12-05
1937	асср карельский	Q649144	Карельская Автономная Советская Социалистическая Республика	P571	дата основания/создания/возникновения	0	0	1936-12-05	0	0	0
[1956, 1965]	асср карельский	Q649144	Карельская Автономная Советская Социалистическая Республика	P1365	заменил	Карело-Финская Советская Социалистическая Республика	0	0	0	0	1956-07-16
1936	асср киргизский	Q8212144	Киргизская Автономная Социалистическая Советская Республика	P576	дата прекращения существования	0	0	1936-12-05	0	0	0
[1925, 1936]	асср киргизский	Q2600170	Киргизская АССР	P17	государство	СССР	0	0	1922-12-30	1925-06-15	0
[1925, 1936]	асср киргизский	Q8212144	Киргизская Автономная Социалистическая Советская Республика	P571	дата основания/создания/возникновения	0	0	1926-02-01	0	0	0
[1925, 1936]	асср киргизский	Q8212144	Киргизская Автономная Социалистическая Советская Республика	P580	дата начала	0	0	1926-02-01	0	0	0
[1925, 1936]	асср киргизский	Q2600170	Киргизская АССР	P576	дата прекращения существования	0	0	1925-06-15	0	0	0
1937	асср коми	Q788056	Коми Автономная Советская Социалистическая Республика	P571	дата основания/создания/возникновения	0	0	1936-12-05	0	0	0
1937	асср марийский	Q788066	Марийская АССР	P571	дата основания/создания/возникновения	0	0	1936-12-05	0	0	0
1941	асср молдавский	Q1143148	Молдавская АССР	P576	дата прекращения существования	0	0	1940-01-01	0	0	0
1941	асср молдавский	Q1143148	Молдавская АССР	P36	столица	Тирасполь	0	0	1929-01-01	1940-01-01	0
[1934, 1940]	асср мордовский	Q970217	Мордовская Автономная Советская Социалистическая Республика	P571	дата основания/создания/возникновения	0	0	1934-12-20	0	0	0
1938	асср мордовский	Q970217	Мордовская Автономная Советская Социалистическая Республика	P131	административно-территориальная единица	Средневолжский край	0	0	1934-12-20	1936-12-05	0
1938	асср мордовский	Q970217	Мордовская Автономная Советская Социалистическая Республика	P131	административно-территориальная единица	Российская Советская Федеративная Социалистическая Республика	0	0	1936-12-06	1991-12-24	0
[1924, 1940]	асср немец	Q157261	Автономная Советская Социалистическая Республика Немцев Поволжья	P31	это частный случай понятия	АССР в составе союзных республик СССР	0	0	1924-01-06	1941-08-28	0
1936	асср татарский	Q1140829	Татарская Автономная Советская Социалистическая Республика	P47	имеет границы с	Самарская область	0	0	1936-12-05	0	0
1936	асср татарский	Q1140829	Татарская Автономная Советская Социалистическая Республика	P47	имеет границы с	Средневолжский край	0	0	1928-05-14	1936-12-05	0
1961	асср тувинский	Q338317	Тувинская Автономная Советская Социалистическая Республика	P571	дата основания/создания/возникновения	0	0	1961-10-09	0	0	0
[1936, 1937]	асср удмуртский	Q1429298	Удмуртская Автономная Советская Социалистическая Республика	P131	административно-территориальная единица	Кировский край	0	0	1934-12-28	1936-12-05	0
[1936, 1937]	асср удмуртский	Q1429298	Удмуртская Автономная Советская Социалистическая Республика	P131	административно-территориальная единица	Российская Советская Федеративная Социалистическая Республика	0	0	1936-12-05	0	0
[1936, 1940]	асср чувашский	Q1253541	Чувашская АССР	P47	имеет границы с	Средневолжский край	0	0	1928-05-14	1936-12-05	0
1974	астауров борис	Q4071574	Астауров, Борис Львович	P570	дата смерти	0	0	1974-06-21	0	0	0
1995	астафьев иван	Q4071573	Астафьев, Иван Михеевич	P570	дата смерти	0	0	1945-03-05	0	0	0
[1999, 2003]	астафьев м	Q4071579	Астафьев, Максим Юрьевич	P54	член спортивной команды	Зенит-2 (футбольный клуб)	0	0	2000-01-01	2000-01-01	0
[1999, 2003]	астафьев м	Q4071579	Астафьев, Максим Юрьевич	P54	член спортивной команды	Зенит	0	0	2001-01-01	2004-01-01	0
[2008, 2009]	астафьев м	Q4071579	Астафьев, Максим Юрьевич	P54	член спортивной команды	Ростов	0	0	2008-01-01	2009-01-01	0
[2000, 2004]	астафьев п	Q968184	Виктор Петрович Астафьев	P570	дата смерти	0	0	2001-11-29	0	0	0
[1953, 1957]	астахов в	Q4071602	Астахов, Сергей Валентинович	P569	дата рождения	0	0	1953-11-08	0	0	0
[2005, 2006]	астахов п	Q241995	Полина Григорьевна Астахова	P570	дата смерти	0	0	2005-08-05	0	0	0
1953	астахов с	Q4071602	Астахов, Сергей Валентинович	P569	дата рождения	0	0	1953-11-08	0	0	0
1991	астенический синдром	Q3553801	Астенический синдром	P577	дата публикации	0	0	1990-01-01	0	0	0
1991	астенический синдром	Q3553801	Астенический синдром	P166	полученные награды	гран-при жюри	0	0	0	0	1990-01-01
[1999, 2003]	астма бронхиальный	Q35869	бронхиальная астма	P2176	лекарство, используемое для лечения	будесонид	0	0	2000-08-08	0	0
[1996, 1997]	астма бронхиальный	Q35869	бронхиальная астма	P2176	лекарство, используемое для лечения	zileuton	0	0	1996-12-08	0	0
[1957, 1962]	астма бронхиальный	Q35869	бронхиальная астма	P2176	лекарство, используемое для лечения	Бетаметазон	0	0	1961-04-17	0	0
[1996, 1997]	астма бронхиальный	Q35869	бронхиальная астма	P2176	лекарство, используемое для лечения	зафирлукаст	0	0	1996-09-25	0	0
[1999, 2003]	астма бронхиальный	Q35869	бронхиальная астма	P2176	лекарство, используемое для лечения	Формотерол	0	0	2001-02-15	0	0
[1981, 1983]	астрахан д	Q4071683	Астрахан, Дмитрий Хананович	P2031	начало периода активности	0	0	1981-01-01	0	0	0
1924	астраханский губерния	Q497790	Астраханская губерния	P131	административно-территориальная единица	Российская Социалистическая Федеративная Советская Республика	0	0	1917-11-07	1922-12-29	0
1924	астраханский губерния	Q497790	Астраханская губерния	P17	государство	Российская Социалистическая Федеративная Советская Республика	0	0	1917-11-07	1922-12-29	0
1924	астраханский губерния	Q497790	Астраханская губерния	P17	государство	СССР	0	0	1922-12-30	1928-05-21	0
1924	астраханский губерния	Q497790	Астраханская губерния	P131	административно-территориальная единица	Российская Советская Федеративная Социалистическая Республика	0	0	1922-12-30	1928-05-21	0
[1923, 1924]	астраханский область	Q4381912	Проточное	P571	дата основания/создания/возникновения	0	0	1923-01-01	0	0	0
[1923, 1924]	астраханский область	Q4445361	Судачье	P571	дата основания/создания/возникновения	0	0	1923-01-01	0	0	0
1993	астраханский область	Q3941	Астраханская область	P571	дата основания/создания/возникновения	0	0	1943-12-27	0	0	0
1993	астраханский область	Q3941	Астраханская область	P131	административно-территориальная единица	Россия	0	0	1991-12-26	0	0
[1942, 1954]	астраханский область	Q141290	Знаменск	P571	дата основания/создания/возникновения	0	0	1948-01-01	0	0	0
[1942, 1954]	астраханский область	Q4378380	Прикаспийский	P571	дата основания/создания/возникновения	0	0	1944-01-01	0	0	0
[1987, 2000]	астраханский область	Q18405824	Чаган	P131	административно-территориальная единица	Чаганский сельсовет	0	0	1989-10-24	0	0
1929	астраханский округ	Q4071726	Астраханский округ	P131	административно-территориальная единица	Нижне-Волжский край	0	0	1928-07-23	1930-07-30	0
1929	астраханский округ	Q4071726	Астраханский округ	P571	дата основания/создания/возникновения	0	0	1928-07-23	0	0	0
1930	астраханский округ	Q4071726	Астраханский округ	P576	дата прекращения существования	0	0	1930-07-30	0	0	0
1997	астрид линдгрен	Q55767	Астрид Линдгрен	P166	полученные награды	международная премия «Швед года»	0	0	0	0	1997-01-01
[1985, 1987]	астрид линдгрен	Q55767	Астрид Линдгрен	P166	полученные награды	Illis Quorum	0	0	0	0	1985-01-01
[1985, 1987]	астрид линдгрен	Q55767	Астрид Линдгрен	P166	полученные награды	премия Сельмы Лагерлёф	0	0	0	0	1986-01-01
[1958, 1959]	астрид линдгрен	Q55767	Астрид Линдгрен	P166	полученные награды	премия имени Х. К. Андерсена	0	0	0	0	1958-01-01
[1975, 1977]	астрид линдгрен	Q55767	Астрид Линдгрен	P166	полученные награды	медаль Литературы и искусств	0	0	0	0	1975-01-01
1969	астрид линдгрен	Q55767	Астрид Линдгрен	P166	полученные награды	орден Васы	0	0	0	0	1968-01-01
1965	астрид линдгрен	Q4962716	Астрид Линдгрен	P570	дата смерти	0	0	1965-04-22	0	0	0
2004	астрид линдгрен	Q55767	Астрид Линдгрен	P570	дата смерти	0	0	2002-01-28	0	0	0
[1934, 1935]	астровый н	Q4071766	Астров, Николай Иванович	P570	дата смерти	0	0	1934-08-12	0	0	0
[1991, 1994]	астровый н	Q1990688	Николай Александрович Астров	P570	дата смерти	0	0	1992-04-04	0	0	0
[1986, 1994]	астровый николай	Q1990688	Николай Александрович Астров	P570	дата смерти	0	0	1992-04-04	0	0	0
2000	астроном уильям	Q16692172	Уильям Ричардсон	P570	дата смерти	0	0	1900-01-01	0	0	0
1924	астрономический журнал	Q3027134	Астрономический журнал	P571	дата основания/создания/возникновения	0	0	1924-01-01	0	0	0
[2003, 2007]	астрономический часы	Q729370	Пражские куранты	P793	ключевое событие	repair	0	0	0	0	2005-01-01
1949	астрономический часы	Q729370	Пражские куранты	P793	ключевое событие	repair	0	0	0	0	1948-01-01
[1944, 1955]	астрофизический обсерватория	Q936126	Крымская астрофизическая обсерватория	P1619	дата официального открытия	0	0	1945-01-01	0	0	0
[1944, 1955]	астрофизический обсерватория	Q1018734	Бюраканская астрофизическая обсерватория	P571	дата основания/создания/возникновения	0	0	1946-01-01	0	0	0
[1931, 1936]	астрофизический обсерватория	Q2426436	Абастуманская астрофизическая обсерватория	P571	дата основания/создания/возникновения	0	0	1932-02-08	0	0	0
[2008, 2009]	асфальтовый джунгли	Q728485	Асфальтовые джунгли	P166	полученные награды	Национальный реестр фильмов США	0	0	0	0	2008-01-01
[1963, 1964]	асфандияров р	Q4071831	Асфандиярова, Рима Газизовна	P2031	начало периода активности	0	0	1963-01-01	0	0	0
[1925, 1929]	асхабадский уезд	Q4071838	Асхабадский уезд	P576	дата прекращения существования	0	0	1925-01-01	0	0	0
[1925, 1929]	асхабадский уезд	Q4071838	Асхабадский уезд	P131	административно-территориальная единица	Полторацкий округ	0	0	1924-12-01	1925-01-01	0
1998	ашальча ока	Q2918459	Ашальчи Оки	P569	дата рождения	0	0	1898-04-16	0	0	0
[1969, 1974]	ашальча ока	Q2918459	Ашальчи Оки	P570	дата смерти	0	0	1973-10-31	0	0	0
1944	ашевский район	Q4073441	Ашевский район	P131	административно-территориальная единица	Тверская область	0	0	1938-05-05	1944-08-22	0
[1961, 1965]	ашевский район	Q4073441	Ашевский район	P576	дата прекращения существования	0	0	1963-01-01	0	0	0
1944	ашевский район	Q4073441	Ашевский район	P131	административно-территориальная единица	Псковская область	0	0	1944-08-23	1963-01-01	0
1998	ашинский металлургический	Q4073471	Ашинский металлургический завод	P571	дата основания/создания/возникновения	0	0	1898-01-01	0	0	0
[1961, 1963]	ашинский район	Q1192829	Ашинский район	P571	дата основания/создания/возникновения	0	0	1961-01-01	0	0	0
1979	ашихмин а	Q4073487	Ашихмин, Сергей Анатольевич	P569	дата рождения	0	0	1977-12-23	0	0	0
1951	ашкинази м	Q4073501	Михаил Ашкинази	P569	дата рождения	0	0	1851-04-04	0	0	0
2005	ашок кумар	Q4805749	Ашок Кумар	P39	занимаемая должность	Member of the 53rd Parliament of the United Kingdom	0	0	2001-06-07	2005-04-11	0
2005	ашок кумар	Q4805749	Ашок Кумар	P39	занимаемая должность	Member of the 54th Parliament of the United Kingdom	0	0	2005-05-05	2010-03-15	0
[1968, 1969]	ашот тигранович	Q27506930	Ашот  Асланян	P463	участник организации или клуба	Q13053604	0	0	1968-01-01	0	0
[1960, 1963]	ашот тигранович	Q27506930	Ашот  Асланян	P166	полученные награды	Заслуженный деятель науки Армянской ССР	0	0	0	0	1961-01-01
[1960, 1963]	ашот тигранович	Q27506930	Ашот  Асланян	P512	учёная степень	профессор	0	0	0	0	1960-01-01
1973	ашукин н	Q4073565	Николай Сергеевич Ашукин	P570	дата смерти	0	0	1972-02-09	0	0	0
[1972, 1973]	ашукин николай	Q4073565	Николай Сергеевич Ашукин	P570	дата смерти	0	0	1972-02-09	0	0	0
[1948, 1954]	ашхабадский землетрясение	Q2391429	Ашхабадское землетрясение	P585	момент времени	0	0	1948-10-05	0	0	0
1941	ашхабадский область	Q4073598	Ашхабадская область	P131	административно-территориальная единица	Туркменская Советская Социалистическая Республика	0	0	1939-11-21	1959-05-25	0
1941	ашхабадский область	Q4073598	Ашхабадская область	P571	дата основания/создания/возникновения	0	0	1939-11-21	0	0	0
1986	я шведов	Q4521706	Шведов, Яков Захарович	P570	дата смерти	0	0	1984-12-31	0	0	0
1939	ясенский б	Q993397	Бруно Яковлевич Ясенский	P570	дата смерти	0	0	1938-09-17	0	0	0
[1993, 2001]	ясер арафат	Q34211	Ясир Арафат	P166	полученные награды	кавалер Большого креста, декорированного Большой лентой ордена «За заслуги перед Итальянской Республикой»	0	0	0	0	1999-02-19
[1993, 2001]	ясер арафат	Q34211	Ясир Арафат	P166	полученные награды	премия мира имени Феликса Уфуэ-Буаньи	0	0	0	0	1993-01-01
[1993, 2001]	ясер арафат	Q34211	Ясир Арафат	P166	полученные награды	Нобелевская премия мира	0	0	0	0	1994-01-01
[1993, 2001]	ясер арафат	Q34211	Ясир Арафат	P39	занимаемая должность	президент Государства Палестина	0	0	1994-04-02	2004-11-11	0
[1978, 1990]	ясер арафат	Q34211	Ясир Арафат	P166	полученные награды	премия имени Джавахарлала Неру	0	0	0	0	1988-01-01
[1993, 2001]	ясер арафат	Q34211	Ясир Арафат	P39	занимаемая должность	председатель Палестинской национальной администрации	0	0	1994-07-05	2004-11-11	0
1932	ясинский иероним	Q3260645	Иероним Иеронимович Ясинский	P570	дата смерти	0	0	1931-12-31	0	0	0
2004	ясир арафат	Q34211	Ясир Арафат	P570	дата смерти	0	0	2004-11-11	0	0	0
2004	ясир арафат	Q34211	Ясир Арафат	P39	занимаемая должность	президент Государства Палестина	0	0	1994-04-02	2004-11-11	0
2004	ясир арафат	Q34211	Ясир Арафат	P39	занимаемая должность	председатель Палестинской национальной администрации	0	0	1994-07-05	2004-11-11	0
2004	ясир арафат	Q34211	Ясир Арафат	P39	занимаемая должность	председатель Организации освобождения Палестины	0	0	1969-02-04	2004-10-29	0
[1989, 1994]	ясир арафат	Q34211	Ясир Арафат	P166	полученные награды	премия мира имени Феликса Уфуэ-Буаньи	0	0	0	0	1993-01-01
[1968, 1979]	ясир арафат	Q34211	Ясир Арафат	P166	полученные награды	премия «Двусмысленность»	0	0	0	0	1975-01-01
[1991, 1995]	ясный гора	Q573920	Ясная Гора	P1435	статус наследия	Памятник истории (Польша)	0	0	1994-09-08	0	0
[1935, 1939]	ясный луна	Q2158107	Ясная луна	P577	дата публикации	0	0	1937-01-01	0	0	0
[2007, 2009]	ясный поле	Q16444154	Ясное Поле	P131	административно-территориальная единица	Кубановское сельское поселение	0	0	2008-06-30	0	0
[1923, 1924]	ясный поляна	Q4539336	Ясная Поляна	P571	дата основания/создания/возникновения	0	0	1923-01-01	0	0	0
[1923, 1924]	ясный поляна	Q4539326	Ясная Поляна	P571	дата основания/создания/возникновения	0	0	1923-01-01	0	0	0
1998	ясперс к	Q76509	Ясперс, Карл Теодор	P463	участник организации или клуба	Гейдельбергская академия наук	0	0	1947-01-01	1948-01-01	0
[1959, 1961]	ясперс к	Q76509	Ясперс, Карл Теодор	P166	полученные награды	премия Эразма	0	0	0	0	1959-01-01
1998	ясперс к	Q76509	Ясперс, Карл Теодор	P463	участник организации или клуба	Гейдельбергская академия наук	0	0	1948-01-01	0	0
[1959, 1961]	ясперс к	Q76509	Ясперс, Карл Теодор	P1411	номинирован на	Нобелевская премия по литературе	0	0	0	0	1960-01-01
1997	ясперс карл	Q76509	Ясперс, Карл Теодор	P463	участник организации или клуба	Гейдельбергская академия наук	0	0	1947-01-01	1948-01-01	0
1997	ясперс карл	Q76509	Ясперс, Карл Теодор	P166	полученные награды	премия Гёте	0	0	0	0	1947-01-01
2008	ясперс карл	Q76509	Ясперс, Карл Теодор	P166	полученные награды	Премия мира немецких книготорговцев	0	0	0	0	1958-01-01
1956	ясский университет	Q1523902	Ясский университет	P1075	ректор	Jean Livescu	0	0	1948-01-01	1955-01-01	0
[1971, 1974]	ясский университет	Q1523902	Ясский университет	P1075	ректор	Mihai Todosia	0	0	1972-01-01	1981-01-01	0
[1948, 1950]	ясский университет	Q1523902	Ясский университет	P1075	ректор	Leon Baliff	0	0	1947-01-01	1948-01-01	0
1960	ясский университет	Q1523902	Ясский университет	P1075	ректор	Страт, Ион	0	0	1860-01-01	1861-01-01	0
1961	ясский университет	Q1523902	Ясский университет	P1075	ректор	Filaret Scriban	0	0	1861-01-01	1862-01-01	0
1956	ясский университет	Q1523902	Ясский университет	P1075	ректор	Ion L. Creangă	0	0	1955-01-01	1972-01-01	0
1960	ясский университет	Q1523902	Ясский университет	P571	дата основания/создания/возникновения	0	0	1860-11-07	0	0	0
[1980, 1982]	ястреб ночной	Q1535201	Ночные ястребы	P577	дата публикации	0	0	1981-01-01	0	0	0
1994	ястребов иван	Q12281323	Иван Степанович Ястребов	P570	дата смерти	0	0	1894-01-08	0	0	0
2003	ястржембский сергей	Q2624119	Сергей Владимирович Ястржембский	P569	дата рождения	0	0	1953-12-04	0	0	0
[1967, 1969]	ясунари кавабат	Q43736	Ясунари Кавабата	P166	полученные награды	Нобелевская премия по литературе	0	0	0	0	1968-01-01
1974	ясунари кавабат	Q43736	Ясунари Кавабата	P570	дата смерти	0	0	1972-04-16	0	0	0
[1971, 1975]	ясунари кавабата	Q1576163	литературная премия имени Ясунари Кавабаты	P571	дата основания/создания/возникновения	0	0	1974-01-01	0	0	0
1956	ясусь акутагава	Q11614732	Акутагава, Ясуси	P569	дата рождения	0	0	1956-04-03	0	0	0
1978	ясусь иноуэ	Q712734	Иноуэ, Ясуси	P166	полученные награды	Person of Cultural Merit	0	0	0	0	1976-01-01
1985	ясусь иноуэ	Q712734	Иноуэ, Ясуси	P166	полученные награды	премия Асахи	0	0	0	0	1984-01-01
1978	ясусь иноуэ	Q712734	Иноуэ, Ясуси	P166	полученные награды	орден Культуры	0	0	0	0	1976-01-01
1983	ясухиро накасонэ	Q250828	Накасонэ, Ясухиро	P39	занимаемая должность	премьер-министр Японии	0	0	1982-11-27	1987-11-06	0
[1987, 1994]	яша хейфец	Q243472	Яша Хейфец	P570	дата смерти	0	0	1987-12-10	0	0	0
1991	яша хейфец	Q243472	Яша Хейфец	P166	полученные награды	Grammy Lifetime Achievement Award	0	0	0	0	1989-01-01
1970	яшалтинский район	Q4084655	Березовское	P571	дата основания/создания/возникновения	0	0	1920-01-01	0	0	0
1940	яшалтинский район	Q717121	Яшалтинский район	P571	дата основания/создания/возникновения	0	0	1938-01-01	0	0	0
[1996, 1998]	яшар кемаль	Q327142	Яшар Кемаль	P166	полученные награды	Международная премия Nonino	0	0	0	0	1997-01-01
[2007, 2009]	яшар кемаль	Q327142	Яшар Кемаль	P166	полученные награды	Большая премия президента Турецкой Республики в области культуры и искусств	0	0	0	0	2008-01-01
[1996, 1998]	яшар кемаль	Q327142	Яшар Кемаль	P166	полученные награды	премия Стига Дагермана	0	0	0	0	1997-01-01
[1996, 1998]	яшар кемаль	Q327142	Яшар Кемаль	P166	полученные награды	премия «Монисмания»	0	0	0	0	1997-01-01
[1996, 1998]	яшар кемаль	Q327142	Яшар Кемаль	P166	полученные награды	Международная премия Каталонии	0	0	0	0	1996-01-01
[1996, 1998]	яшар кемаль	Q327142	Яшар Кемаль	P166	полученные награды	Премия мира немецких книготорговцев	0	0	0	0	1997-01-01
1970	яшин а	Q1523446	Яшин, Александр Яковлевич	P570	дата смерти	0	0	1968-07-11	0	0	0
[1958, 1967]	яшин а	Q1365946	Яшин, Сергей Анатольевич	P569	дата рождения	0	0	1962-03-06	0	0	0
[1969, 1975]	яшин и	Q167828	Лев Иванович Яшин	P54	член спортивной команды	сборная СССР по футболу	0	0	1954-01-01	1970-01-01	0
[1969, 1975]	яшин и	Q167828	Лев Иванович Яшин	P54	член спортивной команды	Динамо (Москва)	0	0	1950-01-01	1970-01-01	0
[1979, 1984]	яшин и	Q1658622	Илья Валерьевич Яшин	P569	дата рождения	0	0	1983-06-29	0	0	0
[1967, 1974]	яшин л	Q167828	Лев Иванович Яшин	P54	член спортивной команды	Динамо (Москва)	0	0	1950-01-01	1970-01-01	0
[1967, 1974]	яшин л	Q167828	Лев Иванович Яшин	P54	член спортивной команды	сборная СССР по футболу	0	0	1954-01-01	1970-01-01	0
1994	яшин николай	Q4539918	Яшин, Николай Иванович	P570	дата смерти	0	0	1944-06-28	0	0	0
[1961, 1964]	яшин с	Q1365946	Яшин, Сергей Анатольевич	P569	дата рождения	0	0	1962-03-06	0	0	0
[2001, 2003]	яшин сергей	Q4539923	Яшин, Сергей Сергеевич	P54	член спортивной команды	Динамо (Москва)	0	0	2001-01-01	2006-01-01	0
1970	яшин я	Q1523446	Яшин, Александр Яковлевич	P570	дата смерти	0	0	1968-07-11	0	0	0
[1929, 1930]	ящик пандор	Q700736	Ящик Пандоры	P577	дата публикации	0	0	1929-01-01	0	0	0
