Year or Period	Bigram	#Q	Subject	#P	Predicate	Object	Organization	Just Date	Start Time	End Time	Time Point
[1990, 1998]	г гадамер	Q76356	Ганс Георг Гадамер	P166	полученные награды	Большой крест ордена «За заслуги перед Федеративной Республикой Германия»	0.0	0	0	0	1993-01-01
[1990, 1998]	г гадамер	Q76356	Ганс Георг Гадамер	P463	участник организации или клуба	Саксонская академия наук	0.0	0	1947-10-01	1996-01-12	0
[1990, 1998]	г гадамер	Q76356	Ганс Георг Гадамер	P463	участник организации или клуба	Саксонская академия наук	0.0	0	1996-01-12	0	0
[1991, 1995]	г георгиу	Q4135883	Георгий Александрович Георгиу	P570	дата смерти	0	0.0	1991-03-11	0	0	0
[1978, 1979]	г грин	Q128560	Грэм Грин	P1411	номинирован на	Нейштадтская литературная премия	0.0	0	0	0	1978-01-01
[1981, 1982]	г грин	Q128560	Грэм Грин	P166	полученные награды	Иерусалимская премия	0.0	0	0	0	1981-01-01
