Year or Period	Bigram	#Q	Subject	#P	Predicate	Object	Organization	Just Date	Start Time	End Time	Time Point
1997	глава администрация	Q2741486	глава администрации Гонконга	P571	дата основания/создания/возникновения	0	0	1997-07-01	0	0	0
1997	глава город	Q19829755	глава города Вологды	P1308	должность занимает	Алексей Якуничев	0	0	1995-05-11	2008-07-05	0
[1956, 1968]	глава государство	Q1622311	Главы государства Мавритании	P571	дата основания/создания/возникновения	0	0	1961-08-20	0	0	0
[1991, 2009]	глава государство	Q1592282	Глава государства	P577	дата публикации	0	0	2003-11-27	0	0	0
[1991, 2009]	глава государство	Q1592282	Глава государства	P577	дата публикации	0	0	2003-03-28	0	0	0
[1983, 1987]	глава кабинет	Q2365600	Контора	P577	дата публикации	0	0	1985-01-01	0	0	0
[1991, 1999]	глава край	Q24933296	губернатор Красноярского края	P571	дата основания/создания/возникновения	0	0	1991-12-29	0	0	0
1923	глава правительство	Q462189	Главы правительства СССР	P571	дата основания/создания/возникновения	0	0	1922-12-30	0	0	0
[1991, 2001]	глава правительство	Q2741486	глава администрации Гонконга	P571	дата основания/создания/возникновения	0	0	1997-07-01	0	0	0
1923	глава правительство	Q1144716	премьер-министр Лихтенштейна	P571	дата основания/создания/возникновения	0	0	1921-03-02	0	0	0
1993	глава правительство	Q462189	Главы правительства СССР	P582	дата окончания	0	0	1991-12-25	0	0	0
[1984, 2007]	глава республика	Q4139086	глава Республики Бурятия	P571	дата основания/создания/возникновения	0	0	1994-07-01	0	0	0
2001	глава республика	Q16911974	Глава Удмуртской Республики	P571	дата основания/создания/возникновения	0	0	2000-11-03	0	0	0
[1984, 2007]	глава республика	Q3270400	глава Республики Адыгея	P571	дата основания/создания/возникновения	0	0	1992-01-05	0	0	0
[1984, 2007]	глава республика	Q2344821	глава Республики Дагестан	P571	дата основания/создания/возникновения	0	0	1992-01-01	0	0	0
[1984, 2007]	глава республика	Q2030731	Главы Ингушетии после 1991 года	P571	дата основания/создания/возникновения	0	0	1993-02-18	0	0	0
[1984, 2007]	глава республика	Q4139090	глава Республики Саха (Якутия)	P571	дата основания/создания/возникновения	0	0	1991-01-01	0	0	0
[1984, 2007]	глава республика	Q16911984	глава Чувашской Республики	P571	дата основания/создания/возникновения	0	0	1994-01-21	0	0	0
[1984, 2007]	глава республика	Q3555636	глава Башкортостана	P571	дата основания/создания/возникновения	0	0	1993-12-24	0	0	0
[1984, 2007]	глава республика	Q4376683	глава Республики Тыва	P571	дата основания/создания/возникновения	0	0	1992-01-01	0	0	0
[1988, 1999]	глава ссср	Q462189	Главы правительства СССР	P582	дата окончания	0	0	1991-12-25	0	0	0
1979	главарь мафия	Q1238847	Главарь мафии	P577	дата публикации	0	0	1978-01-01	0	0	0
1972	главное интервью	Q12850237	Главное интервью	P577	дата публикации	0	0	1971-01-01	0	0	0
1993	главнокомандующий войско	Q4139172	Главнокомандующие Сухопутными войсками СССР и России	P571	дата основания/создания/возникновения	0	0	1992-06-10	0	0	0
[1991, 1999]	главнокомандующий сухопутный	Q4139172	Главнокомандующие Сухопутными войсками СССР и России	P571	дата основания/создания/возникновения	0	0	1992-06-10	0	0	0
1934	главный агрегат	Q189859	паровая турбина	P575	дата открытия	0	0	1884-01-01	0	0	0
[1993, 1994]	главный больница	Q1136370	Главный госпиталь	P166	полученные награды	Daytime Emmy Award for Outstanding Supporting Actor in a Drama Series	0	0	0	0	1993-01-01
[2000, 2004]	главный больница	Q1136370	Главный госпиталь	P166	полученные награды	Daytime Emmy Award for Outstanding Supporting Actress in a Drama Series	0	0	0	0	2003-01-01
[2000, 2004]	главный больница	Q1136370	Главный госпиталь	P166	полученные награды	Daytime Emmy Award for Outstanding Drama Series Writing Team	0	0	0	0	2003-01-01
[2000, 2004]	главный больница	Q1136370	Главный госпиталь	P166	полученные награды	Daytime Emmy Award for Outstanding Lead Actor in a Drama Series	0	0	0	0	2003-01-01
[2000, 2004]	главный больница	Q1136370	Главный госпиталь	P166	полученные награды	Daytime Emmy Award for Outstanding Younger Actor in a Drama Series	0	0	0	0	2002-01-01
[2000, 2004]	главный больница	Q1136370	Главный госпиталь	P166	полученные награды	Daytime Emmy Award for Outstanding Drama Series	0	0	0	0	2000-01-01
[1979, 1980]	главный больница	Q1136370	Главный госпиталь	P166	полученные награды	Daytime Emmy Award for Outstanding Supporting Actor in a Drama Series	0	0	0	0	1979-01-01
[2000, 2004]	главный больница	Q1136370	Главный госпиталь	P166	полученные награды	Daytime Emmy Award for Outstanding Lead Actor in a Drama Series	0	0	0	0	2000-01-01
[1997, 1998]	главный больница	Q1136370	Главный госпиталь	P166	полученные награды	Daytime Emmy Award for Outstanding Drama Series	0	0	0	0	1997-01-01
[1997, 1998]	главный больница	Q1136370	Главный госпиталь	P166	полученные награды	Daytime Emmy Award for Outstanding Younger Actress in a Drama Series	0	0	0	0	1997-01-01
[1997, 1998]	главный больница	Q1136370	Главный госпиталь	P166	полученные награды	Directors Guild of America Award for Outstanding Directing – Daytime Serials	0	0	0	0	1997-01-01
[2000, 2004]	главный больница	Q1136370	Главный госпиталь	P166	полученные награды	Daytime Emmy Award for Outstanding Drama Series Directing Team	0	0	0	0	2000-01-01
[2000, 2004]	главный больница	Q1136370	Главный госпиталь	P166	полученные награды	Daytime Emmy Award for Outstanding Supporting Actress in a Drama Series	0	0	0	0	2000-01-01
[1945, 1949]	главный ботанический	Q894653	Главный ботанический сад имени Н. В. Цицина РАН	P571	дата основания/создания/возникновения	0	0	1945-04-14	0	0	0
[1996, 2009]	главный герой	Q4139190	Главный герой	P580	дата начала	0	0	2007-02-04	0	0	0
1997	главный госпиталь	Q1136370	Главный госпиталь	P166	полученные награды	Daytime Emmy Award for Outstanding Drama Series	0	0	0	0	1996-01-01
2006	главный госпиталь	Q1136370	Главный госпиталь	P166	полученные награды	Daytime Emmy Award for Outstanding Lead Actor in a Drama Series	0	0	0	0	2006-01-01
2006	главный госпиталь	Q1136370	Главный госпиталь	P166	полученные награды	Daytime Emmy Award for Outstanding Drama Series	0	0	0	0	2006-01-01
2006	главный госпиталь	Q1136370	Главный госпиталь	P166	полученные награды	Daytime Emmy Award for Outstanding Drama Series Directing Team	0	0	0	0	2006-01-01
2000	главный госпиталь	Q1136370	Главный госпиталь	P166	полученные награды	Daytime Emmy Award for Outstanding Drama Series Directing Team	0	0	0	0	2000-01-01
2006	главный госпиталь	Q1136370	Главный госпиталь	P166	полученные награды	Daytime Emmy Award for Outstanding Younger Actor in a Drama Series	0	0	0	0	2004-01-01
2000	главный госпиталь	Q1136370	Главный госпиталь	P166	полученные награды	Daytime Emmy Award for Outstanding Lead Actor in a Drama Series	0	0	0	0	1999-01-01
1997	главный госпиталь	Q1136370	Главный госпиталь	P166	полученные награды	Daytime Emmy Award for Outstanding Younger Actress in a Drama Series	0	0	0	0	1997-01-01
2000	главный госпиталь	Q1136370	Главный госпиталь	P166	полученные награды	Daytime Emmy Award for Outstanding Supporting Actor in a Drama Series	0	0	0	0	1999-01-01
1997	главный госпиталь	Q1136370	Главный госпиталь	P166	полученные награды	Directors Guild of America Award for Outstanding Directing – Daytime Serials	0	0	0	0	1997-01-01
2000	главный госпиталь	Q1136370	Главный госпиталь	P166	полученные награды	Daytime Emmy Award for Outstanding Younger Actress in a Drama Series	0	0	0	0	1998-01-01
2000	главный госпиталь	Q1136370	Главный госпиталь	P166	полученные награды	Daytime Emmy Award for Outstanding Younger Actor in a Drama Series	0	0	0	0	1999-01-01
2000	главный госпиталь	Q1136370	Главный госпиталь	P166	полученные награды	Daytime Emmy Award for Outstanding Drama Series Writing Team	0	0	0	0	1999-01-01
2000	главный госпиталь	Q1136370	Главный госпиталь	P166	полученные награды	Daytime Emmy Award for Outstanding Drama Series	0	0	0	0	1999-01-01
2000	главный госпиталь	Q1136370	Главный госпиталь	P166	полученные награды	Daytime Emmy Award for Outstanding Younger Actor in a Drama Series	0	0	0	0	1998-01-01
2000	главный госпиталь	Q1136370	Главный госпиталь	P166	полученные награды	Daytime Emmy Award for Outstanding Supporting Actor in a Drama Series	0	0	0	0	1998-01-01
2006	главный госпиталь	Q1136370	Главный госпиталь	P166	полученные награды	Daytime Emmy Award for Outstanding Drama Series Directing Team	0	0	0	0	2005-01-01
2006	главный госпиталь	Q1136370	Главный госпиталь	P166	полученные награды	Directors Guild of America Award for Outstanding Directing – Daytime Serials	0	0	0	0	2005-01-01
[2006, 2008]	главный госпиталь	Q1136370	Главный госпиталь	P166	полученные награды	Daytime Emmy Award for Outstanding Supporting Actor in a Drama Series	0	0	0	0	2007-01-01
1997	главный госпиталь	Q1136370	Главный госпиталь	P166	полученные награды	Daytime Emmy Award for Outstanding Supporting Actress in a Drama Series	0	0	0	0	1995-01-01
[1983, 1985]	главный госпиталь	Q1136370	Главный госпиталь	P166	полученные награды	Daytime Emmy Award for Outstanding Drama Series	0	0	0	0	1984-01-01
1997	главный госпиталь	Q1136370	Главный госпиталь	P166	полученные награды	Daytime Emmy Award for Outstanding Younger Actress in a Drama Series	0	0	0	0	1996-01-01
2000	главный госпиталь	Q1136370	Главный госпиталь	P166	полученные награды	Daytime Emmy Award for Outstanding Lead Actor in a Drama Series	0	0	0	0	2000-01-01
2000	главный госпиталь	Q1136370	Главный госпиталь	P166	полученные награды	Daytime Emmy Award for Outstanding Supporting Actress in a Drama Series	0	0	0	0	2000-01-01
1997	главный госпиталь	Q1136370	Главный госпиталь	P166	полученные награды	Directors Guild of America Award for Outstanding Directing – Daytime Serials	0	0	0	0	1995-01-01
2000	главный госпиталь	Q1136370	Главный госпиталь	P166	полученные награды	Daytime Emmy Award for Outstanding Drama Series	0	0	0	0	2000-01-01
[2003, 2004]	главный госпиталь	Q1136370	Главный госпиталь	P166	полученные награды	Daytime Emmy Award for Outstanding Lead Actor in a Drama Series	0	0	0	0	2003-01-01
1997	главный госпиталь	Q1136370	Главный госпиталь	P166	полученные награды	Daytime Emmy Award for Outstanding Drama Series	0	0	0	0	1995-01-01
[2003, 2004]	главный госпиталь	Q1136370	Главный госпиталь	P166	полученные награды	Daytime Emmy Award for Outstanding Drama Series Writing Team	0	0	0	0	2003-01-01
[2003, 2004]	главный госпиталь	Q1136370	Главный госпиталь	P166	полученные награды	Daytime Emmy Award for Outstanding Supporting Actress in a Drama Series	0	0	0	0	2003-01-01
2006	главный госпиталь	Q1136370	Главный госпиталь	P166	полученные награды	Daytime Emmy Award for Outstanding Drama Series Directing Team	0	0	0	0	2004-01-01
2006	главный госпиталь	Q1136370	Главный госпиталь	P166	полученные награды	Daytime Emmy Award for Outstanding Supporting Actor in a Drama Series	0	0	0	0	2004-01-01
[2006, 2008]	главный госпиталь	Q1136370	Главный госпиталь	P166	полученные награды	Daytime Emmy Award for Outstanding Supporting Actress in a Drama Series	0	0	0	0	2007-01-01
2006	главный госпиталь	Q1136370	Главный госпиталь	P166	полученные награды	Daytime Emmy Award for Outstanding Lead Actor in a Drama Series	0	0	0	0	2004-01-01
2006	главный госпиталь	Q1136370	Главный госпиталь	P166	полученные награды	Daytime Emmy Award for Outstanding Drama Series	0	0	0	0	2005-01-01
2006	главный госпиталь	Q1136370	Главный госпиталь	P166	полученные награды	Daytime Emmy Award for Outstanding Supporting Actress in a Drama Series	0	0	0	0	2005-01-01
1997	главный госпиталь	Q1136370	Главный госпиталь	P166	полученные награды	Daytime Emmy Award for Outstanding Younger Actor in a Drama Series	0	0	0	0	1995-01-01
1997	главный госпиталь	Q1136370	Главный госпиталь	P166	полученные награды	Daytime Emmy Award for Outstanding Drama Series Writing Team	0	0	0	0	1995-01-01
1997	главный госпиталь	Q1136370	Главный госпиталь	P166	полученные награды	Daytime Emmy Award for Outstanding Drama Series	0	0	0	0	1997-01-01
[2003, 2008]	главный дорога	Q4139135	Главная дорога	P580	дата начала	0	0	2005-09-10	0	0	0
1942	главный командование	Q4055881	Авиация дальнего действия СССР	P571	дата основания/создания/возникновения	0	0	1942-01-01	0	0	0
1925	главный концессионный	Q4139202	Главный концессионный комитет	P571	дата основания/создания/возникновения	0	0	1923-01-01	0	0	0
[1957, 1962]	главный маршал	Q28058490	Джом Ронгсванг	P569	дата рождения	0	0	1958-05-15	0	0	0
[1957, 1962]	главный маршал	Q58211999	Сунтипан Куенкуп	P569	дата рождения	0	0	1957-02-01	0	0	0
[1957, 1962]	главный маршал	Q58375097	Джирасад Мудвад	P569	дата рождения	0	0	1957-01-27	0	0	0
[1955, 1960]	главный министр	Q1813083	Главный министр Андхра-Прадеш	P571	дата основания/создания/возникновения	0	0	1956-11-01	0	0	0
[1991, 2009]	главный музей	Q4139208	Главный национальный музей Туркмении	P571	дата основания/создания/возникновения	0	0	1998-01-01	0	0	0
[1967, 1980]	главный направление	Q58215900	Освобождение: Направление главного удара	P577	дата публикации	0	0	1971-03-27	0	0	0
1954	главный павильон	Q4139210	Главный павильон ВДНХ	P571	дата основания/создания/возникновения	0	0	1954-01-01	0	0	0
[1981, 1986]	главный подозреваемый	Q33654964	Главный подозреваемый	P577	дата публикации	0	0	1982-01-01	0	0	0
[1965, 1973]	главный свидетель	Q4139218	Главный свидетель	P577	дата публикации	0	0	1969-01-01	0	0	0
[1973, 1981]	главный событие	Q1311089	Главное событие	P577	дата публикации	0	0	1979-06-22	0	0	0
[1973, 1981]	главный событие	Q1311089	Главное событие	P577	дата публикации	0	0	1979-09-13	0	0	0
[2005, 2008]	главный судья	Q11147	председатель Верховного суда США	P1308	должность занимает	Робертс, Джон Гловер	0	0	2005-09-29	0	0
[1946, 1947]	главный судья	Q11147	председатель Верховного суда США	P1308	должность занимает	Фредерик Мур Винсон	0	0	1946-06-21	1953-09-08	0
[1946, 1947]	главный судья	Q11147	председатель Верховного суда США	P1308	должность занимает	Harlan F. Stone	0	0	1941-07-03	1946-04-22	0
[2005, 2008]	главный судья	Q11147	председатель Верховного суда США	P1308	должность занимает	Ренквист, Уильям Хаббс	0	0	1986-09-26	2005-09-03	0
[1979, 1981]	главный фильм	Q4139201	Главный конструктор	P577	дата публикации	0	0	1980-01-01	0	0	0
1941	главный я	Q11715111	Руковожу здесь я	P577	дата публикации	0	0	1939-01-01	0	0	0
[1995, 1997]	глаголева в	Q4139264	Вера Витальевна Глаголева	P166	полученные награды	заслуженный артист Российской Федерации	0	0	0	0	1995-12-28
1954	гладиатор и	Q1213081	Деметрий и гладиаторы	P793	ключевое событие	съёмочный период	0	0	1953-05-25	1953-07-01	0
1954	гладиатор и	Q1213081	Деметрий и гладиаторы	P577	дата публикации	0	0	1954-01-01	0	0	0
1954	гладиатор и	Q1213081	Деметрий и гладиаторы	P577	дата публикации	0	0	1954-06-18	0	0	0
1977	гладкий е	Q4139290	Гладких, Яков Емельянович	P570	дата смерти	0	0	1975-11-26	0	0	0
[2005, 2006]	гладкий область	Q19648685	Гладкое	P131	административно-территориальная единица	Сельское поселение Базаровское	0	0	2005-02-28	2015-10-11	0
1977	гладков а	Q4139292	Александр Константинович Гладков	P570	дата смерти	0	0	1976-04-11	0	0	0
[1952, 1954]	гладков г	Q4139303	Геннадий Игоревич Гладков	P2031	начало периода активности	0	0	1953-01-01	0	0	0
1936	гладков и	Q4139303	Геннадий Игоревич Гладков	P569	дата рождения	0	0	1935-02-18	0	0	0
[1948, 1955]	гладков и	Q4139303	Геннадий Игоревич Гладков	P2031	начало периода активности	0	0	1953-01-01	0	0	0
1962	гладков к	Q4139292	Александр Константинович Гладков	P569	дата рождения	0	0	1912-03-30	0	0	0
1944	гладстон в	Q160852	Уильям Гладстон	P39	занимаемая должность	премьер-министр Великобритании	0	0	1892-08-15	1894-03-02	0
1944	гладстон в	Q160852	Уильям Гладстон	P39	занимаемая должность	лорд-хранитель Малой печати	0	0	1892-08-15	1894-03-02	0
1944	гладстон вильям	Q160852	Уильям Гладстон	P39	занимаемая должность	премьер-министр Великобритании	0	0	1892-08-15	1894-03-02	0
1944	гладстон вильям	Q160852	Уильям Гладстон	P39	занимаемая должность	лорд-хранитель Малой печати	0	0	1892-08-15	1894-03-02	0
1957	гладстон уильям	Q160852	Уильям Гладстон	P39	занимаемая должность	Member of the 17th Parliament of the United Kingdom	0	0	1857-03-27	1859-04-23	0
1957	гладстон уильям	Q160852	Уильям Гладстон	P39	занимаемая должность	Member of the 16th Parliament of the United Kingdom	0	0	1852-07-07	1857-03-21	0
1937	гладун а	Q4139337	Гладун, Анатолий Деомидович	P569	дата рождения	0	0	1935-01-21	0	0	0
[2001, 2002]	глаз ангел	Q531675	Глаза ангела	P577	дата публикации	0	0	2001-01-01	0	0	0
[1989, 1994]	глаз ангел	Q281281	Ангельские глазки	P577	дата публикации	0	0	1991-01-01	0	0	0
[1990, 1997]	глаз два	Q2118787	Два злобных глаза	P577	дата публикации	0	0	1990-01-01	0	0	0
[1966, 1967]	глаз дьявол	Q1219280	Глаз дьявола	P577	дата публикации	0	0	1966-01-01	0	0	0
[1995, 1999]	глаз змея	Q1423334	Глаза змеи	P577	дата публикации	0	0	1998-01-01	0	0	0
[1995, 1999]	глаз змея	Q1423334	Глаза змеи	P577	дата публикации	0	0	1998-11-19	0	0	0
1947	глаз золотой	Q3773063	Золотой глаз	P127	владельцем является	Ян Флеминг	0	0	1946-01-01	1964-01-01	0
[1977, 1979]	глаз золотой	Q3773063	Золотой глаз	P127	владельцем является	Боб Марли	0	0	1976-01-01	1977-01-01	0
[1991, 1997]	глаз золотой	Q19089	Золотой глаз	P577	дата публикации	0	0	1995-11-17	0	0	0
1947	глаз золотой	Q3773063	Золотой глаз	P571	дата основания/создания/возникновения	0	0	1946-01-01	0	0	0
[1977, 1979]	глаз золотой	Q3773063	Золотой глаз	P127	владельцем является	Крис Блэкуэлл	0	0	1977-01-01	0	0
[1991, 1997]	глаз золотой	Q19089	Золотой глаз	P577	дата публикации	0	0	1995-12-08	0	0	0
[1991, 1997]	глаз золотой	Q19089	Золотой глаз	P577	дата публикации	0	0	1995-12-28	0	0	0
[1984, 1988]	глаз искра	Q272064	Искры из глаз	P577	дата публикации	0	0	1987-07-31	0	0	0
[1984, 1988]	глаз искра	Q272064	Искры из глаз	P577	дата публикации	0	0	1987-07-10	0	0	0
[1984, 1988]	глаз искра	Q272064	Искры из глаз	P577	дата публикации	0	0	1987-08-13	0	0	0
1964	глаз клоун	Q514002	Глазами клоуна	P577	дата публикации	0	0	1963-01-01	0	0	0
1964	глаз клоун	Q514002	Глазами клоуна	P571	дата основания/создания/возникновения	0	0	1963-01-01	0	0	0
[1982, 1984]	глаз кот	Q5422666	Глаз Кота	P577	дата публикации	0	0	1982-01-01	0	0	0
1993	глаз общество	Q1029546	Фотограф	P577	дата публикации	0	0	1992-01-01	0	0	0
1993	глаз общество	Q1029546	Фотограф	P577	дата публикации	0	0	1992-10-16	0	0	0
1993	глаз общество	Q1029546	Фотограф	P577	дата публикации	0	0	1993-02-04	0	0	0
[2007, 2009]	глаз перед	Q870306	Вспышки перед глазами	P577	дата публикации	0	0	2007-02-14	0	0	0
1990	глаз пришвин	Q4099128	Бумажные глаза Пришвина	P577	дата публикации	0	0	1989-01-01	0	0	0
[1976, 1978]	глаз смеяться	Q5626835	Смеющиеся глаза	P577	дата публикации	0	0	1977-01-01	0	0	0
2007	глаз страх	Q970363	Глаза страха	P577	дата публикации	0	0	2006-01-01	0	0	0
[1983, 1987]	глаз тигр	Q2090840	Глаз тигра	P577	дата публикации	0	0	1986-11-28	0	0	0
[1983, 1987]	глаз тигр	Q2090840	Глаз тигра	P577	дата публикации	0	0	1986-01-01	0	0	0
2001	глазенап петр	Q4139408	Глазенап, Пётр Владимирович	P570	дата смерти	0	0	1951-05-27	0	0	0
[1989, 1990]	глазной гипертензия	Q9294051	Глазная гипертензия	P2176	лекарство, используемое для лечения	metipranolol	0	0	1989-12-29	0	0
[1933, 1937]	глазовский район	Q1535674	Глазовский район	P131	административно-территориальная единица	Удмуртская Автономная Советская Социалистическая Республика	0	0	1934-12-28	1991-10-10	0
[1978, 1980]	глазок и	Q4139424	Глазков, Николай Иванович	P570	дата смерти	0	0	1979-10-01	0	0	0
[1977, 1981]	глазок н	Q4139424	Глазков, Николай Иванович	P570	дата смерти	0	0	1979-10-01	0	0	0
[1949, 1950]	глазок николай	Q4139419	Глазков, Николай Григорьевич	P569	дата рождения	0	0	1949-02-16	0	0	0
1962	глазунов александр	Q19907704	Глазунов, Александр Александрович	P570	дата смерти	0	0	1960-06-05	0	0	0
1994	глазунов василий	Q1968671	Василий Афанасьевич Глазунов	P166	полученные награды	медаль «Золотая Звезда»	0	0	0	0	1944-03-19
1994	глазунов василий	Q1968671	Василий Афанасьевич Глазунов	P410	воинское звание	генерал-лейтенант	0	0	1944-03-19	0	0
1994	глазунов василий	Q1968671	Василий Афанасьевич Глазунов	P166	полученные награды	орден Ленина	0	0	0	0	1944-03-19
1994	глазунов василий	Q1968671	Василий Афанасьевич Глазунов	P166	полученные награды	Герой Советского Союза	0	0	0	0	1944-03-19
1994	глазунов василий	Q1968671	Василий Афанасьевич Глазунов	P166	полученные награды	орден Суворова II степени	0	0	0	0	1944-02-22
1994	глазунов василий	Q1968671	Василий Афанасьевич Глазунов	P166	полученные награды	орден Красного Знамени	0	0	0	0	1944-11-03
1994	глазунов василий	Q1968671	Василий Афанасьевич Глазунов	P166	полученные награды	орден Кутузова II степени	0	0	0	0	1944-08-23
1994	глазуновский район	Q2217629	Глазуновский район	P131	административно-территориальная единица	Курская область	0	0	1935-01-18	1944-07-12	0
1994	глазуновский район	Q2217629	Глазуновский район	P131	административно-территориальная единица	Орловская область	0	0	1944-07-13	1963-02-01	0
[1965, 1966]	глазуновский район	Q2217629	Глазуновский район	P131	административно-территориальная единица	Орловская область	0	0	1965-01-12	0	0
[1990, 1995]	глас вопиющий	Q7773012	Глас вопиющий	P577	дата публикации	0	0	1991-01-01	0	0	0
2004	глас народ	Q4139537	Глас народа	P582	дата окончания	0	0	2002-11-02	0	0	0
[1995, 2004]	глас народ	Q4139537	Глас народа	P580	дата начала	0	0	1999-10-26	0	0	0
[1981, 1985]	глаубер рош	Q55426	Роша, Глаубер	P570	дата смерти	0	0	1981-08-22	0	0	0
[2006, 2008]	глаубер рош	Q55426	Роша, Глаубер	P166	полученные награды	орден «За заслуги в культуре»	0	0	0	0	2007-01-01
[1947, 1958]	глафира ивановна	Q20752238	Глафира Ивановна Окулова	P570	дата смерти	0	0	1957-09-18	0	0	0
1971	глафира макарьевна	Q6482938	Глафира Макарьевна Василевич	P570	дата смерти	0	0	1971-04-22	0	0	0
[1989, 1990]	глафира сергеевна	Q609210	Глафира Сергеевна Мартинович	P569	дата рождения	0	0	1989-02-04	0	0	0
[1966, 1967]	глеб аксельрод	Q4059880	Аксельрод, Глеб Борисович	P166	полученные награды	заслуженный деятель искусств РСФСР	0	0	0	0	1966-01-01
[2005, 2007]	глеб александрович	Q109722	Рар, Глеб Александрович	P570	дата смерти	0	0	2006-03-03	0	0	0
[1933, 1937]	глеб александрович	Q4197016	Ивашенцов, Глеб Александрович (врач)	P570	дата смерти	0	0	1933-12-09	0	0	0
1954	глеб александрович	Q19910567	Никольский, Глеб Александрович	P569	дата рождения	0	0	1952-01-01	0	0	0
1954	глеб александрович	Q15064055	Анищенко, Глеб Александрович	P569	дата рождения	0	0	1952-10-13	0	0	0
[1987, 1995]	глеб александрович	Q4209235	Каледа, Глеб Александрович	P570	дата смерти	0	0	1994-11-01	0	0	0
[1987, 1995]	глеб александрович	Q19909740	Криулин, Глеб Александрович	P570	дата смерти	0	0	1988-04-19	0	0	0
[1987, 1992]	глеб алексеевич	Q18044673	Ванаг, Глеб Алексеевич	P570	дата смерти	0	0	1991-11-13	0	0	0
[1967, 1970]	глеб алексеевич	Q4302601	Морев, Глеб Алексеевич	P569	дата рождения	0	0	1968-07-03	0	0	0
[1992, 1995]	глеб алехин	Q4063785	Алёхин, Глеб Викторович	P570	дата смерти	0	0	1994-01-01	0	0	0
1944	глеб анатольевич	Q4093383	Бонч-Осмоловский, Глеб Анатольевич	P570	дата смерти	0	0	1943-11-01	0	0	0
[1995, 1998]	глеб андреевич	Q2501320	Рассадкин, Глеб Андреевич	P569	дата рождения	0	0	1995-04-05	0	0	0
1987	глеб бокий	Q2909234	Глеб Иванович Бокий	P570	дата смерти	0	0	1937-11-15	0	0	0
[1957, 1963]	глеб борисович	Q15060827	Юрченко, Глеб Борисович	P569	дата рождения	0	0	1959-02-19	0	0	0
2000	глеб борисович	Q19906651	Обнинский, Глеб Борисович	P569	дата рождения	0	0	1900-08-22	0	0	0
2000	глеб борисович	Q4168435	Дроздов, Глеб Борисович	P570	дата смерти	0	0	2000-12-16	0	0	0
1996	глеб борисович	Q4105376	Вахмистров, Глеб Борисович	P570	дата смерти	0	0	1994-07-19	0	0	0
1978	глеб борисович	Q19845451	Сергеев, Глеб Борисович	P569	дата рождения	0	0	1928-06-04	0	0	0
[1994, 2000]	глеб борисович	Q56751908	Глеб Борисович Кузьмин	P569	дата рождения	0	0	1997-01-05	0	0	0
[1981, 1982]	глеб борисович	Q4424657	Смирнов, Глеб Борисович	P570	дата смерти	0	0	1981-05-06	0	0	0
1940	глеб васильевич	Q4061644	Алексеев, Глеб Васильевич	P570	дата смерти	0	0	1938-09-01	0	0	0
1980	глеб васильевич	Q4483730	Филаретов, Глеб Васильевич	P570	дата смерти	0	0	1979-01-01	0	0	0
[1954, 1960]	глеб васильевич	Q4234055	Коротеев, Глеб Васильевич	P2031	начало периода активности	0	0	1958-01-01	0	0	0
[1994, 1996]	глеб викторович	Q4063785	Алёхин, Глеб Викторович	P570	дата смерти	0	0	1994-01-01	0	0	0
[1974, 1977]	глеб владимирович	Q3108636	Дерюжинский, Глеб Владимирович	P570	дата смерти	0	0	1975-03-09	0	0	0
1942	глеб владимирович	Q19908343	Чижов, Глеб Владимирович	P569	дата рождения	0	0	1892-01-01	0	0	0
[1974, 1977]	глеб владимирович	Q12105258	Загорий, Глеб Владимирович	P569	дата рождения	0	0	1976-08-21	0	0	0
[1974, 1977]	глеб владимирович	Q4075980	Бакланов, Глеб Владимирович	P570	дата смерти	0	0	1976-01-16	0	0	0
[1958, 1962]	глеб владимирович	Q356003	Носовский, Глеб Владимирович	P569	дата рождения	0	0	1958-01-26	0	0	0
[1974, 1977]	глеб владимирович	Q4417322	Серебровский, Глеб Владимирович	P570	дата смерти	0	0	1975-01-01	0	0	0
[1988, 2001]	глеб владимирович	Q4107912	Вернер, Глеб Владимирович	P570	дата смерти	0	0	1989-07-02	0	0	0
1998	глеб горышин	Q4146099	Горышин, Глеб Александрович	P570	дата смерти	0	0	1998-04-10	0	0	0
[2000, 2004]	глеб евгеньевич	Q937507	Лозино-Лозинский, Глеб Евгеньевич	P570	дата смерти	0	0	2001-11-28	0	0	0
1972	глеб евгеньевич	Q742217	Глеб Евгеньевич Котельников	P569	дата рождения	0	0	1872-01-30	0	0	0
1939	глеб иванович	Q12173191	Глеб Иванович Юченков	P2031	начало периода активности	0	0	1937-01-01	0	0	0
1939	глеб иванович	Q2909234	Глеб Иванович Бокий	P570	дата смерти	0	0	1937-11-15	0	0	0
[1924, 1929]	глеб иванович	Q4502209	Худяков, Глеб Иванович	P569	дата рождения	0	0	1928-11-20	0	0	0
[1924, 1929]	глеб иванович	Q15079558	Селянин, Глеб Иванович	P569	дата рождения	0	0	1926-03-12	0	0	0
1995	глеб калед	Q4209235	Каледа, Глеб Александрович	P570	дата смерти	0	0	1994-11-01	0	0	0
[1987, 1990]	глеб львович	Q19614467	Герасименко, Глеб Львович	P569	дата рождения	0	0	1988-02-27	0	0	0
[1956, 1964]	глеб максимилианович	Q944478	Кржижановский, Глеб Максимилианович	P570	дата смерти	0	0	1959-03-31	0	0	0
1997	глеб михайлович	Q4449185	Табаков, Глеб Михайлович	P570	дата смерти	0	0	1995-10-10	0	0	0
[2003, 2005]	глеб михайлович	Q4428044	Соловьёв, Глеб Михайлович	P570	дата смерти	0	0	2004-08-03	0	0	0
[1958, 1965]	глеб михайлович	Q4384680	Пушкарёв, Глеб Михайлович	P570	дата смерти	0	0	1961-08-06	0	0	0
1984	глеб николаевич	Q767165	Заходякин, Глеб Николаевич	P570	дата смерти	0	0	1982-03-06	0	0	0
[1986, 1987]	глеб николаевич	Q4344424	Панфёров, Глеб Николаевич	P54	член спортивной команды	Спартак	0	0	1986-01-01	1988-01-01	0
[1959, 1965]	глеб николаевич	Q15074126	Музруков, Глеб Николаевич	P569	дата рождения	0	0	1961-11-16	0	0	0
[1994, 1997]	глеб николаевич	Q4344424	Панфёров, Глеб Николаевич	P54	член спортивной команды	Жемчужина-Сочи	0	0	1996-01-01	1996-01-01	0
[1994, 1997]	глеб николаевич	Q4344424	Панфёров, Глеб Николаевич	P54	член спортивной команды	КАМАЗ	0	0	1994-01-01	1994-01-01	0
[1994, 1997]	глеб николаевич	Q4344424	Панфёров, Глеб Николаевич	P54	член спортивной команды	Торпедо	0	0	1995-01-01	1996-01-01	0
[1976, 1980]	глеб олегович	Q1474241	Писаревский, Глеб Олегович	P569	дата рождения	0	0	1976-06-28	0	0	0
[1989, 1994]	глеб павлович	Q12159970	Таранов, Глеб Павлович	P570	дата смерти	0	0	1989-01-25	0	0	0
2001	глеб павловский	Q562213	Павловский, Глеб Олегович	P569	дата рождения	0	0	1951-03-05	0	0	0
2006	глеб рар	Q109722	Рар, Глеб Александрович	P570	дата смерти	0	0	2006-03-03	0	0	0
[1982, 1984]	глеб семенов	Q4415817	Семёнов, Глеб Сергеевич	P570	дата смерти	0	0	1982-01-23	0	0	0
2003	глеб сергеевич	Q4255735	Лебедев, Глеб Сергеевич	P570	дата смерти	0	0	2003-08-15	0	0	0
[1986, 1987]	глеб сергеевич	Q21152526	Сидорченко, Глеб Сергеевич	P569	дата рождения	0	0	1986-06-15	0	0	0
[1982, 1984]	глеб сергеевич	Q4415817	Семёнов, Глеб Сергеевич	P570	дата смерти	0	0	1982-01-23	0	0	0
1944	глеб юрьевич	Q4107760	Верещагин, Глеб Юрьевич	P570	дата смерти	0	0	1944-02-05	0	0	0
[1946, 1948]	глеб юрьевич	Q15067222	Ивакин, Глеб Юрьевич	P569	дата рождения	0	0	1947-01-30	0	0	0
[1971, 1975]	глеб юрьевич	Q4527605	Шульпяков, Глеб Юрьевич	P569	дата рождения	0	0	1971-01-28	0	0	0
[2001, 2004]	глеб юрьевич	Q17426771	Максимов, Глеб Юрьевич	P570	дата смерти	0	0	2001-08-26	0	0	0
[1964, 1968]	глебов александр	Q19614494	Глебов, Александр Александрович	P570	дата смерти	0	0	1967-01-01	0	0	0
1993	глебов иван	Q4139598	Глебов, Иван Семёнович	P570	дата смерти	0	0	1993-08-23	0	0	0
1941	глебов п	Q4139620	Пётр Петрович Глебов	P2031	начало периода активности	0	0	1940-01-01	0	0	0
[2000, 2006]	глебов петр	Q4139620	Пётр Петрович Глебов	P570	дата смерти	0	0	2000-04-17	0	0	0
[1981, 1986]	глен гульда	Q216924	Гульд, Гленн	P166	полученные награды	Зал славы канадской музыки	0	0	0	0	1983-01-01
[1981, 1986]	глен гульда	Q216924	Гульд, Гленн	P1411	номинирован на	премия «Джуно» за лучший классический альбом года — солисту или камерному ансамблю	0	0	0	0	1981-01-01
[1981, 1986]	глен гульда	Q216924	Гульд, Гленн	P1411	номинирован на	премия «Джуно» за лучший классический альбом года — солисту или камерному ансамблю	0	0	0	0	1983-01-01
[1981, 1986]	глен гульда	Q216924	Гульд, Гленн	P1411	номинирован на	Премия «Грэмми» за лучшее инструментальное сольное выступление (без оркестра)	0	0	0	0	1983-01-01
[1981, 1986]	глен гульда	Q216924	Гульд, Гленн	P166	полученные награды	премия «Джуно» за лучший классический альбом года — солисту или камерному ансамблю	0	0	0	0	1983-01-01
[1981, 1986]	глен гульда	Q216924	Гульд, Гленн	P1411	номинирован на	Grammy Award for Best Classical Performance – Instrumental Soloist or Soloists	0	0	0	0	1983-01-01
1986	глен гульда	Q216924	Гульд, Гленн	P1411	номинирован на	премия «Джуно» за лучший классический альбом года — солисту или камерному ансамблю	0	0	0	0	1984-01-01
1986	глен гульда	Q216924	Гульд, Гленн	P166	полученные награды	Зал славы премии «Грэмми»	0	0	0	0	1985-01-01
1986	глен гульда	Q216924	Гульд, Гленн	P166	полученные награды	премия «Джуно» за лучший классический альбом года — солисту или камерному ансамблю	0	0	0	0	1984-01-01
[1981, 1986]	глен гульда	Q216924	Гульд, Гленн	P570	дата смерти	0	0	1982-10-04	0	0	0
[1981, 1986]	глен гульда	Q216924	Гульд, Гленн	P1411	номинирован на	Премия «Грэмми» за лучшее инструментальное сольное выступление (без оркестра)	0	0	0	0	1982-01-01
[1981, 1986]	глен гульда	Q216924	Гульд, Гленн	P166	полученные награды	Премия «Грэмми» за лучшее инструментальное сольное выступление (без оркестра)	0	0	0	0	1982-01-01
2000	глен гульда	Q216924	Гульд, Гленн	P166	полученные награды	Канадская Аллея славы	0	0	0	0	1998-01-01
[1968, 1971]	глен гульда	Q216924	Гульд, Гленн	P166	полученные награды	премия Молсона	0	0	0	0	1968-01-01
[1981, 1986]	глен гульда	Q216924	Гульд, Гленн	P1411	номинирован на	Премия «Грэмми» за лучший классический альбом	0	0	0	0	1982-01-01
[1981, 1986]	глен гульда	Q216924	Гульд, Гленн	P166	полученные награды	Премия «Грэмми» за лучший классический альбом	0	0	0	0	1982-01-01
[1963, 1965]	глен миллер	Q5567897	Глен Миллер	P569	дата рождения	0	0	1963-11-03	0	0	0
[2003, 2009]	глен миллер	Q103651	Миллер, Гленн	P166	полученные награды	Grammy Lifetime Achievement Award	0	0	0	0	2003-01-01
1974	гленда джексон	Q182408	Джексон, Гленда	P166	полученные награды	премия «Оскар» за лучшую женскую роль	0	0	0	0	1973-01-01
[1992, 1994]	гленда джексон	Q182408	Джексон, Гленда	P39	занимаемая должность	Member of the 51st Parliament of the United Kingdom	0	0	1992-04-09	1997-04-08	0
1999	гленн гульда	Q216924	Гульд, Гленн	P166	полученные награды	Канадская Аллея славы	0	0	0	0	1998-01-01
1992	гленн клоуз	Q372311	Гленн Клоуз	P166	полученные награды	премия «Тони» за лучшую женскую роль в пьесе	0	0	0	0	1992-01-01
[1955, 1956]	гленн мартин	Q16732057	Гленн Мартин	P569	дата рождения	0	0	1955-12-30	0	0	0
1995	гленн миллер	Q103651	Миллер, Гленн	P166	полученные награды	Бронзовая звезда	0	0	0	0	1945-02-01
1938	гликман в	Q4139731	Гликман, Виктор Яковлевич	P570	дата смерти	0	0	1936-11-16	0	0	0
[1934, 1938]	гликман и	Q4139729	Гликман, Давид Иосифович	P570	дата смерти	0	0	1936-01-20	0	0	0
1955	глинка сергей	Q15065376	Сергей Фёдорович Глинка	P569	дата рождения	0	0	1855-09-07	0	0	0
1955	глинка сергей	Q15065376	Сергей Фёдорович Глинка	P166	полученные награды	орден Святого Владимира IV степени	0	0	0	0	1905-01-01
[1931, 1934]	глинка сергей	Q15065376	Сергей Фёдорович Глинка	P570	дата смерти	0	0	1933-04-18	0	0	0
[1978, 1981]	глиноземный завод	Q4320475	Николаевский глинозёмный завод	P571	дата основания/создания/возникновения	0	0	1980-01-01	0	0	0
1971	глиноземный комбинат	Q4386622	Ачинский глинозёмный комбинат	P571	дата основания/создания/возникновения	0	0	1970-01-01	0	0	0
[1954, 1958]	глиэр р	Q316795	Рейнгольд Морицевич Глиэр	P570	дата смерти	0	0	1956-06-23	0	0	0
[1987, 2001]	глобальный кризис	Q154510	Экономический кризис 2008—2012 годов	P585	момент времени	0	0	2000-01-01	0	0	0
2002	глобальный угроза	Q1377397	Глобальная угроза	P577	дата публикации	0	0	2002-01-01	0	0	0
2002	глобальный экономический	Q154510	Экономический кризис 2008—2012 годов	P585	момент времени	0	0	2000-01-01	0	0	0
2003	глобальный энергия	Q744056	Глобальная энергия	P571	дата основания/создания/возникновения	0	0	2002-01-01	0	0	0
[1926, 1932]	глория свенсон	Q229232	Глория Свенсон	P1411	номинирован на	премия «Оскар» за лучшую женскую роль	0	0	0	0	1929-01-01
[1926, 1932]	глория свенсон	Q229232	Глория Свенсон	P1411	номинирован на	премия «Оскар» за лучшую женскую роль	0	0	0	0	1930-01-01
[1965, 1972]	глоток свобода	Q42141238	Бедный Авросимов	P577	дата публикации	0	0	1969-01-01	0	0	0
1968	глубина память	Q1811390	Продажа воспоминаний по оптовым ценам	P577	дата публикации	0	0	1966-04-01	0	0	0
[1954, 1963]	глубинный структура	Q1412344	Глубинная структура	P571	дата основания/создания/возникновения	0	0	1960-01-01	0	0	0
[1977, 1978]	глубинный течение	Q1197126	Океан инволюции	P577	дата публикации	0	0	1977-01-01	0	0	0
[1979, 1984]	глубокий вода	Q3046770	Глубокие воды	P577	дата публикации	0	0	1981-01-01	0	0	0
[1961, 1970]	глубокий исследование	Q3055501	Глубокое исследование	P577	дата публикации	0	0	1968-01-01	0	0	0
[1987, 1994]	глубокий космос	Q108774	Звёздный путь: Глубокий космос 9	P449	первоначальная телесеть	телевизионная синдикация	0	0	1993-01-01	0	0
[1987, 1994]	глубокий космос	Q108774	Звёздный путь: Глубокий космос 9	P166	полученные награды	Primetime Emmy Award for Outstanding Main Title Theme Music	0	0	0	0	1993-01-01
[1999, 2000]	глубокий космос	Q108774	Звёздный путь: Глубокий космос 9	P582	дата окончания	0	0	1999-06-02	0	0	0
[1987, 1994]	глубокий космос	Q108774	Звёздный путь: Глубокий космос 9	P580	дата начала	0	0	1993-01-03	0	0	0
[1937, 1946]	глубокий ночь	Q2298679	Глубокой ночью	P577	дата публикации	0	0	1945-01-01	0	0	0
[1959, 1970]	глубокий поиск	Q60590422	Глубокий поиск	P577	дата публикации	0	0	1960-01-01	0	0	0
1946	глубокий поток	Q751858	Глубокий Поток	P571	дата основания/создания/возникновения	0	0	1946-01-01	0	0	0
[1939, 1943]	глубокий сон	Q1649862	Глубокий сон	P577	дата публикации	0	0	1939-01-01	0	0	0
[2004, 2009]	глубокий течение	Q4140158	Глубокое течение	P577	дата публикации	0	0	2005-01-01	0	0	0
[2004, 2009]	глубокий фильм	Q4140158	Глубокое течение	P577	дата публикации	0	0	2005-01-01	0	0	0
[1999, 2002]	глубоководный аппарат	Q3679466	Консул (глубоководный аппарат)	P729	дата принятия в эксплуатацию	0	0	2001-01-01	0	0	0
1966	глубоковский район	Q893317	Глубоковский район	P571	дата основания/создания/возникновения	0	0	1964-12-31	0	0	0
[1949, 1957]	глубокский район	Q2092119	Глубокский район	P131	административно-территориальная единица	Молодечненская область	0	0	1954-01-08	1960-01-20	0
[1949, 1957]	глубокский район	Q2092119	Глубокский район	P131	административно-территориальная единица	Полоцкая область	0	0	1944-09-20	1954-01-08	0
[1951, 1956]	глусский район	Q2024375	Глусский район	P131	административно-территориальная единица	Бобруйская область	0	0	1944-09-20	1954-01-08	0
[1951, 1956]	глусский район	Q2024375	Глусский район	P131	административно-территориальная единица	Минская область	0	0	1954-01-08	1960-01-23	0
[2003, 2004]	глухов с	Q4140274	Глухов, Максим Степанович	P570	дата смерти	0	0	2003-10-27	0	0	0
1937	глухов с	Q4140274	Глухов, Максим Степанович	P569	дата рождения	0	0	1937-11-23	0	0	0
1930	глуховский округ	Q4140324	Глуховский округ	P576	дата прекращения существования	0	0	1930-06-13	0	0	0
1927	глуховский округ	Q4140324	Глуховский округ	P131	административно-территориальная единица	Украинская Советская Социалистическая Республика	0	0	1925-08-01	1930-06-13	0
1927	глуховский округ	Q4140324	Глуховский округ	P131	административно-территориальная единица	Черниговская губерния	0	0	1923-04-12	1925-07-31	0
1927	глуховский округ	Q4140324	Глуховский округ	P36	столица	Новгород-Северский	0	0	1923-04-12	1925-08-18	0
1927	глуховский округ	Q4140324	Глуховский округ	P36	столица	Глухов	0	0	1925-08-19	1930-06-13	0
1925	глуховский уезд	Q12096204	Глуховский уезд	P576	дата прекращения существования	0	0	1923-03-07	0	0	0
1925	глуховский уезд	Q12096204	Глуховский уезд	P131	административно-территориальная единица	Черниговская губерния	0	0	1802-03-11	1923-03-07	0
1925	глуховский уезд	Q12096204	Глуховский уезд	P17	государство	СССР	0	0	1922-12-30	1923-03-07	0
[1924, 1926]	глухой игра	Q498635	Сурдлимпийские игры	P571	дата основания/создания/возникновения	0	0	1924-01-01	0	0	0
[1933, 1935]	глухой украинский	Q4470665	Украинское общество глухих	P571	дата основания/создания/возникновения	0	0	1933-01-01	0	0	0
[2006, 2007]	глушанин е	Q4140348	Глушанин, Евгений Павлович	P570	дата смерти	0	0	2006-05-25	0	0	0
[1966, 1975]	глушко в	Q342397	Валентин Петрович Глушко	P166	полученные награды	орден Ленина	0	0	0	0	1968-08-30
1973	глушко в	Q342397	Валентин Петрович Глушко	P166	полученные награды	орден Октябрьской Революции	0	0	0	0	1971-04-26
[1980, 1985]	глушко в	Q342397	Валентин Петрович Глушко	P166	полученные награды	Государственная премия СССР	0	0	0	0	1984-01-01
[1955, 1961]	глушко в	Q342397	Валентин Петрович Глушко	P166	полученные награды	медаль «Серп и Молот»	0	0	0	0	1956-04-20
[1955, 1961]	глушко в	Q342397	Валентин Петрович Глушко	P166	полученные награды	Герой Социалистического Труда	0	0	0	0	1956-04-20
[1955, 1961]	глушко в	Q342397	Валентин Петрович Глушко	P166	полученные награды	орден Ленина	0	0	0	0	1956-04-20
[1966, 1975]	глушко в	Q342397	Валентин Петрович Глушко	P166	полученные награды	Государственная премия СССР	0	0	0	0	1967-01-01
[1955, 1961]	глушко в	Q342397	Валентин Петрович Глушко	P166	полученные награды	орден Ленина	0	0	0	0	1958-09-01
[1955, 1961]	глушко в	Q342397	Валентин Петрович Глушко	P166	полученные награды	Золотая медаль имени К. Э. Циолковского	0	0	0	0	1958-01-01
[1955, 1961]	глушко в	Q342397	Валентин Петрович Глушко	P166	полученные награды	Ленинская премия	0	0	0	0	1957-01-01
2008	глушко валентин	Q342397	Валентин Петрович Глушко	P166	полученные награды	Золотая медаль имени К. Э. Циолковского	0	0	0	0	1958-01-01
2008	глушко валентин	Q342397	Валентин Петрович Глушко	P569	дата рождения	0	0	1908-09-02	0	0	0
2008	глушко валентин	Q342397	Валентин Петрович Глушко	P166	полученные награды	орден Ленина	0	0	0	0	1958-09-01
1956	глушко п	Q342397	Валентин Петрович Глушко	P166	полученные награды	медаль «Серп и Молот»	0	0	0	0	1956-04-20
[1983, 1986]	глушко п	Q342397	Валентин Петрович Глушко	P166	полученные награды	Государственная премия СССР	0	0	0	0	1984-01-01
1977	глушко п	Q342397	Валентин Петрович Глушко	P166	полученные награды	орден Ленина	0	0	0	0	1975-09-17
1956	глушко п	Q342397	Валентин Петрович Глушко	P166	полученные награды	орден Ленина	0	0	0	0	1956-04-20
1956	глушко п	Q342397	Валентин Петрович Глушко	P166	полученные награды	Герой Социалистического Труда	0	0	0	0	1956-04-20
[1923, 1926]	глушков в	Q93031	Виктор Михайлович Глушков	P569	дата рождения	0	0	1923-08-24	0	0	0
[1993, 1997]	глушков виктор	Q93031	Виктор Михайлович Глушков	P166	полученные награды	Пионер компьютерной техники	0	0	0	0	1996-01-01
1994	глушков николай	Q4140404	Глушков, Николай Николаевич	P570	дата смерти	0	0	1992-01-22	0	0	0
[1934, 1940]	глушковский район	Q2157160	Глушковский район	P131	административно-территориальная единица	Курская область	0	0	1934-06-13	0	0
[1934, 1940]	глушковский район	Q2157160	Глушковский район	P131	административно-территориальная единица	Центрально-Чернозёмная область	0	0	1930-07-23	1934-06-12	0
[1969, 1977]	глущенко н	Q1988563	Глущенко, Николай Петрович	P166	полученные награды	Народный художник СССР	0	0	0	0	1976-01-01
2001	глущенко п	Q1988563	Глущенко, Николай Петрович	P569	дата рождения	0	0	1901-09-17	0	0	0
[1981, 1983]	глядеть веселый	Q52561591	Гляди веселей	P577	дата публикации	0	0	1982-01-01	0	0	0
