Year or Period	Bigram	#Q	Subject	#P	Predicate	Object	Organization	Just Date	Start Time	End Time	Time Point
[1962, 1967]	а орлов	Q1713872	Орлов, Юрий Александрович	P570	дата смерти	0	0.0	1966-10-02	0	0	0
[1991, 1999]	а орлов	Q4336736	Василина Александровна Орлова	P2031	начало периода активности	0	0.0	1997-01-01	0	0	0
[1971, 1981]	аоки м	Q2629846	Маюко Аоки	P569	дата рождения	0	0.0	1975-12-17	0	0	0
[1958, 1962]	аоно суэкити	Q615906	Аоно, Суэкити	P570	дата смерти	0	0.0	1961-01-01	0	0	0
