Year or Period	Bigram	#Q	Subject	#P	Predicate	Object	Organization	Just Date	Start Time	End Time	Time Point
2000	а вагнер	Q4102213	Вагнер, Александр Евгеньевич	P569	дата рождения	0	0	1950-05-13	0	0	0
1995	а василевский	Q150894	Александр Михайлович Василевский	P166	полученные награды	орден Ленина	0	0	0	0	1945-09-29
1995	а василевский	Q150894	Александр Михайлович Василевский	P166	полученные награды	орден Ленина	0	0	0	0	1945-02-21
1995	а василевский	Q150894	Александр Михайлович Василевский	P166	полученные награды	орден Красного Знамени	0	0	0	0	1945-01-01
1995	а василевский	Q150894	Александр Михайлович Василевский	P166	полученные награды	орден Белого льва	0	0	0	0	1945-01-01
1995	а василевский	Q150894	Александр Михайлович Василевский	P166	полученные награды	Герой Советского Союза	0	0	0	0	1945-09-08
1996	а василевский	Q150894	Александр Михайлович Василевский	P166	полученные награды	орден Национального освобождения	0	0	0	0	1946-01-01
1996	а василевский	Q150894	Александр Михайлович Василевский	P166	полученные награды	орден «Крест Грюнвальда» I класса	0	0	0	0	1946-01-01
1996	а василевский	Q150894	Александр Михайлович Василевский	P166	полученные награды	орден Партизанской звезды	0	0	0	0	1946-01-01
1996	а василевский	Q150894	Александр Михайлович Василевский	P166	полученные награды	Virtuti Militari	0	0	0	0	1946-01-01
1995	а василевский	Q150894	Александр Михайлович Василевский	P569	дата рождения	0	0	1895-09-30	0	0	0
[1973, 1974]	а василевский	Q150894	Александр Михайлович Василевский	P166	полученные награды	командор со звездой ордена Возрождения Польши	0	0	0	0	1973-01-01
1995	а василевский	Q150894	Александр Михайлович Василевский	P166	полученные награды	орден «Победа»	0	0	0	0	1945-04-19
1995	а василевский	Q150894	Александр Михайлович Василевский	P166	полученные награды	медаль «Золотая Звезда»	0	0	0	0	1945-09-08
[1967, 1970]	а васильев	Q1958810	Александр Георгиевич Васильев	P569	дата рождения	0	0	1969-07-15	0	0	0
1995	а васильев	Q4104589	Васильев, Геннадий Андреевич	P39	занимаемая должность	народный депутат Украины	0	0	1994-07-24	1998-05-12	0
2003	а васильев	Q4104589	Васильев, Геннадий Андреевич	P39	занимаемая должность	народный депутат Украины	0	0	2002-05-14	2003-12-11	0
1998	а васильев	Q4104589	Васильев, Геннадий Андреевич	P39	занимаемая должность	народный депутат Украины	0	0	1998-05-12	2002-05-14	0
2003	а васильев	Q4104589	Васильев, Геннадий Андреевич	P569	дата рождения	0	0	1953-10-03	0	0	0
1995	а васильев	Q4104611	Васильев, Иван Афанасьевич	P570	дата смерти	0	0	1994-12-31	0	0	0
1979	а вейль	Q323232	Андре Вейль	P166	полученные награды	премия Вольфа по математике	0	0	0	0	1979-01-01
[1993, 1995]	а вейль	Q323232	Андре Вейль	P166	полученные награды	премия Киото в области базовых наук	0	0	0	0	1994-01-01
1997	а ветлугин	Q4053828	А. Ветлугин	P569	дата рождения	0	0	1897-03-08	0	0	0
[2002, 2003]	а воронин	Q215425	Андрей Викторович Воронин	P54	член спортивной команды	сборная Украины по футболу	0	0	2002-01-01	2012-01-01	0
1999	а вышинский	Q155860	Андрей Януарьевич Вышинский	P39	занимаемая должность	Министерство иностранных дел СССР	0	0	1949-03-04	1953-03-05	0
1951	авакян а	Q4055292	Авакян, Абиг Амазаспович	P463	участник организации или клуба	Союз писателей СССР	0	0	1949-01-01	0	0
1948	авакян в	Q4055301	Авакян, Эльвира Викторовна	P569	дата рождения	0	0	1947-06-27	0	0	0
[1983, 1986]	авакян с	Q4055300	Авакян, Ованес Степанович	P570	дата смерти	0	0	1984-03-17	0	0	0
1950	авакян с	Q4055300	Авакян, Ованес Степанович	P569	дата рождения	0	0	1900-11-20	0	0	0
1969	авакян э	Q3165231	Авакян, Эдуард Самвелович	P463	участник организации или клуба	Союз писателей СССР	0	0	1967-01-01	0	0
[2001, 2005]	авангард искусство	Q4306283	Музей искусства авангарда	P571	дата основания/создания/возникновения	0	0	2001-01-01	0	0	0
1943	авангард народный	Q2665255	Народный авангард	P571	дата основания/создания/возникновения	0	0	1943-01-01	0	0	0
[1960, 1962]	авангард национальный	Q790144	Национальный авангард	P571	дата основания/создания/возникновения	0	0	1960-01-01	0	0	0
2005	авангардный джаз	Q790188	авангардный джаз	P571	дата основания/создания/возникновения	0	0	1955-01-01	0	0	0
1932	аванесов в	Q4055364	Аванесов, Варлаам Александрович	P570	дата смерти	0	0	1930-03-16	0	0	0
[1940, 1942]	аванесов и	Q3918013	Аванесов, Рубен Иванович	P1050	состояние здоровья	нарушение слуха	0	0	1940-01-01	0	0
1948	аванесов и	Q3918013	Аванесов, Рубен Иванович	P512	учёная степень	доктор филологических наук	0	0	0	0	1948-01-01
[1965, 1969]	аванесов и	Q3918013	Аванесов, Рубен Иванович	P463	участник организации или клуба	Академия наук Чехии	0	0	1965-01-01	0	0
[1956, 1960]	аванесов и	Q3918013	Аванесов, Рубен Иванович	P463	участник организации или клуба	Академия наук СССР	0	0	1958-01-01	0	0
[1947, 1951]	аванесов р	Q3918013	Аванесов, Рубен Иванович	P512	учёная степень	доктор филологических наук	0	0	0	0	1948-01-01
[1963, 1969]	аванесов р	Q3918013	Аванесов, Рубен Иванович	P463	участник организации или клуба	Академия наук Чехии	0	0	1965-01-01	0	0
[1940, 1941]	аванесов р	Q3918013	Аванесов, Рубен Иванович	P1050	состояние здоровья	нарушение слуха	0	0	1940-01-01	0	0
2008	аванесов р	Q3918013	Аванесов, Рубен Иванович	P463	участник организации или клуба	Академия наук СССР	0	0	1958-01-01	0	0
1979	аванесов р	Q3918013	Аванесов, Рубен Иванович	P463	участник организации или клуба	Саксонская академия наук	0	0	1978-04-14	0	0
1979	аванесов р	Q3918013	Аванесов, Рубен Иванович	P463	участник организации или клуба	Академия наук и литературы в Майнце	0	0	1978-01-01	0	0
[1986, 1994]	авария чернобыльский	Q486	Авария на Чернобыльской АЭС	P585	момент времени	0	0	1986-04-26	0	0	0
[1955, 1959]	аввакумов и	Q4055433	Аввакумов, Юрий Игоревич	P569	дата рождения	0	0	1957-07-22	0	0	0
1933	август адольфович	Q4241529	Крогиус, Август Адольфович	P570	дата смерти	0	0	1933-06-29	0	0	0
[2008, 2009]	август антонович	Q17617619	Шидловский, Август Антонович	P570	дата смерти	0	0	2008-10-23	0	0	0
1927	август аррениус	Q80956	Сванте Август Аррениус	P119	место погребения	Старое кладбище Уппсалы	0	0	0	0	1927-10-08
1927	август аррениус	Q80956	Сванте Август Аррениус	P570	дата смерти	0	0	1927-10-02	0	0	0
1944	август в	Q4101665	В августе сорок четвёртого	P840	история происходит в месте	Белорусская Советская Социалистическая Республика	0	0	0	0	1944-01-01
[1964, 1967]	август виктория	Q263545	Августа Виктория Гогенцоллерн-Зигмарингенская	P570	дата смерти	0	0	1966-08-29	0	0	0
1958	август виктория	Q161247	Августа Виктория	P569	дата рождения	0	0	1858-10-22	0	0	0
[1955, 1956]	август винниг	Q106354	Винниг, Август	P166	полученные награды	командорский крест ордена «За заслуги перед Федеративной Республикой Германия»	0	0	0	0	1955-01-01
2006	август год	Q673241	Август 2005 года	P585	момент времени	0	0	2005-08-01	0	0	0
2006	август год	Q270796	Август 2006 года	P585	момент времени	0	0	2006-08-01	0	0	0
[2005, 2009]	август год	Q234643	Август 2007 года	P585	момент времени	0	0	2007-08-01	0	0	0
1948	август карл	Q320537	Тавастшерна, Карл Август	P570	дата смерти	0	0	1898-03-20	0	0	0
[1986, 1990]	август карл	Q1590241	Карл Август Саксен-Веймар-Эйзенахский	P570	дата смерти	0	0	1988-10-14	0	0	0
1948	август карл	Q320537	Тавастшерна, Карл Август	P570	дата смерти	0	0	1898-03-30	0	0	0
1940	август карл	Q215672	Карл Август фон Газе	P570	дата смерти	0	0	1890-01-03	0	0	0
[1986, 1990]	август карл	Q61082	Виттфогель, Карл Август	P570	дата смерти	0	0	1988-05-25	0	0	0
1948	август карл	Q63130	Хильперт, Карл	P570	дата смерти	0	0	1947-02-01	0	0	0
2006	август леша	Q67210	Август Лёш	P569	дата рождения	0	0	1906-10-15	0	0	0
1945	август людвиг	Q1874176	Людвиг Август Мюллер	P570	дата смерти	0	0	1895-03-24	0	0	0
1977	август мюллер	Q16054197	Август Мюллер	P569	дата рождения	0	0	1877-01-03	0	0	0
[1997, 1998]	август мюллер	Q19685033	Август Мюллер	P570	дата смерти	0	0	1997-11-17	0	0	0
[1961, 1966]	август мюллер	Q16054197	Август Мюллер	P570	дата смерти	0	0	1964-12-24	0	0	0
1925	август мюллер	Q4309984	Мюллер, Август (анатом)	P570	дата смерти	0	0	1875-01-01	0	0	0
1925	август мюллер	Q4309986	Август Теодор Мюллер	P570	дата смерти	0	0	1875-10-20	0	0	0
[1961, 1967]	август петрович	Q19915459	Эглит, Август Петрович	P570	дата смерти	0	0	1966-10-10	0	0	0
[2001, 2003]	август петрович	Q4373028	Порк, Август Петрович	P570	дата смерти	0	0	2002-01-01	0	0	0
1996	август понятовский	Q54019	Станислав Август Понятовский	P119	место погребения	собор Святого Иоанна Крестителя	0	0	1995-02-14	0	0
[1987, 1999]	август понятовский	Q54019	Станислав Август Понятовский	P119	место погребения	Троицкий костёл	0	0	1938-01-01	1988-01-01	0
1952	август рудольфович	Q37133218	Август Рудольфович Бернгард	P569	дата рождения	0	0	1852-01-15	0	0	0
1997	август софия	Q60912	София Шарлотта Августа, герцогиня Баварская	P570	дата смерти	0	0	1897-05-04	0	0	0
1934	август тальгеймер	Q66217	Тальгеймер, Август	P569	дата рождения	0	0	1884-03-18	0	0	0
1997	август федорович	Q4302303	Моравиц, Август Фёдорович	P570	дата смерти	0	0	1897-09-16	0	0	0
1942	август фон	Q764972	Август фон Брюкк	P570	дата смерти	0	0	1941-09-08	0	0	0
1942	август фон	Q86573	Август фон Парсеваль	P570	дата смерти	0	0	1942-02-22	0	0	0
1930	август фон	Q216362	Август фон Гёте	P570	дата смерти	0	0	1830-10-28	0	0	0
1930	август фон	Q216362	Август фон Гёте	P570	дата смерти	0	0	1830-10-27	0	0	0
1930	август фон	Q92154	Август фон Ротмунд	P569	дата рождения	0	0	1830-08-01	0	0	0
1930	август фон	Q78951	Август фон Хайек	P570	дата смерти	0	0	1928-06-11	0	0	0
1942	август фон	Q60496	Август фон Гёдрих	P570	дата смерти	0	0	1942-03-16	0	0	0
[1945, 1946]	август фон	Q76909	Август фон Макензен	P570	дата смерти	0	0	1945-11-08	0	0	0
1930	август фон	Q503491	Август фон Адельбург	P569	дата рождения	0	0	1830-01-01	0	0	0
1940	август фридрих	Q1458192	Фридрих Август Гёрин	P570	дата смерти	0	0	1840-09-28	0	0	0
1940	август фридрих	Q68334	Штегеман, Фридрих Август фон	P570	дата смерти	0	0	1840-12-17	0	0	0
1943	август цесарец	Q761055	Цесарец, Август	P570	дата смерти	0	0	1941-07-15	0	0	0
1943	август цесарец	Q761055	Цесарец, Август	P569	дата рождения	0	0	1893-12-04	0	0	0
1971	август четырнадцатый	Q4820509	Август Четырнадцатого	P577	дата публикации	0	0	1971-01-01	0	0	0
1945	август шлегель	Q57281	Август Вильгельм Шлегель	P570	дата смерти	0	0	1845-05-12	0	0	0
1954	августович ларош	Q4254634	Герман Августович Ларош	P570	дата смерти	0	0	1904-10-18	0	0	0
[1965, 1966]	августович степун	Q91137	Степун, Фёдор Августович	P570	дата смерти	0	0	1965-02-23	0	0	0
1938	августович тима	Q4457364	Иван Августович Тиме	P569	дата рождения	0	0	1838-07-11	0	0	0
1992	августовский день	Q4462814	Три августовских дня	P577	дата публикации	0	0	1992-01-01	0	0	0
2008	августовский канал	Q770907	Августовский канал	P1435	статус наследия	Памятник истории (Польша)	0	0	2007-04-25	0	0
[1990, 2003]	августовский кризис	Q221382	Августовский путч	P585	момент времени	0	0	1991-08-01	0	0	0
1992	августовский путч	Q221382	Августовский путч	P585	момент времени	0	0	1991-08-01	0	0	0
1972	авдеев в	Q4055505	Авдеев, Валентин Николаевич	P570	дата смерти	0	0	1972-10-11	0	0	0
1994	авдеев василий	Q4055504	Авдеев, Василий Дмитриевич	P570	дата смерти	0	0	1944-01-01	0	0	0
[1968, 1971]	авдеев иван	Q16487591	Авдеев, Иван Матвеевич	P570	дата смерти	0	0	1970-01-01	0	0	0
1994	авдеев николай	Q4055521	Авдеев, Николай Дмитриевич	P570	дата смерти	0	0	1944-09-02	0	0	0
[1991, 1997]	авдеев николай	Q4055519	Авдеев, Николай Яковлевич	P570	дата смерти	0	0	1996-02-22	0	0	0
[1958, 1961]	авдеевич оцуп	Q4340618	Оцуп, Николай Авдеевич	P570	дата смерти	0	0	1958-12-28	0	0	0
[1960, 1973]	авдеевский коксохимический	Q4055547	Авдеевский коксохимический завод	P571	дата основания/создания/возникновения	0	0	1963-01-01	0	0	0
[1995, 1999]	авдеенко александр	Q4055544	Авдеенко, Александр Остапович	P570	дата смерти	0	0	1996-06-16	0	0	0
1950	авдотья ивановна	Q4141601	Голицына, Авдотья Ивановна	P570	дата смерти	0	0	1850-01-18	0	0	0
[1988, 1989]	авдотья никитична	Q4113096	Борис Павлович Владимиров	P570	дата смерти	0	0	1988-04-08	0	0	0
1943	авдотья яковлевна	Q248977	Панаева, Авдотья Яковлевна	P570	дата смерти	0	0	1893-04-11	0	0	0
1972	аведикт лукьянович	Q4274536	Мазлумов, Аведикт Лукьянович	P570	дата смерти	0	0	1972-09-30	0	0	0
[1957, 1960]	авель и	Q2880212	Мисс Бейкер	P569	дата рождения	0	0	1957-01-01	0	0	0
1956	авен о	Q2632148	Пётр Олегович Авен	P569	дата рождения	0	0	1955-03-16	0	0	0
1923	авенариус в	Q4055616	Василий Петрович Авенариус	P570	дата смерти	0	0	1923-11-09	0	0	0
1960	авенариус г	Q4055615	Авенариус, Георгий Александрович	P570	дата смерти	0	0	1958-06-18	0	0	0
1993	авенир аркадьевич	Q4125613	Воронов, Авенир Аркадьевич	P570	дата смерти	0	0	1992-10-17	0	0	0
2008	авенир михайлович	Q21110613	Новосельцев, Авенир Михайлович	P569	дата рождения	0	0	1908-11-22	0	0	0
[1990, 1993]	авенир петрович	Q4430103	Софьин, Авенир Петрович	P570	дата смерти	0	0	1992-01-01	0	0	0
[1984, 1987]	авербах а	Q4055630	Авербах, Илья Александрович	P570	дата смерти	0	0	1986-01-11	0	0	0
1972	авербах ю	Q434808	Юрий Львович Авербах	P569	дата рождения	0	0	1922-02-08	0	0	0
[1968, 1974]	авербух и	Q1378392	Илья Авербух	P569	дата рождения	0	0	1973-12-18	0	0	0
1950	аверелл гарриман	Q345531	Аверелл Гарриман	P39	занимаемая должность	Special Representative in Europe	Economic Cooperation Administration	0	1948-01-01	1950-01-01	0
1950	аверелл гарриман	Q345531	Аверелл Гарриман	P39	занимаемая должность	Министр торговли США	0	0	1946-10-07	1948-04-22	0
1943	аверелл гарриман	Q345531	Аверелл Гарриман	P39	занимаемая должность	посол США в России	0	0	1943-10-23	1946-01-24	0
[1958, 1960]	аверелл гарриман	Q345531	Аверелл Гарриман	P39	занимаемая должность	губернатор штата Нью-Йорк	0	0	1955-01-01	1958-12-31	0
1994	аверин николай	Q4055643	Аверин, Николай Степанович	P570	дата смерти	0	0	1944-07-27	0	0	0
[1995, 2000]	аверинцев с	Q702032	Сергей Сергеевич Аверинцев	P166	полученные награды	премия доктора Леопольда Лукаса	0	0	0	0	1995-01-01
[1995, 2000]	аверинцев с	Q702032	Сергей Сергеевич Аверинцев	P166	полученные награды	Государственная премия Российской Федерации	0	0	0	0	1996-01-01
[2004, 2006]	аверинцев с	Q702032	Сергей Сергеевич Аверинцев	P570	дата смерти	0	0	2004-02-21	0	0	0
[2003, 2007]	аверинцев сергей	Q702032	Сергей Сергеевич Аверинцев	P570	дата смерти	0	0	2004-02-21	0	0	0
[1973, 1974]	аверкий борисович	Q684141	Аверкий Борисович Аристов	P570	дата смерти	0	0	1973-07-11	0	0	0
2000	аверченко владимир	Q4055679	Аверченко, Владимир Александрович	P569	дата рождения	0	0	1950-07-23	0	0	0
[1988, 1992]	аверьянов а	Q4055687	Аверьянов, Александр Александрович	P54	член спортивной команды	Карпаты	0	0	1989-01-01	1989-01-01	0
[1948, 1949]	аверьянов а	Q4055691	Аверьянов, Александр Николаевич	P569	дата рождения	0	0	1948-10-01	0	0	0
[1988, 1992]	аверьянов а	Q4055687	Аверьянов, Александр Александрович	P54	член спортивной команды	Океан	0	0	1990-01-01	1994-01-01	0
[1988, 1992]	аверьянов а	Q4055687	Аверьянов, Александр Александрович	P54	член спортивной команды	Подолье	0	0	1989-01-01	1989-01-01	0
[1988, 1992]	аверьянов а	Q4055687	Аверьянов, Александр Александрович	P54	член спортивной команды	Алмалык	0	0	1988-01-01	1988-01-01	0
[1988, 1992]	аверьянов а	Q4055687	Аверьянов, Александр Александрович	P54	член спортивной команды	Волынь	0	0	1988-01-01	1989-01-01	0
[2001, 2004]	аверьянов александр	Q4055687	Аверьянов, Александр Александрович	P54	член спортивной команды	Химки	0	0	2001-01-01	2003-01-01	0
1995	аверьянов александр	Q4055687	Аверьянов, Александр Александрович	P54	член спортивной команды	Океан	0	0	1990-01-01	1994-01-01	0
1995	аверьянов александр	Q4055687	Аверьянов, Александр Александрович	P54	член спортивной команды	Крылья Советов	0	0	1994-01-01	1998-01-01	0
1995	аверьянов александр	Q21392764	Александр Олегович Аверьянов	P512	учёная степень	кандидат биологических наук	0	0	0	0	1994-01-01
[2001, 2004]	аверьянов александр	Q4055687	Аверьянов, Александр Александрович	P54	член спортивной команды	Волгарь	0	0	2003-01-01	2003-01-01	0
[2001, 2004]	аверьянов александр	Q4055687	Аверьянов, Александр Александрович	P54	член спортивной команды	Алания	0	0	2000-01-01	2001-01-01	0
[1954, 1963]	аверьянов в	Q4055703	Аверьянов, Леонид Владимирович	P569	дата рождения	0	0	1955-01-01	0	0	0
[1953, 1960]	аверьянов л	Q4055703	Аверьянов, Леонид Владимирович	P569	дата рождения	0	0	1955-01-01	0	0	0
[1972, 1976]	аверьянов н	Q4055691	Аверьянов, Александр Николаевич	P54	член спортивной команды	СК Одесса	0	0	1972-01-01	1972-01-01	0
1976	аверьянов н	Q4055691	Аверьянов, Александр Николаевич	P54	член спортивной команды	Заря	0	0	1975-01-01	1975-01-01	0
1976	аверьянов н	Q4055691	Аверьянов, Александр Николаевич	P54	член спортивной команды	Локомотив	0	0	1976-01-01	1976-01-01	0
1994	аверьянов николай	Q4055706	Аверьянов, Николай Яковлевич	P569	дата рождения	0	0	1894-11-18	0	0	0
[1956, 1959]	аветик исаакян	Q254988	Аветик Саакович Исаакян	P570	дата смерти	0	0	1957-10-17	0	0	0
1975	аветик исаакян	Q254988	Аветик Саакович Исаакян	P569	дата рождения	0	0	1875-10-31	0	0	0
1959	аветис айрапетович	Q4209047	Калантар, Аветис Айрапетович	P569	дата рождения	0	0	1859-09-13	0	0	0
1972	аветисян а	Q4055721	Аветисян, Арсен Альбертович	P569	дата рождения	0	0	1971-05-27	0	0	0
[1953, 1959]	аветисян а	Q4055720	Аветисян, Ара Сергеевич	P569	дата рождения	0	0	1958-09-14	0	0	0
1972	аветисян а	Q1071772	Авет Маркосович Аветисян	P570	дата смерти	0	0	1971-03-29	0	0	0
[1975, 1977]	аветисян м	Q1971520	Минас Карапетович Аветисян	P570	дата смерти	0	0	1975-02-23	0	0	0
[1983, 1991]	авиакатастрофа в	Q211087	Взрыв Boeing 747 над Локерби 21 декабря 1988 года	P585	момент времени	0	0	1988-12-21	0	0	0
[1993, 1997]	авиакатастрофа под	Q118373	Столкновение двух самолётов над Дели 12 ноября 1996 года	P585	момент времени	0	0	1996-11-12	0	0	0
[2003, 2009]	авиаконструктор яковлев	Q4471131	Улица Авиаконструктора Яковлева	P138	названо в честь	Усиевич, Григорий Александрович	0	0	1925-01-01	2006-02-21	0
[2003, 2009]	авиаконструктор яковлев	Q4471131	Улица Авиаконструктора Яковлева	P138	названо в честь	Александр Сергеевич Яковлев	0	0	2006-02-21	0	0
1940	авиаремонтный завод	Q4028573	121 авиационный ремонтный завод	P571	дата основания/создания/возникновения	0	0	1940-01-01	0	0	0
2007	авиастроительный корпорация	Q1136226	Объединённая авиастроительная корпорация	P571	дата основания/создания/возникновения	0	0	2006-02-01	0	0	0
[1931, 1945]	авиационный завод	Q392451	Воронежское акционерное самолётостроительное общество	P571	дата основания/создания/возникновения	0	0	1932-03-01	0	0	0
[1931, 1945]	авиационный завод	Q641230	Иркутский авиационный завод	P571	дата основания/создания/возникновения	0	0	1934-01-01	0	0	0
1942	авиационный завод	Q782912	Авиакор	P571	дата основания/создания/возникновения	0	0	1941-01-01	0	0	0
[1923, 1927]	авиационный завод	Q3543800	Харьковский авиационный завод	P571	дата основания/создания/возникновения	0	0	1926-01-01	0	0	0
[1931, 1945]	авиационный завод	Q4408460	Саратовский авиационный завод	P571	дата основания/создания/возникновения	0	0	1937-01-01	0	0	0
[1931, 1945]	авиационный завод	Q392438	Улан-Удэнский авиационный завод	P571	дата основания/создания/возникновения	0	0	1939-01-01	0	0	0
[1923, 1927]	авиационный завод	Q734775	Смоленский авиационный завод	P571	дата основания/создания/возникновения	0	0	1926-01-01	0	0	0
1943	авиационный институт	Q4406400	Самарский государственный аэрокосмический университет	P571	дата основания/создания/возникновения	0	0	1942-01-01	0	0	0
[1930, 1940]	авиационный институт	Q171249	Национальный аэрокосмический университет имени Н. Е. Жуковского	P571	дата основания/создания/возникновения	0	0	1930-01-01	0	0	0
[1970, 1977]	авиационный институт	Q4207816	Казанский национальный исследовательский технический университет имени А. Н. Туполева	P138	названо в честь	Андрей Николаевич Туполев	0	0	1973-01-01	0	0
1934	авиационный институт	Q2387454	Национальный авиационный университет	P571	дата основания/создания/возникновения	0	0	1933-01-01	0	0	0
1934	авиационный институт	Q4401554	Рыбинский государственный авиационный технический университет имени П. А. Соловьёва	P571	дата основания/создания/возникновения	0	0	1932-01-01	0	0	0
1943	авиационный институт	Q1963516	Уфимский государственный авиационный технический университет	P138	названо в честь	Григорий Константинович Орджоникидзе	0	0	1942-01-01	2011-01-01	0
[1945, 1947]	авиационный институт	Q1719898	Московский авиационный институт	P166	полученные награды	орден Ленина	0	0	0	0	1945-01-01
[1967, 1968]	авиационный институт	Q4207816	Казанский национальный исследовательский технический университет имени А. Н. Туполева	P166	полученные награды	орден Трудового Красного Знамени	0	0	0	0	1967-01-01
1934	авиационный институт	Q1963516	Уфимский государственный авиационный технический университет	P571	дата основания/создания/возникновения	0	0	1932-01-01	0	0	0
1934	авиационный институт	Q4207816	Казанский национальный исследовательский технический университет имени А. Н. Туполева	P571	дата основания/создания/возникновения	0	0	1932-03-05	0	0	0
[1930, 1940]	авиационный институт	Q1719898	Московский авиационный институт	P571	дата основания/создания/возникновения	0	0	1930-08-29	0	0	0
[1993, 2001]	авиационный колледж	Q2065467	Эстонская авиационная академия	P571	дата основания/создания/возникновения	0	0	1993-01-01	0	0	0
[1936, 1940]	авиационный командование	Q3073718	Атлантика (авиационное командование)	P571	дата основания/создания/возникновения	0	0	1939-01-01	0	0	0
[1930, 1946]	авиационный промышленность	Q4313339	Народный комиссариат авиационной промышленности СССР	P571	дата основания/создания/возникновения	0	0	1939-01-01	0	0	0
1963	авиационный станция	Q4055824	Авиационная (станция)	P1619	дата официального открытия	0	0	1963-01-01	0	0	0
[1932, 1935]	авиационный школа	Q662071	Липецкий авиацентр	P576	дата прекращения существования	0	0	1933-09-15	0	0	0
[1932, 1935]	авиационный школа	Q3577870	Авиационная школа	P571	дата основания/создания/возникновения	0	0	1933-01-01	0	0	0
1943	авиация дальний	Q4055881	Авиация дальнего действия СССР	P571	дата основания/создания/возникновения	0	0	1942-01-01	0	0	0
[1992, 1997]	авиация день	Q633178	Международный день гражданской авиации	P571	дата основания/создания/возникновения	0	0	1994-01-01	0	0	0
[1994, 2000]	авигдор либерман	Q58311	Авигдор Либерман	P39	занимаемая должность	депутат кнессета	0	0	1999-06-07	2000-02-01	0
1942	авила камачо	Q315626	Авила Камачо, Мануэль	P39	занимаемая должность	президент Мексики	0	0	1940-12-01	1946-11-30	0
[1955, 1956]	авила камачо	Q315626	Авила Камачо, Мануэль	P570	дата смерти	0	0	1955-10-13	0	0	0
[1947, 1956]	авилов и	Q4055907	Авилов, Михаил Иванович	P570	дата смерти	0	0	1954-04-14	0	0	0
2003	авиньонский девица	Q910199	Авиньонские девицы	P793	ключевое событие	реставрация	0	0	2003-01-01	2004-01-01	0
1997	авиньонский фестиваль	Q473423	Авиньонский фестиваль	P571	дата основания/создания/возникновения	0	0	1947-01-01	0	0	0
1952	авксентий цагарели	Q3649015	Авксентий Антонович Цагарели	P570	дата смерти	0	0	1902-08-25	0	0	0
[1996, 2001]	авнер яковлевич	Q4192317	Зись, Авнер Яковлевич	P570	дата смерти	0	0	1997-09-05	0	0	0
[1980, 1986]	авось и	Q4534600	Юнона и Авось	P577	дата публикации	0	0	1981-07-09	0	0	0
[1994, 2000]	авраам бург	Q736237	Авраам Бург	P39	занимаемая должность	депутат кнессета	0	0	1988-11-21	1995-07-05	0
2000	авраам бург	Q736237	Авраам Бург	P39	занимаемая должность	спикер кнессета	0	0	1999-07-06	2003-02-17	0
2000	авраам бург	Q736237	Авраам Бург	P39	занимаемая должность	депутат кнессета	0	0	1999-06-07	2004-06-28	0
1923	авраам исаак	Q330110	Кук, Авраам Ицхак	P39	занимаемая должность	Главный раввинат Израиля	Британский мандат в Палестине	0	1921-01-01	1935-01-01	0
1923	авраам исаак	Q330110	Кук, Авраам Ицхак	P39	занимаемая должность	Главный раввинат Израиля	ашкеназы	0	1921-01-01	1935-01-01	0
1942	авраам линкольн	Q91	Авраам Линкольн	P39	занимаемая должность	член палаты представителей Иллинойса	0	0	1834-01-01	1842-01-01	0
2009	авраам шленский	Q373167	Шлёнский, Авраам	P166	полученные награды	литературная премия имени Бялика	0	0	0	0	1959-01-01
[1966, 1968]	авраам шленский	Q373167	Шлёнский, Авраам	P166	полученные награды	Премия Израиля	0	0	0	0	1967-01-01
2009	авраам шлионский	Q373167	Шлёнский, Авраам	P166	полученные награды	литературная премия имени Бялика	0	0	0	0	1959-01-01
1991	авраамий павлович	Q4182966	Авраамий Павлович Завенягин	P410	воинское звание	старший майор государственной безопасности	0	0	1941-07-09	0	0
1979	аврорин в	Q4056073	Аврорин, Валентин Александрович	P570	дата смерти	0	0	1977-02-26	0	0	0
1967	австралийский доллар	Q259502	австралийский доллар	P31	это частный случай понятия	десятичная валюта	0	0	1966-02-14	0	0
[1949, 1950]	австралийский союз	Q408	Австралия	P6	глава правительства	Мензис, Роберт	0	0	1949-12-19	1966-01-26	0
1942	австралийский союз	Q408	Австралия	P6	глава правительства	Кёртин, Джон	0	0	1941-10-07	1945-07-05	0
[1977, 1979]	австралийский союз	Q408	Австралия	P35	глава государства	Керр, Джон	0	0	1974-07-11	1977-12-07	0
[1952, 1953]	австралийский союз	Q408	Австралия	P35	глава государства	Елизавета II	0	0	1952-02-06	0	0
[1956, 1958]	австралийский союз	Q408	Австралия	P463	участник организации или клуба	Международная финансовая корпорация	0	0	1956-07-20	0	0
1942	австралийский союз	Q408	Австралия	P6	глава правительства	Мензис, Роберт	0	0	1939-04-26	1941-08-29	0
[1999, 2000]	австралийский союз	Q408	Австралия	P463	участник организации или клуба	Многостороннее агентство по гарантиям инвестиций	0	0	1999-02-10	0	0
[1923, 1928]	австралийский союз	Q408	Австралия	P36	столица	Канберра	0	0	1927-01-01	0	0
[1923, 1928]	австралийский союз	Q408	Австралия	P36	столица	Мельбурн	0	0	1901-01-01	1927-01-01	0
[1952, 1953]	австралийский союз	Q408	Австралия	P530	дипломатические отношения	Германия	0	0	1952-01-01	0	0
[2007, 2008]	австралийский союз	Q408	Австралия	P6	глава правительства	Радд, Кевин	0	0	2007-03-12	2010-06-24	0
[2007, 2008]	австралийский союз	Q408	Австралия	P6	глава правительства	Джон Говард	0	0	1996-03-11	2007-03-12	0
[1949, 1950]	австралийский союз	Q408	Австралия	P6	глава правительства	Чифли, Бен	0	0	1945-07-13	1949-12-19	0
1942	австралийский союз	Q408	Австралия	P6	глава правительства	Фадден, Артур	0	0	1941-08-29	1941-10-07	0
[1977, 1979]	австралийский союз	Q408	Австралия	P35	глава государства	Зелман Коуэн	0	0	1977-12-08	1982-07-28	0
[1923, 1928]	австралийский союз	Q408	Австралия	P6	глава правительства	Стэнли Брюс	0	0	1923-02-09	1929-10-22	0
[1923, 1928]	австралийский союз	Q408	Австралия	P6	глава правительства	Хьюз, Уильям Моррис	0	0	1915-10-27	1923-02-09	0
1959	австралийский станция	Q781311	Австралийская станция	P571	дата основания/создания/возникновения	0	0	1859-01-01	0	0	0
[1971, 1986]	австралийский телескоп	Q2632045	Англо-австралийский телескоп	P729	дата принятия в эксплуатацию	0	0	1974-04-27	0	0	0
[1966, 1967]	австралийский фунт	Q783373	Австралийский фунт	P582	дата окончания	0	0	1966-02-14	0	0	0
1938	австралия южный	Q7566092	Полиция Южной Австралии	P571	дата основания/создания/возникновения	0	0	1838-01-01	0	0	0
[1962, 1964]	австрийский иосиф	Q78535	Иосиф Август Австрийский	P570	дата смерти	0	0	1962-07-06	0	0	0
[1962, 1964]	австрийский иосиф	Q78535	Иосиф Август Австрийский	P570	дата смерти	0	0	1962-07-07	0	0	0
1925	австрийский крона	Q2329625	Австрийская крона	P17	государство	Первая Австрийская Республика	0	0	1919-09-10	1924-12-20	0
[1983, 1989]	австрийский партия	Q193178	Зелёные	P571	дата основания/создания/возникновения	0	0	1987-02-13	0	0	0
[1947, 1949]	австрийский революция	Q690959	Революция 1848—1849 годов в Австрийской империи	P582	дата окончания	0	0	1948-11-01	0	0	0
[1947, 1949]	австрийский революция	Q690959	Революция 1848—1849 годов в Австрийской империи	P580	дата начала	0	0	1948-03-01	0	0	0
[1943, 1947]	австрийский республика	Q40	Австрия	P38	денежная единица	рейхсмарка	0	0	1938-03-17	1945-11-30	0
[1955, 1962]	австрийский республика	Q40	Австрия	P463	участник организации или клуба	Международная финансовая корпорация	0	0	1956-09-28	0	0
[1955, 1962]	австрийский республика	Q40	Австрия	P35	глава государства	Кёрнер, Теодор	0	0	1951-06-21	1957-01-04	0
[1974, 1975]	австрийский республика	Q40	Австрия	P35	глава государства	Рудольф Кирхшлегер	0	0	1974-07-08	1986-07-08	0
[1999, 2004]	австрийский республика	Q40	Австрия	P38	денежная единица	евро	0	0	1999-01-01	0	0
[1955, 1962]	австрийский республика	Q40	Австрия	P463	участник организации или клуба	Международная ассоциация развития	0	0	1961-06-28	0	0
[1977, 1984]	австрийский республика	Q40	Австрия	P6	глава правительства	Зиновац, Фред	0	0	1983-05-24	1986-06-16	0
[1955, 1962]	австрийский республика	Q40	Австрия	P6	глава правительства	Горбах, Альфонс	0	0	1961-04-11	1964-02-25	0
[1999, 2004]	австрийский республика	Q40	Австрия	P38	денежная единица	австрийский шиллинг	0	0	1945-11-30	2002-01-01	0
[1999, 2004]	австрийский республика	Q40	Австрия	P6	глава правительства	Клима, Виктор	0	0	1997-01-28	2000-02-04	0
[1943, 1947]	австрийский республика	Q40	Австрия	P6	глава правительства	Карл Реннер	0	0	1945-04-27	1945-12-20	0
[1923, 1927]	австрийский республика	Q40	Австрия	P38	денежная единица	австрийский шиллинг	0	0	1925-03-01	1938-03-17	0
[1955, 1962]	австрийский республика	Q40	Австрия	P463	участник организации или клуба	Организация Объединённых Наций	0	0	1955-12-14	0	0
[1977, 1984]	австрийский республика	Q40	Австрия	P6	глава правительства	Бруно Крайский	0	0	1970-04-21	1983-05-24	0
[1999, 2004]	австрийский республика	Q40	Австрия	P6	глава правительства	Вольфганг Шюссель	0	0	2000-02-04	2007-01-11	0
[1955, 1962]	австрийский республика	Q40	Австрия	P35	глава государства	Шерф, Адольф	0	0	1957-05-22	1965-02-28	0
[1943, 1947]	австрийский республика	Q40	Австрия	P35	глава государства	Карл Реннер	0	0	1945-12-20	1950-12-31	0
[1955, 1962]	австрийский республика	Q40	Австрия	P6	глава правительства	Рааб, Юлиус	0	0	1953-04-02	1961-04-11	0
[1974, 1975]	австрийский республика	Q40	Австрия	P35	глава государства	Франц Йонас	0	0	1965-06-09	1974-04-24	0
[1992, 1998]	австрийский служба	Q159486	Австрийская служба памяти жертв Холокоста	P571	дата основания/создания/возникновения	0	0	1992-01-01	0	0	0
1945	австрийский шиллинг	Q208730	австрийский шиллинг	P17	государство	Австрия	0	0	1945-11-30	2002-02-28	0
1944	австрийский эрцгерцог	Q702090	Вильгельм Австрийский	P570	дата смерти	0	0	1894-07-29	0	0	0
1944	австрийский эрцгерцог	Q702090	Вильгельм Австрийский	P39	занимаемая должность	Великие магистры Тевтонского ордена	0	0	1863-01-01	1894-01-01	0
1995	австрия нижний	Q42497	Нижняя Австрия	P463	участник организации или клуба	Climate Alliance	0	0	1993-01-01	0	0
[1961, 1963]	австрия республика	Q40	Австрия	P6	глава правительства	Горбах, Альфонс	0	0	1961-04-11	1964-02-25	0
[1986, 1987]	австрия республика	Q40	Австрия	P35	глава государства	Рудольф Кирхшлегер	0	0	1974-07-08	1986-07-08	0
1972	австрия республика	Q40	Австрия	P463	участник организации или клуба	Международный центр по урегулированию инвестиционных споров	0	0	1971-06-24	0	0
1972	австрия республика	Q40	Австрия	P6	глава правительства	Йозеф Клаус	0	0	1964-04-02	1970-03-03	0
[1986, 1987]	австрия республика	Q40	Австрия	P6	глава правительства	Франц Враницкий	0	0	1986-06-16	1997-01-20	0
[1986, 1987]	австрия республика	Q40	Австрия	P35	глава государства	Курт Вальдхайм	0	0	1986-07-08	1992-07-08	0
[1961, 1963]	австрия республика	Q40	Австрия	P6	глава правительства	Рааб, Юлиус	0	0	1953-04-02	1961-04-11	0
[1986, 1987]	австрия республика	Q40	Австрия	P6	глава правительства	Зиновац, Фред	0	0	1983-05-24	1986-06-16	0
[1961, 1963]	австрия республика	Q40	Австрия	P463	участник организации или клуба	Международная ассоциация развития	0	0	1961-06-28	0	0
1972	австрия республика	Q40	Австрия	P6	глава правительства	Бруно Крайский	0	0	1970-04-21	1983-05-24	0
[1967, 1972]	автоагрегатный завод	Q4161718	Димитровградский автоагрегатный завод	P571	дата основания/создания/возникновения	0	0	1967-01-01	0	0	0
[1962, 1965]	автобиография мой	Q3065301	Моя биография	P577	дата публикации	0	0	1964-01-01	0	0	0
[1978, 1982]	автобусный вокзал	Q4271066	Львовский автовокзал	P571	дата основания/создания/возникновения	0	0	1980-01-01	0	0	0
[1953, 1964]	автобусный завод	Q4516891	Чкаловский автобусный завод	P571	дата основания/создания/возникновения	0	0	1953-01-01	0	0	0
[1951, 1958]	автобусный остановка	Q547368	Автобусная остановка	P577	дата публикации	0	0	1956-08-31	0	0	0
[1930, 1931]	автодорожный институт	Q56826	Харьковский национальный автомобильно-дорожный университет	P571	дата основания/создания/возникновения	0	0	1930-01-01	0	0	0
[1930, 1931]	автодорожный институт	Q4304031	Московский автомобильно-дорожный государственный технический университет	P571	дата основания/создания/возникновения	0	0	1930-12-13	0	0	0
[1931, 1942]	автозавод имя	Q638156	Завод имени Лихачёва	P138	названо в честь	Иосиф Виссарионович Сталин	0	0	1931-10-01	1956-06-26	0
[1959, 1963]	автозаводский мост	Q4056239	Автозаводский мост	P1619	дата официального открытия	0	0	1961-01-01	0	0	0
[2006, 2008]	автозаводский район	Q4056242	Автозаводский район	P571	дата основания/создания/возникновения	0	0	2006-01-01	0	0	0
[1959, 1960]	автомат калашников	Q432662	автомат Калашникова модернизированный	P729	дата принятия в эксплуатацию	0	0	1959-01-01	0	0	0
[1932, 1942]	автоматика и	Q4056305	Автоматика и телемеханика	P571	дата основания/создания/возникновения	0	0	1936-01-01	0	0	0
1938	автоматический винтовка	Q1061494	Автоматическая винтовка Симонова	P729	дата принятия в эксплуатацию	0	0	1936-01-01	0	0	0
[1955, 1963]	автомобильный завод	Q783036	Кременчугский автомобильный завод	P571	дата основания/создания/возникновения	0	0	1958-01-01	0	0	0
[1996, 2000]	автомобильный завод	Q1550700	Таганрогский автомобильный завод	P571	дата основания/создания/возникновения	0	0	1997-01-01	0	0	0
[1969, 1978]	автомобильный завод	Q2309	АвтоВАЗ	P166	полученные награды	орден Трудового Красного Знамени	0	0	0	0	1972-12-20
[1955, 1963]	автомобильный завод	Q4097544	Брянский автомобильный завод	P571	дата основания/создания/возникновения	0	0	1958-01-01	0	0	0
[1944, 1949]	автомобильный завод	Q1251215	Минский автомобильный завод	P571	дата основания/создания/возникновения	0	0	1944-01-01	0	0	0
[1955, 1963]	автомобильный завод	Q1635796	Луцкий автомобильный завод	P571	дата основания/создания/возникновения	0	0	1955-01-01	0	0	0
1949	автомобильный завод	Q815069	Белорусский автомобильный завод	P571	дата основания/создания/возникновения	0	0	1948-01-01	0	0	0
[1969, 1978]	автомобильный завод	Q4318103	Нефтекамский автозавод	P571	дата основания/создания/возникновения	0	0	1972-01-01	0	0	0
[1935, 1938]	автомобильный инспекция	Q4146353	Госавтоинспекция МВД России	P571	дата основания/создания/возникновения	0	0	1936-01-01	0	0	0
1994	автомобильный клуб	Q787499	Западный автомобильный клуб	P488	руководитель	Raymond Gouloumès	0	0	1973-01-01	1992-01-01	0
[1980, 1981]	автомобильный тоннель	Q684927	Готардский автомобильный тоннель	P1619	дата официального открытия	0	0	1980-01-01	0	0	0
1993	автомобильный федерация	Q4397931	Российская автомобильная федерация	P571	дата основания/создания/возникновения	0	0	1991-11-30	0	0	0
1991	автономия немец	Q157261	Автономная Советская Социалистическая Республика Немцев Поволжья	P31	это частный случай понятия	АССР в составе союзных республик СССР	0	0	1924-01-06	1941-08-28	0
1991	автономия немец	Q157261	Автономная Советская Социалистическая Республика Немцев Поволжья	P576	дата прекращения существования	0	0	1941-08-28	0	0	0
[1999, 2004]	автономный действие	Q2343852	Автономное действие	P571	дата основания/создания/возникновения	0	0	2002-01-01	0	0	0
[1992, 1998]	автономный еврейский	Q7730	Еврейская автономная область	P6	глава правительства	Николай Михайлович Волков	0	0	1996-10-26	2010-02-25	0
[1957, 1962]	автономный калмыцкий	Q2989662	Калмыцкая автономная область	P576	дата прекращения существования	0	0	1958-12-25	0	0	0
[1957, 1962]	автономный калмыцкий	Q2989662	Калмыцкая автономная область	P131	административно-территориальная единица	Ставропольский край	0	0	1957-01-09	1958-12-25	0
1923	автономный калмыцкий	Q2989662	Калмыцкая автономная область	P17	государство	СССР	0	0	1922-12-30	0	0
[1957, 1962]	автономный калмыцкий	Q2989662	Калмыцкая автономная область	P36	столица	Элиста	0	0	1957-01-09	1958-12-25	0
[1957, 1962]	автономный калмыцкий	Q2989662	Калмыцкая автономная область	P571	дата основания/создания/возникновения	0	0	1957-01-09	0	0	0
1924	автономный карельский	Q4056381	Автономная Карельская ССР	P571	дата основания/создания/возникновения	0	0	1923-07-25	0	0	0
1974	автономный киргизский	Q8211951	Киргизская автономная область	P571	дата основания/создания/возникновения	0	0	1924-10-14	0	0	0
[1926, 1929]	автономный киргизский	Q8211951	Киргизская автономная область	P576	дата прекращения существования	0	0	1926-02-01	0	0	0
1927	автономный область	Q8211951	Киргизская автономная область	P576	дата прекращения существования	0	0	1926-02-01	0	0	0
[1989, 1996]	автономный область	Q877642	Юго-Осетинская автономная область	P576	дата прекращения существования	0	0	1990-01-01	0	0	0
1936	автономный область	Q2989662	Калмыцкая автономная область	P131	административно-территориальная единица	Нижне-Волжский край	0	0	1928-05-21	1934-01-10	0
[1923, 1930]	автономный область	Q8211951	Киргизская автономная область	P571	дата основания/создания/возникновения	0	0	1924-10-14	0	0	0
[1923, 1930]	автономный область	Q2391775	Марийская автономная область	P131	административно-территориальная единица	Российская Советская Федеративная Социалистическая Республика	0	0	1920-11-04	1929-01-14	0
1936	автономный область	Q2391775	Марийская автономная область	P131	административно-территориальная единица	Горьковский край	0	0	1929-07-15	1936-12-05	0
[1923, 1930]	автономный область	Q2989662	Калмыцкая автономная область	P131	административно-территориальная единица	Российская Советская Федеративная Социалистическая Республика	0	0	1920-11-04	1928-05-20	0
[1923, 1930]	автономный область	Q3348193	Черкесская автономная область	P571	дата основания/создания/возникновения	0	0	1928-01-01	0	0	0
1936	автономный область	Q2391775	Марийская автономная область	P17	государство	СССР	0	0	1922-12-30	1936-12-05	0
1936	автономный область	Q3108448	Северо-Осетинская автономная область	P131	административно-территориальная единица	Северо-Кавказский край	0	0	1924-07-07	1936-12-05	0
[1923, 1930]	автономный область	Q2391775	Марийская автономная область	P131	административно-территориальная единица	Нижегородская область	0	0	1929-01-14	1929-07-15	0
[1956, 1961]	автономный область	Q2989662	Калмыцкая автономная область	P131	административно-территориальная единица	Ставропольский край	0	0	1957-01-09	1958-12-25	0
1936	автономный область	Q2496397	Удмуртская автономная область	P576	дата прекращения существования	0	0	1934-12-28	0	0	0
[1956, 1961]	автономный область	Q2989662	Калмыцкая автономная область	P36	столица	Элиста	0	0	1957-01-09	1958-12-25	0
1936	автономный область	Q2989662	Калмыцкая автономная область	P36	столица	Элиста	0	0	1920-11-04	1935-10-20	0
1936	автономный область	Q2496397	Удмуртская автономная область	P131	административно-территориальная единица	Кировский край	0	0	1934-12-07	1934-12-28	0
[1923, 1930]	автономный область	Q3108448	Северо-Осетинская автономная область	P571	дата основания/создания/возникновения	0	0	1924-07-07	0	0	0
1927	автономный область	Q2717059	Чувашская автономная область	P576	дата прекращения существования	0	0	1925-01-01	0	0	0
1927	автономный область	Q2472347	Карачаево-Черкесская автономная область	P131	административно-территориальная единица	Российская Советская Федеративная Социалистическая Республика	0	0	1922-01-12	1926-04-26	0
1936	автономный область	Q2496397	Удмуртская автономная область	P131	административно-территориальная единица	Горьковский край	0	0	1929-07-15	1934-12-07	0
[1956, 1961]	автономный область	Q2989662	Калмыцкая автономная область	P571	дата основания/создания/возникновения	0	0	1957-01-09	0	0	0
[1935, 1939]	автономный область	Q3348193	Черкесская автономная область	P131	административно-территориальная единица	Ставропольский край	0	0	1937-03-13	0	0
1993	автономный область	Q2472347	Карачаево-Черкесская автономная область	P131	административно-территориальная единица	Российская Советская Федеративная Социалистическая Республика	0	0	1957-02-11	1992-05-16	0
1936	автономный область	Q2391775	Марийская автономная область	P576	дата прекращения существования	0	0	1936-12-05	0	0	0
1936	автономный область	Q3108448	Северо-Осетинская автономная область	P576	дата прекращения существования	0	0	1936-12-05	0	0	0
[1923, 1930]	автономный область	Q2496397	Удмуртская автономная область	P131	административно-территориальная единица	Нижегородская область	0	0	1929-01-14	1929-07-15	0
[1923, 1930]	автономный область	Q2385941	Кара-Киргизская автономная область	P571	дата основания/создания/возникновения	0	0	1924-10-14	0	0	0
1936	автономный область	Q2638524	Хакасская автономная область	P131	административно-территориальная единица	Красноярский край	0	0	1934-10-07	1990-12-14	0
1936	автономный область	Q2357373	Ингушская автономная область	P576	дата прекращения существования	0	0	1934-01-01	0	0	0
[1923, 1930]	автономный область	Q130216	Нагорно-Карабахская автономная область	P571	дата основания/создания/возникновения	0	0	1923-07-07	0	0	0
1993	автономный область	Q130216	Нагорно-Карабахская автономная область	P576	дата прекращения существования	0	0	1991-11-26	0	0	0
1927	автономный область	Q207319	Горно-Бадахшанская автономная область	P571	дата основания/создания/возникновения	0	0	1925-01-02	0	0	0
1927	автономный область	Q2385941	Кара-Киргизская автономная область	P576	дата прекращения существования	0	0	1926-02-01	0	0	0
1927	автономный область	Q2445176	Карачаевская автономная область	P571	дата основания/создания/возникновения	0	0	1926-01-01	0	0	0
1993	автономный область	Q2478158	Адыгейская автономная область	P576	дата прекращения существования	0	0	1991-07-01	0	0	0
1993	автономный область	Q2638524	Хакасская автономная область	P576	дата прекращения существования	0	0	1992-05-15	0	0	0
1936	автономный область	Q7730	Еврейская автономная область	P571	дата основания/создания/возникновения	0	0	1934-05-07	0	0	0
1936	автономный область	Q2478158	Адыгейская автономная область	P131	административно-территориальная единица	Азово-Черноморский край	0	0	1934-01-10	1937-09-13	0
[1935, 1939]	автономный область	Q2478158	Адыгейская автономная область	P131	административно-территориальная единица	Краснодарский край	0	0	1937-09-13	0	0
1936	автономный область	Q2478158	Адыгейская автономная область	P36	столица	Майкоп	0	0	1936-01-01	1991-01-01	0
1936	автономный область	Q7730	Еврейская автономная область	P131	административно-территориальная единица	Российская Советская Федеративная Социалистическая Республика	0	0	1934-05-07	1991-12-25	0
1993	автономный область	Q7730	Еврейская автономная область	P131	административно-территориальная единица	Россия	0	0	1991-12-25	0	0
[1956, 1961]	автономный область	Q2989662	Калмыцкая автономная область	P576	дата прекращения существования	0	0	1958-12-25	0	0	0
[1935, 1939]	автономный область	Q2445176	Карачаевская автономная область	P131	административно-территориальная единица	Ставропольский край	0	0	1937-03-13	0	0
1936	автономный область	Q2989662	Калмыцкая автономная область	P576	дата прекращения существования	0	0	1935-10-20	0	0	0
1993	автономный область	Q2472347	Карачаево-Черкесская автономная область	P576	дата прекращения существования	0	0	1991-01-01	0	0	0
[1989, 1996]	автономный область	Q2638524	Хакасская автономная область	P131	административно-территориальная единица	Российская Советская Федеративная Социалистическая Республика	0	0	1990-12-15	0	0
1936	автономный область	Q2478158	Адыгейская автономная область	P36	столица	Краснодар	0	0	1922-01-01	1936-01-01	0
[1923, 1930]	автономный область	Q4126815	Вотская автономная область	P131	административно-территориальная единица	Нижегородская область	0	0	1929-01-14	1929-07-15	0
1936	автономный область	Q2989662	Калмыцкая автономная область	P131	административно-территориальная единица	Сталинградский край	0	0	1934-01-11	1935-10-20	0
1936	автономный область	Q3348191	Чечено-Ингушская автономная область	P571	дата основания/создания/возникновения	0	0	1934-01-15	0	0	0
[1935, 1939]	автономный область	Q2393781	Горно-Алтайская автономная область	P131	административно-территориальная единица	Алтайский край	0	0	1937-09-28	0	0
1936	автономный область	Q3348191	Чечено-Ингушская автономная область	P576	дата прекращения существования	0	0	1936-12-05	0	0	0
[1935, 1939]	автономный область	Q2393781	Горно-Алтайская автономная область	P131	административно-территориальная единица	Западно-Сибирский край	0	0	1930-07-30	1937-09-28	0
1936	автономный область	Q4302536	Мордовская автономная область	P576	дата прекращения существования	0	0	1934-12-20	0	0	0
[1923, 1930]	автономный область	Q2357373	Ингушская автономная область	P571	дата основания/создания/возникновения	0	0	1924-01-01	0	0	0
[1923, 1930]	автономный область	Q4126815	Вотская автономная область	P131	административно-территориальная единица	Российская Советская Федеративная Социалистическая Республика	0	0	1920-11-04	1929-07-15	0
[1923, 1930]	автономный область	Q4126815	Вотская автономная область	P131	административно-территориальная единица	Горьковский край	0	0	1929-07-15	1932-01-01	0
[1923, 1930]	автономный область	Q4466143	Туркменская автономная область	P571	дата основания/создания/возникновения	0	0	1924-04-01	0	0	0
1936	автономный область	Q4302536	Мордовская автономная область	P131	административно-территориальная единица	Средневолжский край	0	0	1930-01-10	1934-12-20	0
[1923, 1930]	автономный область	Q4466143	Туркменская автономная область	P576	дата прекращения существования	0	0	1924-10-27	0	0	0
1993	автономный округ	Q622876	Коми-Пермяцкий автономный округ	P17	государство	СССР	0	0	1925-02-26	1991-01-01	0
2000	автономный округ	Q1012450	Нгава-Тибетско-Цянский автономный округ	P571	дата основания/создания/возникновения	0	0	1950-01-01	0	0	0
[1954, 1959]	автономный округ	Q128104	Гардзе-Тибетский автономный округ	P571	дата основания/создания/возникновения	0	0	1955-01-01	0	0	0
[1954, 1959]	автономный округ	Q812564	Баянгол-Монгольский автономный округ	P571	дата основания/создания/возникновения	0	0	1954-06-23	0	0	0
[2006, 2007]	автономный округ	Q214262	Эвенкийский автономный округ	P576	дата прекращения существования	0	0	2006-12-31	0	0	0
1993	автономный округ	Q622876	Коми-Пермяцкий автономный округ	P17	государство	Россия	0	0	1991-01-01	2005-11-30	0
[1923, 1929]	автономный округ	Q622876	Коми-Пермяцкий автономный округ	P131	административно-территориальная единица	Уральская область	0	0	1925-02-26	1934-01-17	0
1993	автономный округ	Q622876	Коми-Пермяцкий автономный округ	P131	административно-территориальная единица	Россия	0	0	1992-01-01	2005-11-30	0
[2006, 2007]	автономный округ	Q216301	Таймырский (Долгано-Ненецкий) автономный округ	P576	дата прекращения существования	0	0	2006-12-31	0	0	0
[1938, 1940]	автономный округ	Q622876	Коми-Пермяцкий автономный округ	P131	административно-территориальная единица	Свердловская область	0	0	1934-01-17	1938-10-03	0
[1954, 1959]	автономный округ	Q812564	Баянгол-Монгольский автономный округ	P131	административно-территориальная единица	Синьцзян	0	0	1954-06-23	1955-09-30	0
[1954, 1959]	автономный округ	Q848127	Или-Казахский автономный округ	P131	административно-территориальная единица	Синьцзян-Уйгурский автономный район	0	0	1955-10-01	0	0
[1954, 1959]	автономный округ	Q812564	Баянгол-Монгольский автономный округ	P131	административно-территориальная единица	Синьцзян-Уйгурский автономный район	0	0	1955-10-01	0	0
[1954, 1959]	автономный округ	Q115594	Голог-Тибетский автономный округ	P571	дата основания/создания/возникновения	0	0	1955-01-01	0	0	0
1993	автономный округ	Q622876	Коми-Пермяцкий автономный округ	P131	административно-территориальная единица	Пермская область	0	0	1938-10-03	1992-01-01	0
1993	автономный округ	Q17094638	Корякский автономный округ	P17	государство	Россия	0	0	1991-12-26	0	0
1956	автономный район	Q34800	Синьцзян-Уйгурский автономный район	P571	дата основания/создания/возникновения	0	0	1955-10-01	0	0	0
[1989, 1993]	автономный регион	Q205047	Иракский Курдистан	P571	дата основания/создания/возникновения	0	0	1991-01-01	0	0	0
[1936, 1940]	автономный республика	Q1016336	Бурятская АССР	P131	административно-территориальная единица	Восточно-Сибирский край	0	0	1930-07-30	1936-12-04	0
[1936, 1940]	автономный республика	Q1016336	Бурятская АССР	P131	административно-территориальная единица	Российская Советская Федеративная Социалистическая Республика	0	0	1936-12-05	0	0
1999	автономный республика	Q903061	Автономная Республика Кохинхина	P582	дата окончания	0	0	1949-04-23	0	0	0
[1923, 1930]	автономный республика	Q1016336	Бурятская АССР	P571	дата основания/создания/возникновения	0	0	1923-05-30	0	0	0
1998	автономный республика	Q25389661	Автономная Республика Бадахшан	P576	дата прекращения существования	0	0	1997-06-27	0	0	0
1928	автономный сср	Q1140829	Татарская Автономная Советская Социалистическая Республика	P47	имеет границы с	Средневолжский край	0	0	1928-05-14	1936-12-05	0
1926	автономный сср	Q76077	Таджикская Автономная Социалистическая Советская Республика	P571	дата основания/создания/возникновения	0	0	1924-10-14	0	0	0
1929	автономный сср	Q76077	Таджикская Автономная Социалистическая Советская Республика	P576	дата прекращения существования	0	0	1929-10-16	0	0	0
1925	автономный таджикский	Q76077	Таджикская Автономная Социалистическая Советская Республика	P571	дата основания/создания/возникновения	0	0	1924-10-14	0	0	0
1923	автономный татарский	Q1140829	Татарская Автономная Советская Социалистическая Республика	P131	административно-территориальная единица	Российская Социалистическая Федеративная Советская Республика	0	0	1917-11-07	1922-12-30	0
1923	автономный татарский	Q1140829	Татарская Автономная Советская Социалистическая Республика	P17	государство	СССР	0	0	1922-12-30	0	0
1923	автономный татарский	Q1140829	Татарская Автономная Советская Социалистическая Республика	P131	административно-территориальная единица	Российская Советская Федеративная Социалистическая Республика	0	0	1922-12-30	0	0
1959	автономный уезд	Q1333154	Харачин-Цзои-Монгольский автономный уезд	P131	административно-территориальная единица	Чаоян	0	0	1958-01-01	1964-01-01	0
1956	автономный уезд	Q1333154	Харачин-Цзои-Монгольский автономный уезд	P131	административно-территориальная единица	Специальный район Цзиньчжоу	0	0	1955-01-01	1958-01-01	0
1956	автономный уезд	Q1333154	Харачин-Цзои-Монгольский автономный уезд	P131	административно-территориальная единица	провинция Жэхэ	0	0	1949-01-01	1954-01-01	0
1959	автономный уезд	Q1023497	Моры-Казахский автономный уезд	P131	административно-территориальная единица	Урумчи	0	0	1949-12-17	1957-12-31	0
1959	автономный уезд	Q1023497	Моры-Казахский автономный уезд	P131	административно-территориальная единица	Чанцзи-Хуэйский автономный округ	0	0	1958-01-01	0	0
1956	автономный уезд	Q1376078	Цянь-Горлос-Монгольский автономный уезд	P131	административно-территориальная единица	Специальный район Байчэн	0	0	1956-01-01	1991-01-01	0
1956	автономный уезд	Q1376078	Цянь-Горлос-Монгольский автономный уезд	P131	административно-территориальная единица	провинция Гирин	0	0	1949-01-01	1955-01-01	0
1956	автономный уезд	Q1243756	Дурбэд-Монгольский автономный уезд	P131	административно-территориальная единица	Хэйлунцзян	0	0	1949-05-15	1954-07-30	0
1956	автономный уезд	Q1243756	Дурбэд-Монгольский автономный уезд	P131	административно-территориальная единица	Специальный район Нэньцзян	0	0	1954-08-01	1960-05-11	0
[1998, 2002]	авторемонтный завод	Q1635796	Луцкий автомобильный завод	P576	дата прекращения существования	0	0	2000-01-01	0	0	0
1994	авторский телевидение	Q4054106	АТВ	P1454	организационно-правовая форма	закрытое акционерное общество	0	0	1993-01-01	2014-01-01	0
[1989, 1995]	авторский телевидение	Q4054106	АТВ	P17	государство	Россия	0	0	1991-01-01	0	0
[1989, 1995]	авторский телевидение	Q4054106	АТВ	P159	расположение штаб-квартиры	Россия	0	0	1991-01-01	0	0
[1989, 1995]	авторский телевидение	Q4054106	АТВ	P159	расположение штаб-квартиры	СССР	0	0	1988-09-15	1991-01-01	0
[1989, 1995]	авторский телевидение	Q4054106	АТВ	P17	государство	СССР	0	0	1988-09-15	1991-01-01	0
[1994, 1999]	автостопом по	Q1319431	Автостопом по галактике	P582	дата окончания	0	0	1996-01-01	0	0	0
[1979, 1980]	автостопом по	Q3521267	Автостопом по галактике	P1411	номинирован на	премия Хьюго за лучшую постановку	0	0	0	0	1979-01-01
[2005, 2006]	автостопом по	Q836821	Автостопом по галактике	P577	дата публикации	0	0	2005-04-28	0	0	0
[2005, 2006]	автостопом по	Q836821	Автостопом по галактике	P577	дата публикации	0	0	2005-04-29	0	0	0
[2005, 2006]	автостопом по	Q836821	Автостопом по галактике	P577	дата публикации	0	0	2005-06-09	0	0	0
[1979, 1980]	автостопом по	Q25169	Автостопом по галактике	P577	дата публикации	0	0	1979-01-01	0	0	0
[1979, 1980]	автостопом по	Q3107329	Автостопом по галактике	P577	дата публикации	0	0	1979-01-01	0	0	0
1991	явлинский г	Q438603	Григорий Алексеевич Явлинский	P39	занимаемая должность	заместитель главы правительства СССР	0	0	1991-08-24	1991-10-02	0
[2005, 2009]	являться дьявол	Q1216787	Дьявол пришёл верхом на лошади	P577	дата публикации	0	0	2007-01-01	0	0	0
[2005, 2009]	являться дьявол	Q1216787	Дьявол пришёл верхом на лошади	P577	дата публикации	0	0	2008-08-28	0	0	0
[2002, 2006]	яворивский владимир	Q2081889	Яворивский, Владимир Александрович	P39	занимаемая должность	народный депутат Украины	0	0	2002-05-14	2006-05-25	0
[2006, 2007]	яворский м	Q703999	Яворский, Мариан Викентьевич	P166	полученные награды	Почётный гражданин Кракова	0	0	0	0	2006-01-01
