Year or Period	Bigram	#Q	Subject	#P	Predicate	Object	Organization	Just Date	Start Time	End Time	Time Point
[1976, 1979]	а марков	Q502674	Марков, Андрей Викторович	P569	дата рождения	0	0	1978-12-20	0	0	0
[1995, 2002]	а масхадов	Q193354	Аслан Алиевич Масхадов	P39	занимаемая должность	президент Чеченской Республики Ичкерия	0	0	1997-02-12	2005-03-08	0
[1986, 1990]	а матвеев	Q1985995	Матвеев, Юрий Александрович	P54	член спортивной команды	Урал	0	0	1988-01-01	1989-01-01	0
[1986, 1990]	а матвеев	Q1985995	Матвеев, Юрий Александрович	P54	член спортивной команды	Уралец НТ	0	0	1984-01-01	1987-01-01	0
[1994, 1999]	а матвеев	Q1985995	Матвеев, Юрий Александрович	P54	член спортивной команды	Сувон Самсунг Блууингс	0	0	1996-01-01	1997-01-01	0
[1994, 1999]	а матвеев	Q1985995	Матвеев, Юрий Александрович	P54	член спортивной команды	ЦСКА	0	0	1996-01-01	1996-01-01	0
[1980, 1983]	а матвеев	Q500404	Максим Александрович Матвеев	P569	дата рождения	0	0	1982-07-28	0	0	0
[1994, 1999]	а матвеев	Q1985995	Матвеев, Юрий Александрович	P54	член спортивной команды	Ростов	0	0	1998-01-01	2000-01-01	0
[1994, 1999]	а матвеев	Q1985995	Матвеев, Юрий Александрович	P54	член спортивной команды	Урал	0	0	1994-01-01	1995-01-01	0
[1994, 1999]	а матвеев	Q1985995	Матвеев, Юрий Александрович	P54	член спортивной команды	Анкарагюджю	0	0	1993-01-01	1994-01-01	0
[2000, 2001]	а медведев	Q951448	Медведев, Алексей Сергеевич	P54	член спортивной команды	Сатурн	0	0	1999-01-01	2000-01-01	0
[1984, 1988]	а медведев	Q23530	Дмитрий Анатольевич Медведев	P69	учебное заведение	юридический факультет СПбГУ	0	0	1982-01-01	1987-01-01	0
[2000, 2001]	а медведев	Q951448	Медведев, Алексей Сергеевич	P54	член спортивной команды	Динамо (Москва)	0	0	2000-01-01	2001-01-01	0
[2006, 2008]	а медведев	Q951448	Медведев, Алексей Сергеевич	P54	член спортивной команды	Крылья Советов	0	0	2006-01-01	2007-01-01	0
[2000, 2001]	а медведев	Q951448	Медведев, Алексей Сергеевич	P54	член спортивной команды	Динамо (Москва)	0	0	2000-01-01	2000-01-01	0
[1986, 1997]	а мельников	Q3494196	Мельников, Андрей Александрович	P570	дата смерти	0	0	1988-01-08	0	0	0
[1987, 1992]	а мень	Q712471	Александр Владимирович Мень	P570	дата смерти	0	0	1990-09-09	0	0	0
[1973, 1974]	а миллер	Q4293476	Миллер, Анатолий Филиппович	P570	дата смерти	0	0	1973-10-03	0	0	0
[1946, 1949]	а михайлов	Q4297352	Михайлов, Иван Адрианович	P570	дата смерти	0	0	1946-08-30	0	0	0
[1988, 1999]	а михайлов	Q4297291	Михайлов, Александр Викторович	P570	дата смерти	0	0	1995-09-18	0	0	0
[2006, 2007]	а мороз	Q561122	Александр Александрович Мороз	P39	занимаемая должность	председатель Верховной Рады Украины	0	0	2006-07-06	2007-12-04	0
[2006, 2007]	а мороз	Q561122	Александр Александрович Мороз	P39	занимаемая должность	народный депутат Украины	0	0	2002-05-14	2006-05-25	0
[1994, 1995]	а мороз	Q561122	Александр Александрович Мороз	P39	занимаемая должность	председатель Верховной Рады Украины	0	0	1994-05-18	1998-07-07	0
[2006, 2007]	а мороз	Q561122	Александр Александрович Мороз	P39	занимаемая должность	народный депутат Украины	0	0	2006-05-25	2007-11-23	0
[1994, 1995]	а мороз	Q561122	Александр Александрович Мороз	P39	занимаемая должность	народный депутат Украины	0	0	1994-05-11	1998-05-12	0
[1994, 1995]	а мороз	Q561122	Александр Александрович Мороз	P39	занимаемая должность	народный депутат Украины	0	0	1990-05-15	1994-05-10	0
[1961, 1963]	а морозов	Q323105	Морозов, Юрий Андреевич	P54	член спортивной команды	Динамо	0	0	1962-01-01	1964-01-01	0
[1987, 1989]	а мюллер	Q122298	Мюллер, Карл Александр	P166	полученные награды	Robert Wichard Pohl Prize	0	0	0	0	1987-01-01
[1987, 1989]	а мюллер	Q122298	Мюллер, Карл Александр	P463	участник организации или клуба	Саксонская академия наук	0	0	1988-05-13	0	0
[1987, 1989]	а мюллер	Q122298	Мюллер, Карл Александр	P166	полученные награды	медаль Вильгельма Экснера	0	0	0	0	1987-01-01
[1987, 1989]	а мюллер	Q122298	Мюллер, Карл Александр	P166	полученные награды	Нобелевская премия по физике	0	0	0	0	1987-01-01
[1987, 1989]	а мюллер	Q122298	Мюллер, Карл Александр	P166	полученные награды	Премия имени Дэнни Хайнемана	0	0	0	0	1987-01-01
[1987, 1989]	а мюллер	Q122298	Мюллер, Карл Александр	P166	полученные награды	Премия Фрица Лондона	0	0	0	0	1987-01-01
[1970, 1971]	амадео бордиг	Q451743	Амадео Бордига	P570	дата смерти	0	0	1970-07-23	0	0	0
[1994, 1995]	амазаспович амбарцумян	Q164396	Виктор Амазаспович Амбарцумян	P166	полученные награды	Национальный Герой Армении	0	0	0	0	1994-10-11
[1960, 1963]	амазаспович амбарцумян	Q164396	Виктор Амазаспович Амбарцумян	P166	полученные награды	медаль Кэтрин Брюс	0	0	0	0	1960-01-01
[1968, 1969]	амазаспович амбарцумян	Q164396	Виктор Амазаспович Амбарцумян	P166	полученные награды	Герой Социалистического Труда	0	0	0	0	1968-09-17
[1968, 1969]	амазаспович амбарцумян	Q164396	Виктор Амазаспович Амбарцумян	P166	полученные награды	медаль «Серп и Молот»	0	0	0	0	1968-09-17
[1960, 1963]	амазаспович амбарцумян	Q164396	Виктор Амазаспович Амбарцумян	P166	полученные награды	медаль «За трудовую доблесть»	0	0	0	0	1960-09-26
[1960, 1963]	амазаспович амбарцумян	Q164396	Виктор Амазаспович Амбарцумян	P166	полученные награды	золотая медаль Королевского астрономического общества	0	0	0	0	1960-01-01
[1978, 1979]	амазаспович амбарцумян	Q164396	Виктор Амазаспович Амбарцумян	P166	полученные награды	орден Ленина	0	0	0	0	1978-09-15
[1978, 1979]	амазаспович амбарцумян	Q164396	Виктор Амазаспович Амбарцумян	P166	полученные награды	Герой Социалистического Труда	0	0	0	0	1978-09-15
[1978, 1979]	амазаспович амбарцумян	Q164396	Виктор Амазаспович Амбарцумян	P166	полученные награды	медаль «Серп и Молот»	0	0	0	0	1978-09-15
[1968, 1969]	амазаспович амбарцумян	Q164396	Виктор Амазаспович Амбарцумян	P166	полученные награды	орден Ленина	0	0	0	0	1968-09-17
[1978, 1989]	амазонка на	Q456467	Амазонки на Луне	P577	дата публикации	0	0	1987-09-18	0	0	0
[1978, 1989]	амазонка на	Q456467	Амазонки на Луне	P577	дата публикации	0	0	1988-12-22	0	0	0
[1978, 1989]	амазонка на	Q456467	Амазонки на Луне	P577	дата публикации	0	0	1987-01-01	0	0	0
[1993, 2001]	амалия и	Q4063900	Амалия&Амалия	P2031	начало периода активности	0	0	1993-01-01	0	0	0
[1993, 2001]	амалия и	Q4063900	Амалия&Амалия	P166	полученные награды	Государственная премия Российской Федерации	0	0	0	0	1996-01-01
[1995, 1999]	амалия мордвинова	Q4063900	Амалия&Амалия	P166	полученные награды	Государственная премия Российской Федерации	0	0	0	0	1996-01-01
[1988, 1998]	амальрик а	Q4063906	Леонид Амальрик	P570	дата смерти	0	0	1997-10-22	0	0	0
[1974, 1976]	аман кекил	Q2349508	Аман Кекилов	P570	дата смерти	0	0	1974-12-13	0	0	0
[1958, 1960]	аманжол с	Q4063933	Аманжолов, Сарсен Аманжолович	P570	дата смерти	0	0	1958-01-28	0	0	0
[1999, 2008]	амартия сено	Q132489	Сен, Амартия	P166	полученные награды	Премия Леонтьева	0	0	0	0	2000-01-01
[1999, 2008]	амартия сено	Q132489	Сен, Амартия	P166	полученные награды	Глобальная экономическая премия	0	0	0	0	2007-01-01
[1999, 2008]	амартия сено	Q132489	Сен, Амартия	P166	полученные награды	премия мастер Экхарта	0	0	0	0	2007-01-01
[1989, 1992]	амасийский район	Q4063973	Амасийский район	P17	государство	СССР	0	0	1930-09-09	1991-08-22	0
[1989, 1992]	амасийский район	Q4063973	Амасийский район	P17	государство	Армения	0	0	1991-08-23	1995-04-11	0
[1989, 1992]	амасийский район	Q4063973	Амасийский район	P131	административно-территориальная единица	Армянская Советская Социалистическая Республика	0	0	1930-09-09	1991-08-22	0
[1989, 1992]	амасийский район	Q4063973	Амасийский район	P131	административно-территориальная единица	Армения	0	0	1991-08-23	1995-04-11	0
[1971, 1982]	амбарцумян а	Q164396	Виктор Амазаспович Амбарцумян	P166	полученные награды	медаль «Серп и Молот»	0	0	0	0	1978-09-15
[1971, 1982]	амбарцумян а	Q164396	Виктор Амазаспович Амбарцумян	P166	полученные награды	орден Ленина	0	0	0	0	1974-01-01
[1971, 1982]	амбарцумян а	Q164396	Виктор Амазаспович Амбарцумян	P166	полученные награды	медаль Котениуса	0	0	0	0	1974-01-01
[1971, 1982]	амбарцумян а	Q164396	Виктор Амазаспович Амбарцумян	P166	полученные награды	медаль Гельмгольца	0	0	0	0	1971-01-01
[1971, 1982]	амбарцумян а	Q164396	Виктор Амазаспович Амбарцумян	P166	полученные награды	Большая золотая медаль имени М. В. Ломоносова	0	0	0	0	1971-01-01
[1957, 1962]	амбарцумян а	Q164396	Виктор Амазаспович Амбарцумян	P166	полученные награды	медаль «За трудовую доблесть»	0	0	0	0	1960-09-26
[1957, 1962]	амбарцумян а	Q164396	Виктор Амазаспович Амбарцумян	P166	полученные награды	медаль Кэтрин Брюс	0	0	0	0	1960-01-01
[1957, 1962]	амбарцумян а	Q164396	Виктор Амазаспович Амбарцумян	P166	полученные награды	орден Ленина	0	0	0	0	1958-09-17
[1971, 1982]	амбарцумян а	Q164396	Виктор Амазаспович Амбарцумян	P166	полученные награды	орден Ленина	0	0	0	0	1978-09-15
[1971, 1982]	амбарцумян а	Q4064013	Амбарцумян, Аркадий Станиславович	P569	дата рождения	0	0	1971-04-09	0	0	0
[1971, 1982]	амбарцумян а	Q164396	Виктор Амазаспович Амбарцумян	P166	полученные награды	Герой Социалистического Труда	0	0	0	0	1978-09-15
[1957, 1962]	амбарцумян а	Q164396	Виктор Амазаспович Амбарцумян	P166	полученные награды	золотая медаль Королевского астрономического общества	0	0	0	0	1960-01-01
[1960, 1961]	амбарцумян в	Q164396	Виктор Амазаспович Амбарцумян	P166	полученные награды	медаль Кэтрин Брюс	0	0	0	0	1960-01-01
[1978, 1983]	амбарцумян в	Q164396	Виктор Амазаспович Амбарцумян	P166	полученные награды	орден Ленина	0	0	0	0	1978-09-15
[1978, 1983]	амбарцумян в	Q164396	Виктор Амазаспович Амбарцумян	P166	полученные награды	Герой Социалистического Труда	0	0	0	0	1978-09-15
[1960, 1961]	амбарцумян в	Q164396	Виктор Амазаспович Амбарцумян	P166	полученные награды	медаль «За трудовую доблесть»	0	0	0	0	1960-09-26
[1960, 1961]	амбарцумян в	Q164396	Виктор Амазаспович Амбарцумян	P166	полученные награды	золотая медаль Королевского астрономического общества	0	0	0	0	1960-01-01
[1972, 1973]	амбарцумян в	Q2443793	Вячеслав Миранович Амбарцумян	P54	член спортивной команды	Торпедо	0	0	1972-01-01	1972-01-01	0
[1978, 1983]	амбарцумян в	Q164396	Виктор Амазаспович Амбарцумян	P166	полученные награды	медаль «Серп и Молот»	0	0	0	0	1978-09-15
[1960, 1961]	амбарцумян в	Q2443793	Вячеслав Миранович Амбарцумян	P54	член спортивной команды	ЦСКА	0	0	1960-01-01	1962-01-01	0
[1946, 1954]	амбарцумян в	Q164396	Виктор Амазаспович Амбарцумян	P166	полученные награды	Сталинская премия 2-й степени	0	0	0	0	1946-01-01
[1946, 1954]	амбарцумян в	Q164396	Виктор Амазаспович Амбарцумян	P166	полученные награды	орден Трудового Красного Знамени	0	0	0	0	1953-09-19
[1946, 1954]	амбарцумян в	Q164396	Виктор Амазаспович Амбарцумян	P166	полученные награды	Сталинская премия 1-й степени	0	0	0	0	1950-01-01
[1970, 1975]	амбарцумян виктор	Q164396	Виктор Амазаспович Амбарцумян	P166	полученные награды	медаль Котениуса	0	0	0	0	1974-01-01
[1977, 1979]	амбарцумян виктор	Q164396	Виктор Амазаспович Амбарцумян	P166	полученные награды	медаль «Серп и Молот»	0	0	0	0	1978-09-15
[1977, 1979]	амбарцумян виктор	Q164396	Виктор Амазаспович Амбарцумян	P166	полученные награды	Герой Социалистического Труда	0	0	0	0	1978-09-15
[1970, 1975]	амбарцумян виктор	Q164396	Виктор Амазаспович Амбарцумян	P166	полученные награды	орден Ленина	0	0	0	0	1974-01-01
[1977, 1979]	амбарцумян виктор	Q164396	Виктор Амазаспович Амбарцумян	P166	полученные награды	орден Ленина	0	0	0	0	1978-09-15
[1970, 1975]	амбарцумян виктор	Q164396	Виктор Амазаспович Амбарцумян	P166	полученные награды	медаль Гельмгольца	0	0	0	0	1971-01-01
[1970, 1975]	амбарцумян виктор	Q164396	Виктор Амазаспович Амбарцумян	P166	полученные награды	Большая золотая медаль имени М. В. Ломоносова	0	0	0	0	1971-01-01
[1969, 1973]	амбарцумян м	Q2443793	Вячеслав Миранович Амбарцумян	P54	член спортивной команды	Торпедо	0	0	1972-01-01	1972-01-01	0
[1961, 1962]	амбарцумян м	Q2443793	Вячеслав Миранович Амбарцумян	P54	член спортивной команды	сборная СССР по футболу	0	0	1961-01-01	1961-01-01	0
[1969, 1973]	амбарцумян м	Q2443793	Вячеслав Миранович Амбарцумян	P54	член спортивной команды	Спартак	0	0	1963-01-01	1971-01-01	0
[1963, 1966]	амвросиевич строкач	Q4444200	Строкач, Тимофей Амвросиевич	P570	дата смерти	0	0	1963-08-15	0	0	0
[1989, 1993]	амвросиевич шеварднадзе	Q151929	Эдуард Амвросиевич Шеварднадзе	P39	занимаемая должность	Министерство иностранных дел СССР	0	0	1991-11-19	1991-12-25	0
[1989, 1993]	амвросиевич шеварднадзе	Q151929	Эдуард Амвросиевич Шеварднадзе	P39	занимаемая должность	Министерство иностранных дел СССР	0	0	1985-07-02	1991-01-15	0
[1999, 2003]	амвросиевич шеварднадзе	Q151929	Эдуард Амвросиевич Шеварднадзе	P166	полученные награды	Большой крест в специальном исполнении ордена «За заслуги перед Федеративной Республикой Германия»	0	0	0	0	1999-01-01
[1985, 1993]	амгинский район	Q694932	Амгинский улус	P131	административно-территориальная единица	Якутия	0	0	1990-09-27	0	0
[1959, 1961]	амдерминский район	Q4064111	Амдерминский район	P576	дата прекращения существования	0	0	1959-01-01	0	0	0
[2002, 2009]	амели нотомба	Q168040	Амели Нотомб	P166	полученные награды	командор ордена Короны	0	0	0	0	2008-01-01
[2002, 2009]	амели нотомба	Q168040	Амели Нотомб	P166	полученные награды	Большая премия Жана Жионо	0	0	0	0	2008-01-01
[2002, 2009]	амели нотомба	Q168040	Амели Нотомб	P166	полученные награды	премия Флоры	0	0	0	0	2007-01-01
[1960, 1961]	амелин г	Q4064126	Амелин, Григорий Григорьевич	P569	дата рождения	0	0	1960-10-05	0	0	0
[1936, 1939]	амелия эрхарт	Q3355	Амелия Эрхарт	P746	дата исчезновения	0	0	1937-07-02	0	0	0
[2003, 2005]	амельченко а	Q587985	Антон Демьянович Амельченко	P54	член спортивной команды	Гомель	0	0	2004-01-01	2005-01-01	0
[1962, 1965]	америка америка	Q1217057	Америка, Америка	P577	дата публикации	0	0	1963-01-01	0	0	0
[1974, 1978]	америка в	Q880236	Эммануэль в Америке	P577	дата публикации	0	0	1976-01-01	0	0	0
[2001, 2003]	америка в	Q1536722	В Америке	P577	дата публикации	0	0	2002-09-12	0	0	0
[1960, 1964]	америка государство	Q30	США	P463	участник организации или клуба	Международная ассоциация развития	0	0	1960-09-24	0	0
[1960, 1964]	америка государство	Q30	США	P6	глава правительства	Дуайт Дэвид Эйзенхауэр	0	0	1953-01-20	1961-01-20	0
[1960, 1964]	америка государство	Q30	США	P6	глава правительства	Линдон Джонсон	0	0	1963-11-22	1969-01-20	0
[2001, 2002]	америка государство	Q30	США	P6	глава правительства	Джордж Уокер Буш	0	0	2001-01-20	2009-01-20	0
[1960, 1964]	америка государство	Q30	США	P6	глава правительства	Джон Фицджеральд Кеннеди	0	0	1961-01-20	1963-11-22	0
[2001, 2002]	америка государство	Q30	США	P6	глава правительства	Билл Клинтон	0	0	1993-01-20	2001-01-20	0
[1998, 2001]	америка русский	Q24555181	Русская Америка	P571	дата основания/создания/возникновения	0	0	1999-01-01	0	0	0
[1926, 1931]	америка соединять	Q30	США	P6	глава правительства	Герберт Гувер	0	0	1929-03-04	1933-03-04	0
[1985, 1988]	америка соединять	Q30	США	P463	участник организации или клуба	Missile Technology Control Regime	0	0	1987-01-01	0	0
[1926, 1931]	америка соединять	Q30	США	P6	глава правительства	Кулидж, Джон Калвин	0	0	1923-08-02	1929-03-04	0
[1961, 1962]	америка соединять	Q30	США	P6	глава правительства	Дуайт Дэвид Эйзенхауэр	0	0	1953-01-20	1961-01-20	0
[1949, 1950]	америка соединять	Q30	США	P463	участник организации или клуба	Организация Североатлантического договора	0	0	1949-04-04	0	0
[1985, 1988]	америка соединять	Q30	США	P463	участник организации или клуба	Австралийская группа	0	0	1985-01-01	0	0
[1961, 1962]	америка соединять	Q30	США	P6	глава правительства	Джон Фицджеральд Кеннеди	0	0	1961-01-20	1963-11-22	0
[1988, 1991]	америка фильм	Q406785	Эйр Америка	P577	дата публикации	0	0	1990-08-10	0	0	0
[2001, 2002]	америка фильм	Q1217057	Америка, Америка	P166	полученные награды	Национальный реестр фильмов США	0	0	0	0	2001-01-01
[1988, 1993]	американец я	Q642516	Я — американец	P577	дата публикации	0	0	1992-01-01	0	0	0
[1927, 1937]	американский академия	Q212329	Академия кинематографических искусств и наук	P571	дата основания/создания/возникновения	0	0	1927-01-01	0	0	0
[1923, 1925]	американский ассоциация	Q465750	Американская мотоциклетная ассоциация	P571	дата основания/создания/возникновения	0	0	1924-01-01	0	0	0
[1971, 1977]	американский ассоциация	Q463486	Американская баскетбольная ассоциация	P576	дата прекращения существования	0	0	1976-01-01	0	0	0
[1956, 1964]	американский балет	Q463443	Американский театр балета	P571	дата основания/создания/возникновения	0	0	1956-01-01	0	0	0
[1955, 1958]	американский балетный	Q463443	Американский театр балета	P571	дата основания/создания/возникновения	0	0	1956-01-01	0	0	0
[2002, 2003]	американский бог	Q430514	Американские боги	P166	полученные награды	премия «Локус» за лучший роман фэнтези	0	0	0	0	2002-01-01
[2002, 2003]	американский бог	Q430514	Американские боги	P166	полученные награды	премия «Хьюго» за лучший роман	0	0	0	0	2002-01-01
[2002, 2003]	американский бог	Q430514	Американские боги	P166	полученные награды	премия «Небьюла» за лучший роман	0	0	0	0	2002-01-01
[1986, 1998]	американский горка	Q2092528	Американские горки	P577	дата публикации	0	0	1997-10-31	0	0	0
[1995, 1997]	американский граффити	Q375855	Американские граффити	P166	полученные награды	Национальный реестр фильмов США	0	0	0	0	1995-01-01
[1994, 1998]	американский девушка	Q4064191	Американская девушка	P582	дата окончания	0	0	1995-03-15	0	0	0
[1994, 1998]	американский девушка	Q4064191	Американская девушка	P580	дата начала	0	0	1994-09-14	0	0	0
[1995, 1999]	американский дочь	Q4064188	Американская дочь	P577	дата публикации	0	0	1995-01-01	0	0	0
[1955, 1968]	американский институт	Q465230	Американский институт физики	P5460	присуждает учёную степень	премия Дэнни Хайнемана в области математической физики	0	0	1959-01-01	0	0
[1955, 1968]	американский институт	Q207460	Американский институт киноискусства	P571	дата основания/создания/возникновения	0	0	1965-01-01	0	0	0
[2005, 2006]	американский институт	Q465230	Американский институт физики	P5460	присуждает учёную степень	Премия Абрахама Пайса в области истории физики	0	0	2005-01-01	0	0
[1997, 1999]	американский история	Q208572	Американская история Икс	P577	дата публикации	0	0	1998-01-01	0	0	0
[2001, 2004]	американский киноакадемия	Q19020	Оскар	P276	местонахождение	Долби	0	0	2002-01-01	0	0
[1972, 1977]	американский ночь	Q909816	Американская ночь	P577	дата публикации	0	0	1973-01-01	0	0	0
[1963, 1973]	американский партия	Q465904	Американская нацистская партия	P488	руководитель	Коэл, Мэтт	0	0	0	0	1967-01-01
[2000, 2004]	американский пирог	Q466423	Американский пирог: Свадьба	P577	дата публикации	0	0	2003-09-05	0	0	0
[2000, 2004]	американский пирог	Q466423	Американский пирог: Свадьба	P577	дата публикации	0	0	2003-08-21	0	0	0
[2000, 2004]	американский пирог	Q220713	Американский пирог	P577	дата публикации	0	0	2000-01-06	0	0	0
[2000, 2004]	американский пирог	Q466423	Американский пирог: Свадьба	P577	дата публикации	0	0	2003-08-01	0	0	0
[1993, 2009]	американский президент	Q429311	Американский президент	P577	дата публикации	0	0	1995-12-14	0	0	0
[1993, 2009]	американский президент	Q429311	Американский президент	P577	дата публикации	0	0	1995-01-01	0	0	0
[1988, 1989]	американский самоа	Q843075	Американское Самоа	P571	дата основания/создания/возникновения	0	0	1988-01-01	0	0	0
[1967, 1971]	американский солдат	Q25600	Американский солдат	P577	дата публикации	0	0	1970-01-01	0	0	0
[2000, 2005]	американский трагедия	Q4745269	Американская трагедия	P577	дата публикации	0	0	2000-01-01	0	0	0
[1979, 1983]	американский физический	Q465230	Американский институт физики	P5460	присуждает учёную степень	премия Дэнни Хайнемана в области астрофизики	0	0	1979-01-01	0	0
[1984, 1988]	американский фильм	Q464294	Американский ниндзя	P577	дата публикации	0	0	1985-01-01	0	0	0
[2001, 2007]	американский фильм	Q466423	Американский пирог: Свадьба	P577	дата публикации	0	0	2003-09-05	0	0	0
[1991, 1999]	американский фильм	Q4064188	Американская дочь	P577	дата публикации	0	0	1995-01-01	0	0	0
[2001, 2007]	американский фильм	Q466423	Американский пирог: Свадьба	P577	дата публикации	0	0	2003-08-01	0	0	0
[1991, 1999]	американский фильм	Q464861	Американское сердце	P577	дата публикации	0	0	1992-01-01	0	0	0
[2001, 2007]	американский фильм	Q466423	Американский пирог: Свадьба	P577	дата публикации	0	0	2003-08-21	0	0	0
[1991, 1999]	американский фильм	Q464861	Американское сердце	P577	дата публикации	0	0	1993-01-01	0	0	0
[1991, 1999]	американский фильм	Q4064222	Американский дедушка	P577	дата публикации	0	0	1993-01-01	0	0	0
[2001, 2005]	американский фонд	Q4200890	Индуистский американский фонд	P571	дата основания/создания/возникновения	0	0	2003-01-01	0	0	0
[2006, 2007]	ами аялон	Q470654	Аялон, Ами	P39	занимаемая должность	депутат кнессета	0	0	2006-04-17	2008-12-18	0
[1962, 1978]	амилкар кабрал	Q213416	Амилкар Кабрал	P570	дата смерти	0	0	1973-01-20	0	0	0
[2002, 2004]	амин дада	Q48231	Иди Амин	P570	дата смерти	0	0	2003-08-16	0	0	0
[2006, 2007]	амин жмайель	Q318505	Жмайель, Пьер Амин	P570	дата смерти	0	0	2006-11-21	0	0	0
[1974, 1976]	амин и	Q48231	Иди Амин	P39	занимаемая должность	председатель Организации африканского единства	0	0	1975-07-28	1976-07-02	0
[1979, 1983]	амин идти	Q48231	Иди Амин	P241	вид или род войск	Народные силы обороны Уганды	0	0	1962-01-01	1979-01-01	0
[1979, 1983]	амин идти	Q48231	Иди Амин	P39	занимаемая должность	президент Уганды	0	0	1971-01-25	1979-04-11	0
[1974, 1977]	аминадать моисеевич	Q4212380	Каневский, Аминадав Моисеевич	P570	дата смерти	0	0	1976-01-01	0	0	0
[1959, 1963]	аминтор фанфань	Q273228	Фанфани, Аминторе	P39	занимаемая должность	председатель Совета министров Италии	0	0	1962-02-21	1963-06-21	0
[1965, 1969]	аминтор фанфань	Q273228	Фанфани, Аминторе	P39	занимаемая должность	министр иностранных дел Италии	0	0	1965-03-05	1965-12-30	0
[1959, 1963]	аминтор фанфань	Q273228	Фанфани, Аминторе	P39	занимаемая должность	председатель Совета министров Италии	0	0	1958-07-01	1959-02-15	0
[1982, 1986]	аминтор фанфань	Q273228	Фанфани, Аминторе	P39	занимаемая должность	Список министров внутренних дел Итальянской Республики	0	0	1983-07-13	1983-08-04	0
[1982, 1986]	аминтор фанфань	Q273228	Фанфани, Аминторе	P39	занимаемая должность	председатель Сената Италии	0	0	1985-07-09	1987-04-17	0
[1959, 1963]	аминтор фанфань	Q273228	Фанфани, Аминторе	P39	занимаемая должность	министр иностранных дел Италии	0	0	1958-07-02	1959-02-16	0
[1959, 1963]	аминтор фанфань	Q273228	Фанфани, Аминторе	P39	занимаемая должность	председатель Совета министров Италии	0	0	1960-07-26	1962-02-21	0
[1959, 1963]	аминтор фанфань	Q273228	Фанфани, Аминторе	P39	занимаемая должность	министр иностранных дел Италии	0	0	1962-05-07	1962-05-29	0
[1982, 1986]	аминтор фанфань	Q273228	Фанфани, Аминторе	P39	занимаемая должность	председатель Совета министров Италии	0	0	1982-12-01	1983-08-04	0
[1965, 1969]	аминтор фанфань	Q273228	Фанфани, Аминторе	P39	занимаемая должность	министр иностранных дел Италии	0	0	1966-02-24	1968-06-23	0
[1988, 1990]	амир перец	Q472117	Перец, Амир	P39	занимаемая должность	депутат кнессета	0	0	1988-11-21	1991-10-07	0
[1996, 2000]	амир перец	Q472117	Перец, Амир	P39	занимаемая должность	депутат кнессета	0	0	1999-03-25	1999-06-07	0
[2006, 2009]	амир перец	Q472117	Перец, Амир	P39	занимаемая должность	депутат кнессета	0	0	2005-05-23	2006-04-17	0
[1996, 2000]	амир перец	Q472117	Перец, Амир	P39	занимаемая должность	депутат кнессета	0	0	1996-06-17	1999-03-25	0
[1996, 2000]	амир перец	Q472117	Перец, Амир	P39	занимаемая должность	депутат кнессета	0	0	1992-07-13	1996-06-17	0
[2006, 2009]	амир перец	Q472117	Перец, Амир	P39	занимаемая должность	лидер оппозиции в кнессете	0	0	2005-11-23	2006-01-16	0
[1996, 2000]	амир перец	Q472117	Перец, Амир	P39	занимаемая должность	депутат кнессета	0	0	1999-06-07	2003-02-17	0
[2006, 2009]	амир перец	Q472117	Перец, Амир	P39	занимаемая должность	депутат кнессета	0	0	2008-12-18	2009-02-24	0
[2006, 2009]	амир перец	Q472117	Перец, Амир	P39	занимаемая должность	Министры обороны Израиля	0	0	2006-05-04	2007-06-18	0
[2006, 2009]	амир перец	Q472117	Перец, Амир	P39	занимаемая должность	заместитель премьер-министра Израиля	0	0	2006-05-04	2007-06-18	0
[2006, 2009]	амир перец	Q472117	Перец, Амир	P39	занимаемая должность	депутат кнессета	0	0	2006-04-17	2008-12-18	0
[1973, 1975]	амир саргиджан	Q2272771	Сергей Петрович Бородин	P570	дата смерти	0	0	1974-06-22	0	0	0
[1947, 1951]	амир шарифуддин	Q1810083	Шарифуддин, Амир	P570	дата смерти	0	0	1948-12-19	0	0	0
[2004, 2007]	амирханов р	Q4064388	Амирханов, Роман Владимирович	P54	член спортивной команды	сборная России по футболу (до 17 лет)	0	0	2005-01-01	2006-01-01	0
[1989, 1991]	амирханов р	Q4064388	Амирханов, Роман Владимирович	P569	дата рождения	0	0	1989-05-13	0	0	0
[1989, 1990]	амлинский владимир	Q4064411	Владимир Ильич Амлинский	P570	дата смерти	0	0	1989-11-30	0	0	0
[1944, 1960]	амна ссср	Q4287769	Медицинский радиологический научный центр Минздравсоцразвития России	P571	дата основания/создания/возникновения	0	0	1958-01-01	0	0	0
[1944, 1960]	амна ссср	Q1962532	Академия медицинских наук СССР	P571	дата основания/создания/возникновения	0	0	1944-01-01	0	0	0
[1983, 1988]	амнон рубинштейн	Q2890919	Рубинштейн, Амнон	P39	занимаемая должность	министр связи Израиля	0	0	1984-09-13	1987-05-26	0
[1964, 1966]	амо иванович	Q2664845	Бек-Назаров, Амбарцум Иванович	P570	дата смерти	0	0	1965-04-27	0	0	0
[1978, 1982]	амоко кадис	Q473794	Амоко Кадис	P793	ключевое событие	Q3412036	0	0	0	0	1978-03-29
[1978, 1982]	амоко кадис	Q473794	Амоко Кадис	P793	ключевое событие	кораблекрушение	0	0	0	0	1978-03-16
[1978, 1982]	амоко кадис	Q473794	Амоко Кадис	P793	ключевое событие	ship grounding	0	0	0	0	1978-03-16
[2004, 2005]	амос оз	Q151872	Оз, Амос	P166	полученные награды	Международная премия Каталонии	0	0	0	0	2004-01-01
[2007, 2009]	амос оз	Q151872	Оз, Амос	P166	полученные награды	Stefan Heym international award	0	0	0	0	2008-01-01
[2007, 2009]	амос оз	Q151872	Оз, Амос	P1411	номинирован на	Международная Букеровская премия	0	0	0	0	2007-01-01
[2007, 2009]	амос оз	Q151872	Оз, Амос	P166	полученные награды	кавалер Большого креста ордена Гражданских заслуг	0	0	0	0	2008-01-01
[1984, 1988]	амос оз	Q151872	Оз, Амос	P166	полученные награды	литературная премия имени Бялика	0	0	0	0	1986-01-01
[1984, 1988]	амос оз	Q151872	Оз, Амос	P166	полученные награды	офицер ордена Искусств и литературы	0	0	0	0	1984-01-01
[1991, 1995]	амос оз	Q151872	Оз, Амос	P166	полученные награды	Премия мира немецких книготорговцев	0	0	0	0	1992-01-01
[2007, 2009]	амос оз	Q151872	Оз, Амос	P166	полученные награды	премия Дэна Дэвида	0	0	0	0	2008-01-01
[2007, 2009]	амос оз	Q151872	Оз, Амос	P166	полученные награды	премия принца Астурийского	0	0	0	0	2007-01-01
[1997, 1999]	амос оз	Q151872	Оз, Амос	P166	полученные награды	кавалер ордена Почётного легиона	0	0	0	0	1997-01-01
[1997, 1999]	амос оз	Q151872	Оз, Амос	P166	полученные награды	Премия Израиля	0	0	0	0	1998-01-01
[1992, 1997]	амосов александр	Q4064478	Амосов, Александр Александрович	P570	дата смерти	0	0	1996-04-15	0	0	0
[1992, 2003]	амстердамский договор	Q193739	Амстердамский договор	P571	дата основания/создания/возникновения	0	0	1997-10-02	0	0	0
[1991, 2001]	амур и	Q4064558	Амур и демон	P577	дата публикации	0	0	1994-01-01	0	0	0
[1998, 2004]	амурский край	Q24684331	Амурский	P131	административно-территориальная единица	Лесной сельсовет	0	0	2003-12-01	0	0
[2006, 2007]	амурский область	Q19906758	Новоалександровка	P131	административно-территориальная единица	Новоалександровский сельсовет	0	0	2006-01-01	0	0
[1935, 1936]	амурский область	Q1680875	Екатеринославка	P131	административно-территориальная единица	Октябрьский район	0	0	1935-01-25	2005-03-16	0
[2006, 2007]	амурский область	Q19906758	Новоалександровка	P131	административно-территориальная единица	Тамбовский район	0	0	1926-01-04	2006-01-01	0
[1991, 2001]	амурский область	Q6886	Амурская область	P131	административно-территориальная единица	Россия	0	0	1991-12-26	0	0
[1991, 2001]	амурский область	Q6886	Амурская область	P131	административно-территориальная единица	Российская Советская Федеративная Социалистическая Республика	0	0	1948-08-02	1991-12-25	0
[1938, 1939]	амурский область	Q6886	Амурская область	P131	административно-территориальная единица	Хабаровский край	0	0	1938-10-20	1948-08-01	0
[1938, 1939]	амурский область	Q6886	Амурская область	P131	административно-территориальная единица	Дальневосточный край	0	0	1932-10-20	1938-10-19	0
[1995, 2000]	амурский тигр	Q16488291	Амурский тигр	P577	дата публикации	0	0	1996-01-01	0	0	0
[1995, 2000]	амурский тигр	Q16488291	Амурский тигр	P571	дата основания/создания/возникновения	0	0	1996-01-01	0	0	0
[1995, 1999]	амурский флотилия	Q4064572	Амурская военная флотилия	P576	дата прекращения существования	0	0	1998-01-01	0	0	0
[1958, 1960]	ямада есио	Q6592847	Ямада, Ёсио	P570	дата смерти	0	0	1958-11-20	0	0	0
[1949, 1951]	ямпольский м	Q3740314	Ямпольский, Михаил Бениаминович	P569	дата рождения	0	0	1949-12-06	0	0	0
[1935, 1942]	ямпольский район	Q2388553	Ямпольский район	P131	административно-территориальная единица	Сумская область	0	0	1939-01-10	0	0
[1923, 1924]	ямпольский уезд	Q11825609	Ямпольский уезд	P576	дата прекращения существования	0	0	1923-03-06	0	0	0
[1923, 1924]	ямпольский уезд	Q11825609	Ямпольский уезд	P17	государство	Украинская Советская Социалистическая Республика	0	0	1919-01-01	1923-01-01	0
[1932, 1933]	ямский слобода	Q4537749	Ямская слобода	P131	административно-территориальная единица	Курск	0	0	1932-02-20	0	0
[1928, 1930]	ямский слобода	Q4537748	Ямская слобода	P131	административно-территориальная единица	Старооскольский городской округ	0	0	1928-07-30	1964-12-21	0
[1928, 1930]	ямский слобода	Q4537749	Ямская слобода	P131	административно-территориальная единица	Курский район	0	0	1928-07-30	1930-11-01	0
[1934, 1936]	ямский степь	Q16723269	Ямская Степь	P571	дата основания/создания/возникновения	0	0	1935-01-01	0	0	0
