Year or Period	Bigram	#Q	Subject	#P	Predicate	Object	Organization	Just Date	Start Time	End Time	Time Point
1950	а жданов	Q207879	Андрей Александрович Жданов	P570	дата смерти	0	0	1948-08-31	0	0	0
1996	а жид	Q47484	Жид, Андре	P1411	номинирован на	Нобелевская премия по литературе	0	0	0	0	1946-01-01
2005	а жуков	Q57735	Жуков, Александр Дмитриевич	P39	занимаемая должность	заместитель председателя Правительства Российской Федерации	0	0	2004-03-09	2011-12-20	0
[1974, 1976]	а зайцева	Q4184454	Анна Зайцева	P569	дата рождения	0	0	1975-09-25	0	0	0
1997	а зарх	Q620568	Зархи, Александр Григорьевич	P570	дата смерти	0	0	1997-01-27	0	0	0
1996	а захаров	Q4188704	Александра Марковна Захарова	P166	полученные награды	заслуженный артист Российской Федерации	0	0	0	0	1995-08-04
1996	а захаров	Q4188704	Александра Марковна Захарова	P166	полученные награды	Государственная премия Российской Федерации	0	0	0	0	1996-01-01
[1977, 1981]	а захаров	Q1229601	Марк Анатольевич Захаров	P166	полученные награды	заслуженный деятель искусств РСФСР	0	0	0	0	1977-01-01
1998	а захаров	Q1229601	Марк Анатольевич Захаров	P166	полученные награды	медаль «В память 850-летия Москвы»	0	0	0	0	1997-01-01
[1989, 2000]	а захаров	Q1229601	Марк Анатольевич Захаров	P166	полученные награды	народный артист СССР	0	0	0	0	1991-01-01
1998	а захаров	Q1229601	Марк Анатольевич Захаров	P166	полученные награды	орден «За заслуги перед Отечеством» III степени	0	0	0	0	1997-01-01
[1977, 1981]	а захаров	Q1229601	Марк Анатольевич Захаров	P166	полученные награды	орден Дружбы народов	0	0	0	0	1980-01-01
1995	а зилоть	Q366536	Александр Ильич Зилоти	P570	дата смерти	0	0	1945-12-08	0	0	0
2007	а зимин	Q1658588	Илья Анатольевич Зимин	P570	дата смерти	0	0	2006-02-26	0	0	0
[1990, 1991]	а зимин	Q1658588	Илья Анатольевич Зимин	P2031	начало периода активности	0	0	1990-01-01	0	0	0
[1980, 1982]	а зимин	Q169929	Александр Александрович Зимин	P570	дата смерти	0	0	1980-02-25	0	0	0
[1978, 1988]	а зиновьев	Q449538	Александр Александрович Зиновьев	P166	полученные награды	премия Медичи за лучшее произведение на иностранном языке	0	0	0	0	1978-01-01
1991	азадовский к	Q4058091	Азадовский, Константин Маркович	P569	дата рождения	0	0	1941-09-14	0	0	0
[1954, 1958]	азадовский к	Q4058092	Азадовский, Марк Константинович	P570	дата смерти	0	0	1954-11-24	0	0	0
[1954, 1955]	азадовский марк	Q4058092	Азадовский, Марк Константинович	P570	дата смерти	0	0	1954-11-24	0	0	0
[2000, 2004]	азаров н	Q57590	Николай Янович Азаров	P39	занимаемая должность	министр финансов Украины	0	0	2002-11-26	2005-02-03	0
2000	азаров надежда	Q4058155	Азарова, Надежда Борисовна	P39	занимаемая должность	депутат Государственной думы РФ	0	0	1999-01-01	2007-01-01	0
2007	азаров николай	Q57590	Николай Янович Азаров	P39	занимаемая должность	министр финансов Украины	0	0	2006-08-04	2007-12-18	0
2007	азаров николай	Q57590	Николай Янович Азаров	P39	занимаемая должность	министр финансов Украины	0	0	2002-11-26	2005-02-03	0
2007	азаров николай	Q57590	Николай Янович Азаров	P39	занимаемая должность	народный депутат Украины	0	0	2006-05-25	2006-09-12	0
2007	азаров николай	Q57590	Николай Янович Азаров	P39	занимаемая должность	премьер-министр Украины	0	0	2005-01-05	2005-01-24	0
2000	азаров николай	Q57590	Николай Янович Азаров	P39	занимаемая должность	народный депутат Украины	0	0	1994-05-11	1998-05-12	0
2007	азаров николай	Q57590	Николай Янович Азаров	P39	занимаемая должность	народный депутат Украины	0	0	2007-11-23	2010-03-11	0
[1986, 2009]	азартный игра	Q676939	Азартные игры	P577	дата публикации	0	0	2000-02-24	0	0	0
[1986, 2009]	азартный игра	Q885659	Азартная игра	P577	дата публикации	0	0	1994-01-01	0	0	0
[1986, 2009]	азартный игра	Q676939	Азартные игры	P577	дата публикации	0	0	2000-12-07	0	0	0
1978	азарян г	Q4058188	Азарян, Гарегин Хачатурович	P69	учебное заведение	Национальный политехнический университет Армении	0	0	1978-01-01	1984-01-01	0
[1957, 1960]	азат вштуни	Q13050683	Вштуни, Азат	P570	дата смерти	0	0	1958-03-26	0	0	0
[1949, 1953]	азер и	Q4058236	Ирина Азер	P569	дата рождения	0	0	1949-09-19	0	0	0
1946	азербайджан академия	Q129207	Национальная академия наук Азербайджана	P571	дата основания/создания/возникновения	0	0	1945-01-23	0	0	0
[1993, 1994]	азербайджан партия	Q724085	Коммунистическая партия Азербайджана	P571	дата основания/создания/возникновения	0	0	1993-01-01	0	0	0
1991	азербайджан район	Q643989	Огузский район	P17	государство	Азербайджан	0	0	1991-10-18	0	0
1991	азербайджан район	Q386506	Кусарский район	P131	административно-территориальная единица	Азербайджан	0	0	1991-10-18	0	0
1991	азербайджан район	Q643989	Огузский район	P131	административно-территориальная единица	Азербайджан	0	0	1991-10-18	0	0
1991	азербайджан район	Q457499	Кубинский район	P17	государство	Азербайджан	0	0	1991-10-18	0	0
1991	азербайджан район	Q458524	Евлахский район	P131	административно-территориальная единица	Азербайджан	0	0	1991-08-30	0	0
1991	азербайджан район	Q458524	Евлахский район	P131	административно-территориальная единица	Азербайджанская ССР	0	0	1953-04-23	1991-08-30	0
1991	азербайджан район	Q330850	Белоканский район	P131	административно-территориальная единица	Азербайджан	0	0	1991-10-18	0	0
1991	азербайджан район	Q330796	Гахский район	P131	административно-территориальная единица	Азербайджан	0	0	1991-10-18	0	0
1951	азербайджанский актер	Q61089492	Багир Джаббарзаде	P570	дата смерти	0	0	1951-01-01	0	0	0
1946	азербайджанский ан	Q129207	Национальная академия наук Азербайджана	P571	дата основания/создания/возникновения	0	0	1945-01-23	0	0	0
1992	азербайджанский войско	Q724216	Национальная армия Азербайджана	P571	дата основания/создания/возникновения	0	0	1991-10-09	0	0	0
[1986, 1994]	азербайджанский демократический	Q724022	Демократическая партия Азербайджана	P571	дата основания/создания/возникновения	0	0	1991-01-26	0	0	0
1970	азербайджанский институт	Q635116	Азербайджанский университет архитектуры и строительства	P571	дата основания/создания/возникновения	0	0	1920-01-01	0	0	0
1970	азербайджанский институт	Q724207	Азербайджанская государственная нефтяная академия	P571	дата основания/создания/возникновения	0	0	1920-01-01	0	0	0
1971	азербайджанский институт	Q4058260	Азербайджанский государственный педагогический университет	P571	дата основания/создания/возникновения	0	0	1921-01-01	0	0	0
1938	азербайджанский искусство	Q2559128	Национальный музей искусств Азербайджана	P1619	дата официального открытия	0	0	1937-01-01	0	0	0
1938	азербайджанский искусство	Q2559128	Национальный музей искусств Азербайджана	P571	дата основания/создания/возникновения	0	0	1936-01-01	0	0	0
[1991, 2002]	азербайджанский президент	Q205602	президент Азербайджана	P571	дата основания/создания/возникновения	0	0	1991-08-30	0	0	0
[1988, 2001]	азербайджанский республика	Q227	Азербайджан	P463	участник организации или клуба	ЮНЕСКО	0	0	1992-06-03	0	0
1999	азербайджанский республика	Q227	Азербайджан	P463	участник организации или клуба	Азиатский банк развития	0	0	1999-01-01	0	0
[1988, 2001]	азербайджанский республика	Q227	Азербайджан	P463	участник организации или клуба	Многостороннее агентство по гарантиям инвестиций	0	0	1992-09-23	0	0
[1988, 2001]	азербайджанский республика	Q227	Азербайджан	P463	участник организации или клуба	Международный центр по урегулированию инвестиционных споров	0	0	1992-10-18	0	0
[1988, 2001]	азербайджанский республика	Q227	Азербайджан	P463	участник организации или клуба	Международный банк реконструкции и развития	0	0	1992-09-18	0	0
1997	азербайджанский республика	Q227	Азербайджан	P463	участник организации или клуба	Международная финансовая корпорация	0	0	1995-10-11	0	0
1997	азербайджанский республика	Q227	Азербайджан	P463	участник организации или клуба	Международная ассоциация развития	0	0	1995-03-31	0	0
[1988, 2001]	азербайджанский республика	Q227	Азербайджан	P463	участник организации или клуба	Организация Объединённых Наций	0	0	1992-03-02	0	0
[1988, 2001]	азербайджанский республика	Q227	Азербайджан	P571	дата основания/создания/возникновения	0	0	1991-01-01	0	0	0
[1988, 2001]	азербайджанский республика	Q168897	Герб Азербайджанской Республики	P580	дата начала	0	0	1993-01-01	0	0	0
[1988, 2001]	азербайджанский республика	Q227	Азербайджан	P463	участник организации или клуба	Организация Исламского сотрудничества	0	0	1991-01-01	0	0
[1988, 2001]	азербайджанский республика	Q82236	Флаг Азербайджанской Республики	P1001	юрисдикция распространяется на	Азербайджан	0	0	1991-02-05	0	0
[1988, 2001]	азербайджанский республика	Q227	Азербайджан	P463	участник организации или клуба	Организация по безопасности и сотрудничеству в Европе	0	0	1992-01-30	0	0
[1988, 2001]	азербайджанский республика	Q227	Азербайджан	P530	дипломатические отношения	Германия	0	0	1992-02-20	0	0
[1988, 2001]	азербайджанский республика	Q227	Азербайджан	P530	дипломатические отношения	Грузия	0	0	1992-11-18	0	0
[1988, 2001]	азербайджанский республика	Q227	Азербайджан	P530	дипломатические отношения	Украина	0	0	1992-02-06	0	0
[1988, 2001]	азербайджанский республика	Q227	Азербайджан	P31	это частный случай понятия	страна	0	0	1991-10-18	0	0
1997	азербайджанский республика	Q724228	Конституция Азербайджанской Республики	P571	дата основания/создания/возникновения	0	0	1995-11-12	0	0	0
[1988, 2001]	азербайджанский республика	Q205602	президент Азербайджана	P571	дата основания/создания/возникновения	0	0	1991-08-30	0	0	0
[1988, 2001]	азербайджанский республика	Q168897	Герб Азербайджанской Республики	P571	дата основания/создания/возникновения	0	0	1993-01-19	0	0	0
[1988, 2001]	азербайджанский республика	Q227	Азербайджан	P31	это частный случай понятия	суверенное государство	0	0	1991-08-30	0	0
[1988, 2001]	азербайджанский республика	Q227	Азербайджан	P463	участник организации или клуба	Международный союз электросвязи	0	0	1992-04-10	0	0
[1946, 1952]	азербайджанский советский	Q61089492	Багир Джаббарзаде	P570	дата смерти	0	0	1951-01-01	0	0	0
1938	азербайджанский сср	Q131337	Азербайджанская ССР	P31	это частный случай понятия	административно-территориальная единица	Закавказская Социалистическая Федеративная Советская Республика	0	1922-01-01	1936-12-05	0
1938	азербайджанский сср	Q131337	Азербайджанская ССР	P131	административно-территориальная единица	Закавказская Социалистическая Федеративная Советская Республика	0	0	1922-12-30	1936-12-04	0
1938	азербайджанский сср	Q131337	Азербайджанская ССР	P31	это частный случай понятия	союзная республика в составе СССР	0	0	1936-12-05	1991-01-01	0
1938	азербайджанский сср	Q131337	Азербайджанская ССР	P131	административно-территориальная единица	СССР	0	0	1936-12-05	1991-01-01	0
1969	азербайджанский театр	Q2584583	Азербайджанский государственный академический драматический театр	P571	дата основания/создания/возникновения	0	0	1919-01-01	0	0	0
[1981, 1987]	азербайджанский технологический	Q16414944	Азербайджанский технологический университет	P571	дата основания/создания/возникновения	0	0	1981-01-01	0	0	0
[1980, 1982]	азербайджанский университет	Q16414944	Азербайджанский технологический университет	P571	дата основания/создания/возникновения	0	0	1981-01-01	0	0	0
[1988, 1989]	азербайджанский язык	Q9292	азербайджанский язык	P17	государство	Армения	0	0	0	0	1988-01-01
[1944, 1945]	ази асланов	Q1707264	Ази Агадович Асланов	P166	полученные награды	орден Красной Звезды	0	0	0	0	1944-11-03
[1944, 1945]	ази асланов	Q1707264	Ази Агадович Асланов	P166	полученные награды	орден Суворова II степени	0	0	0	0	1944-07-22
[1944, 1945]	ази асланов	Q1707264	Ази Агадович Асланов	P166	полученные награды	орден Красного Знамени	0	0	0	0	1944-07-31
[1944, 1945]	ази асланов	Q1707264	Ази Агадович Асланов	P410	воинское звание	Генерал-майор танковых войск	0	0	1944-03-13	0	0
1960	ази ахадович	Q1707264	Ази Агадович Асланов	P569	дата рождения	0	0	1910-02-04	0	0	0
1955	азиатский русь	Q4058290	Азиатская Русь	P571	дата основания/создания/возникновения	0	0	1905-11-16	0	0	0
[1995, 2001]	азиатский университет	Q43149037	Центрально-Азиатский университет	P571	дата основания/создания/возникновения	0	0	1997-01-01	0	0	0
1982	азиз абдель	Q151509	Абдул-Азиз ибн Абдуррахман Аль Сауд	P97	титул	король Хиджаза	0	0	1925-12-20	1932-09-23	0
1982	азиз абдель	Q151509	Абдул-Азиз ибн Абдуррахман Аль Сауд	P97	титул	King of Nejd	0	0	1927-01-27	1932-09-23	0
1965	азиз несин	Q327261	Азиз Несин	P569	дата рождения	0	0	1915-12-20	0	0	0
[1991, 1994]	азимов а	Q34981	Айзек Азимов	P570	дата смерти	0	0	1992-04-06	0	0	0
[1964, 1975]	азимов а	Q34981	Айзек Азимов	P166	полученные награды	премия «Хьюго» за лучший роман	0	0	0	0	1973-01-01
[1964, 1975]	азимов а	Q34981	Айзек Азимов	P166	полученные награды	премия «Локус» за лучший роман	0	0	0	0	1973-01-01
[1964, 1975]	азимов а	Q34981	Айзек Азимов	P166	полученные награды	премия «Небьюла» за лучший роман	0	0	0	0	1972-01-01
[1964, 1975]	азимов а	Q34981	Айзек Азимов	P166	полученные награды	Хьюго	0	0	0	0	1966-01-01
[1991, 1994]	азимов а	Q34981	Айзек Азимов	P166	полученные награды	премия Хьюго за лучшую короткую повесть	0	0	0	0	1992-01-01
[1991, 1994]	азимов а	Q34981	Айзек Азимов	P2032	окончание периода активности	0	0	1992-01-01	0	0	0
[1964, 1975]	азимов а	Q34981	Айзек Азимов	P166	полученные награды	Премия за интерпретацию химии имени Джеймса Т. Греди и Джеймса Г. Стака	0	0	0	0	1965-01-01
[1964, 1975]	азимов а	Q34981	Айзек Азимов	P166	полученные награды	Мемориальная премия Эдварда Э. Смита	0	0	0	0	1967-01-01
1976	азимутальный телескоп	Q787671	БТА (телескоп)	P729	дата принятия в эксплуатацию	0	0	1975-01-01	0	0	0
[1942, 1944]	азия для	Q696192	Великая восточноазиатская сфера взаимного процветания	P571	дата основания/создания/возникновения	0	0	1943-11-06	0	0	0
[1928, 1929]	азия над	Q1807931	Потомок Чингисхана	P577	дата публикации	0	0	1928-01-01	0	0	0
[1976, 1978]	азнаурян а	Q4058384	Азнаурян, Арташес Варданович	P512	учёная степень	профессор	0	0	0	0	1977-01-01
1944	азовский военный	Q734377	Азовская военная флотилия	P576	дата прекращения существования	0	0	1944-01-01	0	0	0
1938	азовский район	Q4395581	Рогожкино	P571	дата основания/создания/возникновения	0	0	1838-01-01	0	0	0
1994	азовский флотилия	Q734377	Азовская военная флотилия	P576	дата прекращения существования	0	0	1944-01-01	0	0	0
[1961, 1963]	язва желудок	Q172941	Язва желудка	P2176	лекарство, используемое для лечения	glycopyrrolate	0	0	1961-08-11	0	0
[1950, 1954]	язвенный болезнь	Q172941	Язва желудка	P2176	лекарство, используемое для лечения	Пропантелин бромид	0	0	1953-04-02	0	0
[1957, 1963]	язвенный болезнь	Q172941	Язва желудка	P2176	лекарство, используемое для лечения	glycopyrrolate	0	0	1961-08-11	0	0
[1957, 1963]	язвенный болезнь	Q172941	Язва желудка	P2176	лекарство, используемое для лечения	hexocyclium	0	0	1959-02-18	0	0
[2000, 2004]	язвенный колит	Q1477	язвенный колит	P2176	лекарство, используемое для лечения	balsalazide	0	0	2000-07-18	0	0
1963	язвенный колит	Q1477	язвенный колит	P2176	лекарство, используемое для лечения	Бетаметазон	0	0	1961-04-17	0	0
[1980, 1987]	язык ад	Q154755	Ада	P577	дата публикации	0	0	1983-01-01	0	0	0
1981	язык ад	Q154755	Ада	P571	дата основания/создания/возникновения	0	0	1980-01-01	0	0	0
1988	язык азербайджанский	Q9292	азербайджанский язык	P17	государство	Армения	0	0	0	0	1988-01-01
1928	язык александр	Q4536511	Александр Петрович Языков	P570	дата смерти	0	0	1878-02-27	0	0	0
[1995, 2004]	язык английский	Q200183	Википедия на упрощённом английском языке	P571	дата основания/создания/возникновения	0	0	2001-09-18	0	0	0
[1960, 1964]	язык африка	Q5101347	Языки Африки	P577	дата публикации	0	0	1963-01-01	0	0	0
[1999, 2001]	язык день	Q42375	Международный день родного языка	P571	дата основания/создания/возникновения	0	0	2000-02-21	0	0	0
[1970, 1975]	язык издательство	Q2881559	Русский язык	P571	дата основания/создания/возникновения	0	0	1974-01-01	0	0	0
[1991, 1999]	язык любовь	Q786405	Языки любви	P577	дата публикации	0	0	1995-01-01	0	0	0
[1988, 1995]	язык мой	Q16251708	Мой язык	P577	дата публикации	0	0	1989-01-01	0	0	0
[1992, 1996]	язык молчание	Q585265	Язык молчания	P577	дата публикации	0	0	1994-12-01	0	0	0
[1992, 1996]	язык молчание	Q585265	Язык молчания	P577	дата публикации	0	0	1993-01-01	0	0	0
1940	язык монгольский	Q9246	монгольский язык	P282	письменность	кириллица	0	0	1940-01-01	0	0
[1989, 1990]	язык национальный	Q2565080	Национальный день языка	P571	дата основания/создания/возникновения	0	0	1989-01-01	0	0	0
1987	язык программирование	Q838062	Оккам	P571	дата основания/создания/возникновения	0	0	1987-01-01	0	0	0
1981	язык программирование	Q838062	Оккам	P571	дата основания/создания/возникновения	0	0	1980-01-01	0	0	0
[1960, 1983]	язык программирование	Q201436	Лого	P571	дата основания/создания/возникновения	0	0	1968-01-01	0	0	0
[2000, 2007]	язык программирование	Q1391724	Factor (язык программирования)	P571	дата основания/создания/возникновения	0	0	2003-01-01	0	0	0
[1995, 2002]	язык родной	Q42375	Международный день родного языка	P571	дата основания/создания/возникновения	0	0	2000-02-21	0	0	0
[1989, 2009]	язык тело	Q4536473	Язык тела	P577	дата публикации	0	0	1992-01-01	0	0	0
2000	язык шведский	Q9027	шведский язык	P527	состоит из	Contemporary Swedish	0	0	1900-01-01	0	0
1952	языков екатерина	Q18764074	Екатерина Михайловна Хомякова	P570	дата смерти	0	0	1852-02-07	0	0	0
1951	языкознание институт	Q4201878	Институт языкознания РАН	P571	дата основания/создания/возникновения	0	0	1950-01-01	0	0	0
