Year or Period	Bigram	#Q	Subject	#P	Predicate	Object	Organization	Just Date	Start Time	End Time	Time Point
1956	ги молла	Q314006	Ги Молле	P39	занимаемая должность	председатель Совета министров Франции	0	0	1956-02-01	1957-06-13	0
[1946, 1950]	ги молла	Q314006	Ги Молле	P39	занимаемая должность	генеральный советник Франции	Па-де-Кале	0	1945-01-01	1949-01-01	0
1994	гиагинский район	Q1010262	Гиагинский район	P131	административно-территориальная единица	Адыгея	0	0	1992-05-16	0	0
1945	гиацинтов софья	Q4137899	Софья Владимировна Гиацинтова	P569	дата рождения	0	0	1895-08-04	0	0	0
1985	гиббс по	Q1191905	Семплирование по Гиббсу	P575	дата открытия	0	0	1984-01-01	0	0	0
[1994, 2002]	гибель апл	Q217463	К-141 «Курск»	P1619	дата официального открытия	0	0	1994-12-30	0	0	0
2001	гибель апл	Q217463	К-141 «Курск»	P793	ключевое событие	кораблекрушение	0	0	0	0	2000-08-12
2001	гибель апл	Q1136114	Гибель АПЛ «Курск»	P585	момент времени	0	0	2000-08-12	0	0	0
2001	гибель апл	Q217463	К-141 «Курск»	P137	обслуживающее лицо	Военно-Морской Флот Российской Федерации	0	0	1995-01-01	2000-01-01	0
1982	гибель джон	Q2341090	убийство Джона Леннона	P585	момент времени	0	0	1980-12-08	0	0	0
2006	гибель империя	Q4137922	Гибель империи (телесериал)	P582	дата окончания	0	0	2005-01-01	0	0	0
2006	гибель империя	Q4137922	Гибель империи (телесериал)	P580	дата начала	0	0	2005-03-01	0	0	0
1935	гибель сенсация	Q4137926	Гибель сенсации	P577	дата публикации	0	0	1935-01-01	0	0	0
[1961, 1962]	гибель хаммаршельд	Q4055782	Авиакатастрофа около Ндолы 18 сентября 1961 года	P585	момент времени	0	0	1961-09-18	0	0	0
[1965, 1969]	гибель эскадра	Q28706584	Гибель эскадры	P577	дата публикации	0	0	1966-01-01	0	0	0
[1969, 1971]	гибкий диск	Q5293	дискета	P577	дата публикации	0	0	1969-01-01	0	0	0
1945	гиви амилахварь	Q15064008	Амилахвари, Гиви Иванович	P570	дата смерти	0	0	1943-11-15	0	0	0
[1981, 1983]	гидаспов борис	Q216713	Борис Вениаминович Гидаспов	P166	полученные награды	Государственная премия СССР	0	0	0	0	1981-01-01
[1977, 1981]	гидаша антал	Q1036137	Антал Гидаш	P570	дата смерти	0	0	1980-01-22	0	0	0
[1987, 1999]	гидон кремер	Q159915	Гидон Маркусович Кремер	P166	полученные награды	премия Леони Соннинг	0	0	0	0	1989-01-01
1997	гидон кремер	Q159915	Гидон Маркусович Кремер	P569	дата рождения	0	0	1947-02-27	0	0	0
[1970, 1972]	гидразид изоникотиновый	Q423169	Изониазид	P2175	применяется для лечения медицинского состояния	туберкулёз	0	0	1970-11-13	0	0
[1972, 1991]	гидроксид калий	Q132298	гидроксид калия	P31	это частный случай понятия	Generally recognized as safe	SCOGS report number	0	0	0	1976-01-01
[1972, 1991]	гидроксид калий	Q132298	гидроксид калия	P31	это частный случай понятия	Generally recognized as safe	SCOGS Type of Conclusion 1	0	0	0	1976-01-01
1933	гидрометеорологический институт	Q4331448	Одесский государственный экологический университет	P571	дата основания/создания/возникновения	0	0	1932-01-01	0	0	0
[1930, 1940]	гидрометеорологический институт	Q4398064	Российский государственный гидрометеорологический университет	P571	дата основания/создания/возникновения	0	0	1930-01-01	0	0	0
1930	гидротехнический институт	Q4331401	Одесская государственная академия строительства и архитектуры	P571	дата основания/создания/возникновения	0	0	1930-01-01	0	0	0
1929	гиждуванский район	Q2609341	Гиждуванский район	P131	административно-территориальная единица	Бухарский округ	0	0	1926-01-01	1929-01-01	0
1939	гиждуванский район	Q2609341	Гиждуванский район	P131	административно-территориальная единица	Бухарская область	0	0	1938-01-15	0	0
1930	гиждуванский район	Q2609341	Гиждуванский район	P131	административно-территориальная единица	Узбекская ССР	0	0	1930-01-01	1938-01-14	0
1970	гизелла лахман	Q4255340	Лахман, Гизелла Сигизмундовна	P570	дата смерти	0	0	1969-01-01	0	0	0
1939	гизо франсуа	Q157324	Франсуа Гизо	P39	занимаемая должность	депутат Национального собрания Франции	0	0	1837-12-18	1839-02-02	0
1939	гизо франсуа	Q157324	Франсуа Гизо	P39	занимаемая должность	депутат Национального собрания Франции	0	0	1839-04-04	1842-06-12	0
1985	гилберт кит	Q183167	Гилберт Кит Честертон	P1411	номинирован на	Нобелевская премия по литературе	0	0	0	0	1935-01-01
1988	гиль а	Q4138318	Гиль, Александр Васильевич	P570	дата смерти	0	0	1988-07-07	0	0	0
[2001, 2006]	гильденбург в	Q4138331	Владимир Гильденбург	P166	полученные награды	Заслуженный деятель науки Российской Федерации	0	0	0	0	2001-01-01
[2008, 2009]	гильдия киноактер	Q1518310	Премия Гильдии киноактёров США 2008 года	P585	момент времени	0	0	2008-01-01	0	0	0
[1998, 1999]	гильдия киноактер	Q1809363	Премия Гильдии киноактёров США 1998 года	P585	момент времени	0	0	1998-01-01	0	0	0
1967	гильермо гарсиа	Q4372023	Понсе, Гильермо Гарсиа	P2632	место содержания под стражей	Q5793197	0	0	1964-01-01	1967-02-01	0
2007	гильермо дель	Q219124	Гильермо дель Торо	P166	полученные награды	премия «Хьюго» за лучшее драматическое представление (крупная форма)	0	0	0	0	2007-01-01
[1975, 1981]	гильермо диас	Q1140031	Гильермо Диас	P569	дата рождения	0	0	1975-03-22	0	0	0
[1934, 1936]	гиляровский владимир	Q521170	Владимир Алексеевич Гиляровский	P570	дата смерти	0	0	1935-10-01	0	0	0
1956	гимн государственный	Q16655145	Избранникам русского народа	P577	дата публикации	0	0	1906-05-10	0	0	0
1956	гимн государственный	Q16655145	Избранникам русского народа	P676	автор текста	Николай Матвеевич Соколов	0	0	0	0	1906-01-01
1956	гимн государственный	Q16655145	Избранникам русского народа	P571	дата основания/создания/возникновения	0	0	1906-03-01	0	0	0
[1947, 1953]	гимн демократический	Q4138495	Гимн демократической молодёжи мира	P577	дата публикации	0	0	1947-07-25	0	0	0
[1947, 1953]	гимн демократический	Q4138495	Гимн демократической молодёжи мира	P175	исполнитель/артист	Абрамов, Георгий Андреевич	0	0	0	0	1947-07-25
1945	гимн единый	Q322543	Песня Единого фронта	P577	дата публикации	0	0	1943-01-01	0	0	0
1949	гимн молодежь	Q4138495	Гимн демократической молодёжи мира	P175	исполнитель/артист	Абрамов, Георгий Андреевич	0	0	0	0	1947-07-25
1949	гимн молодежь	Q4138495	Гимн демократической молодёжи мира	P577	дата публикации	0	0	1947-07-25	0	0	0
1949	гимн петербург	Q4138482	Гимн Санкт-Петербурга	P577	дата публикации	0	0	1949-01-01	0	0	0
1994	гимн республика	Q1199595	Гимн Татарстана	P577	дата публикации	0	0	1993-07-14	0	0	0
[1964, 1967]	гимнаст ссср	Q59355966	Гимнасты СССР	P571	дата основания/создания/возникновения	0	0	1964-01-01	0	0	0
[1937, 1941]	гин в	Q4138593	Гин, Виктор Борисович	P569	дата рождения	0	0	1939-01-17	0	0	0
[1967, 1968]	гиндин е	Q4138609	Гиндин, Михаил Ефимович	P570	дата смерти	0	0	1967-01-01	0	0	0
1936	гинек мах	Q361265	Маха, Карел Гинек	P570	дата смерти	0	0	1836-11-05	0	0	0
1936	гинек мах	Q361265	Маха, Карел Гинек	P119	место погребения	Литомержице	0	0	1836-11-08	1938-10-01	0
[1924, 1928]	гинзбург а	Q4138624	Валерий Аркадьевич Гинзбург	P569	дата рождения	0	0	1925-02-16	0	0	0
[1946, 1951]	гинзбург а	Q4138623	Гинзбург, Александр Маркович	P570	дата смерти	0	0	1949-01-01	0	0	0
1999	гинзбург александр	Q4138623	Гинзбург, Александр Маркович	P570	дата смерти	0	0	1949-01-01	0	0	0
[1977, 1978]	гинзбург александр	Q2459284	Александр Аркадьевич Галич	P570	дата смерти	0	0	1977-12-15	0	0	0
[1923, 1928]	гинзбург в	Q4138624	Валерий Аркадьевич Гинзбург	P569	дата рождения	0	0	1925-02-16	0	0	0
[1996, 2000]	гинзбург виталий	Q104668	Виталий Лазаревич Гинзбург	P166	полученные награды	Золотая медаль Нильса Бора	0	0	0	0	1998-01-01
[2006, 2007]	гинзбург виталий	Q4138627	Гинзбург, Виталий Аркадьевич	P570	дата смерти	0	0	2006-01-01	0	0	0
1990	гинзбург виталий	Q104668	Виталий Лазаревич Гинзбург	P463	участник организации или клуба	Европейская академия	0	0	1990-01-01	0	0
2004	гинзбург виталий	Q104668	Виталий Лазаревич Гинзбург	P166	полученные награды	Нобелевская премия по физике	0	0	0	0	2003-01-01
[1986, 1993]	гинзбург виталий	Q104668	Виталий Лазаревич Гинзбург	P166	полученные награды	золотая медаль Королевского астрономического общества	0	0	0	0	1991-01-01
1990	гинзбург лидия	Q2635034	Лидия Яковлевна Гинзбург	P570	дата смерти	0	0	1990-07-17	0	0	0
[1968, 1973]	гинцбург а	Q4138674	Гинцбург, Александр Ильич	P570	дата смерти	0	0	1972-03-10	0	0	0
[1973, 1978]	гинько в	Q4138686	Гинько, Елена Валерьевна	P569	дата рождения	0	0	1976-07-30	0	0	0
[1980, 1984]	гиперболоид и	Q650555	Кино	P571	дата основания/создания/возникновения	0	0	1981-01-01	0	0	0
[1956, 1960]	гиперплазия надпочечник	Q366868	Врождённая гиперплазия коры надпочечников	P2176	лекарство, используемое для лечения	Метилпреднизолон	0	0	1957-10-23	0	0
1991	гиппиус к	Q4138826	Гиппиус, Карл Карлович	P570	дата смерти	0	0	1941-05-21	0	0	0
1992	гиренко н	Q4138892	Гиренко, Николай Михайлович	P39	занимаемая должность	депутат	0	0	1990-01-01	1993-01-01	0
2004	гиренко н	Q4138892	Гиренко, Николай Михайлович	P570	дата смерти	0	0	2004-06-19	0	0	0
1992	гиренко н	Q4138892	Гиренко, Николай Михайлович	P39	занимаемая должность	директор	Кунсткамера	0	1991-01-01	1992-01-01	0
[1931, 1933]	гиссарский район	Q2592671	Гиссарский район	P571	дата основания/создания/возникновения	0	0	1932-01-29	0	0	0
[1963, 1967]	гитара петь	Q2471678	Поющие гитары	P571	дата основания/создания/возникновения	0	0	1966-01-01	0	0	0
2008	гитара с	Q4156475	Девушка с гитарой	P577	дата публикации	0	0	1958-01-01	0	0	0
1978	гитис имя	Q2177054	Российский институт театрального искусства — ГИТИС	P571	дата основания/создания/возникновения	0	0	1878-01-01	0	0	0
[1967, 1969]	гитлер весна	Q315732	Продюсеры	P166	полученные награды	премия «Оскар» за лучший оригинальный сценарий	0	0	0	0	1968-01-01
[1967, 1969]	гитлер весна	Q315732	Продюсеры	P577	дата публикации	0	0	1968-01-01	0	0	0
[1994, 1998]	гитлер для	Q315732	Продюсеры	P166	полученные награды	Национальный реестр фильмов США	0	0	0	0	1996-01-01
[1941, 1945]	гитлер на	Q105570	Заговор 20 июля	P585	момент времени	0	0	1944-07-20	0	0	0
1942	гитлер отто	Q22084775	Отто Гитлер	P569	дата рождения	0	0	1892-06-17	0	0	0
1942	гитлер отто	Q22084775	Отто Гитлер	P570	дата смерти	0	0	1892-06-23	0	0	0
1934	гитлер первый	Q159196	Кабинет Гитлера	P580	дата начала	0	0	1933-01-01	0	0	0
1934	гитлер первый	Q159196	Кабинет Гитлера	P571	дата основания/создания/возникновения	0	0	1933-01-01	0	0	0
[1941, 1945]	гитлер против	Q105570	Заговор 20 июля	P585	момент времени	0	0	1944-07-20	0	0	0
2003	гия данелия	Q380252	Георгий Николаевич Данелия	P166	полученные награды	Триумф	0	0	0	0	2002-01-01
[2000, 2004]	гия данелия	Q380252	Георгий Николаевич Данелия	P166	полученные награды	орден «За заслуги перед Отечеством» III степени	0	0	0	0	2000-08-29
[2000, 2004]	гия данелия	Q380252	Георгий Николаевич Данелия	P166	полученные награды	орден Чести	0	0	0	0	2000-01-01
2003	гия данелия	Q380252	Георгий Николаевич Данелия	P166	полученные награды	Странник	0	0	0	0	2002-01-01
