Year or Period	Bigram	#Q	Subject	#P	Predicate	Object	Organization	Just Date	Start Time	End Time	Time Point
[1974, 1975]	г жуков	Q124617	Георгий Константинович Жуков	P570	дата смерти	0	0.0	1974-06-18	0	0	0
[1991, 1995]	г захаров	Q4188646	Захаров, Гурий Филиппович	P570	дата смерти	0	0.0	1994-01-01	0	0	0
[1939, 1940]	гжатский район	Q1983158	Гагаринский район	P131	административно-территориальная единица	Западная область	0.0	0	1930-07-30	1939-09-26	0
[1929, 1934]	гжатский район	Q1983158	Гагаринский район	P131	административно-территориальная единица	Вяземский округ	0.0	0	1929-10-01	1930-07-29	0
[1929, 1934]	гжатский район	Q1983158	Гагаринский район	P571	дата основания/создания/возникновения	0	0.0	1929-01-01	0	0	0
