Unigram	#Q	Subject	#P	Predicate	Object	Organization	Just Date	Time Point	Start Time	End Time
обмен	Q2992776	Обмен	P577	дата публикации			2006-05-03			
обмен	Q4329381	Обмен	P577	дата публикации			1969-01-01			
ольша	Q4334367	Ольша	P131	административно-территориальная единица	Красновское сельское поселение				2004-12-02	
ольша	Q4334367	Ольша	P131	административно-территориальная единица	Смоленский район				1963-01-01	1965-01-01
ольша	Q4334367	Ольша	P131	административно-территориальная единица	Смоленский уезд				1919-06-30	1929-09-30
ольша	Q4334367	Ольша	P131	административно-территориальная единица	Краснинский район				1929-10-01	1963-01-01
ольша	Q4334367	Ольша	P131	административно-территориальная единица	Краснинский район				1965-01-01	2004-12-01
очаков	Q850072	Очаков	P131	административно-территориальная единица	Очаковский район				1923-03-07	1991-01-01
очаков	Q850072	Очаков	P131	административно-территориальная единица	Одесская область				1991-01-01	
орельская	Q769990	(2406) Орельская	P575	дата открытия			1966-08-20			
ольджайт	Q297065	Олджейту	P39	занимаемая должность	хан	Хулагуиды			1304-05-19	1316-12-24
озерянский	Q4332180	Озерянский, Сергей Александрович	P569	дата рождения			1985-04-22			
оржешко	Q240174	Ожешко, Элиза	P1411	номинирован на	Нобелевская премия по литературе			1905-01-01		
ободзинский	Q4329463	Ободзинский, Валерий Владимирович	P569	дата рождения			1942-01-24			
ободзинский	Q4329463	Ободзинский, Валерий Владимирович	P2031	начало периода активности			1960-01-01			
ободзинский	Q4329463	Ободзинский, Валерий Владимирович	P2032	окончание периода активности			1997-01-01			
ободзинский	Q4329463	Ободзинский, Валерий Владимирович	P570	дата смерти			1997-04-26			
орлеанист	Q431192	орлеанисты	P571	дата основания / создания / возникновения			1815-01-01			
оберланд	Q692837	Оберланд	P571	дата основания / создания / возникновения			1798-01-01			
оберланд	Q692837	Оберланд	P576	дата прекращения существования			1803-01-01			
отраднов	Q4339956	Отраднов, Анатолий Сергеевич	P569	дата рождения			1982-03-06			
отраднов	Q4339956	Отраднов, Анатолий Сергеевич	P2031	начало периода активности			2004-01-01			
отраднов	Q4339956	Отраднов, Анатолий Сергеевич	P570	дата смерти			2012-01-30			
олимпионика	Q4333898	Олимпионики	P577	дата публикации			1982-01-01			
ошенька	Q1873145	Ошенька	P577	дата публикации			1980-01-01			
обьгэс	Q4325430	Новосибирская ГЭС	P571	дата основания / создания / возникновения			1950-01-01			
оппенхайм	Q518690	Оппенхайм	P463	участник организации или клуба	Мэры за мир				1986-12-01	
острилов	Q19935263	Острилово	P131	административно-территориальная единица	Неклюдовское сельское поселение				2005-01-01	
осташков	Q176761	Осташков	P131	административно-территориальная единица	Осташковский уезд				1772-01-01	1929-09-30
осташков	Q176761	Осташков	P131	административно-территориальная единица	Городское поселение город Осташков				2005-02-28	
олешник	Q840234	Олешник	P571	дата основания / создания / возникновения			1284-01-01			
окулово	Q29567955	Окулово	P131	административно-территориальная единица	Веребьинское сельское поселение				2005-11-11	
однако	Q4331674	Однако	P577	дата публикации			1999-03-15			
однако	Q4331674	Однако	P580	дата начала			1999-03-15			
оттан	Q295564	Оттана	P131	административно-территориальная единица	Нуоро				1927-01-02	
ойкас	Q13206941	Ойкасы	P131	административно-территориальная единица	Тораевское сельское поселение				2005-01-01	
ойкас	Q15176597	Ойкасы	P131	административно-территориальная единица	Большесундырское сельское поселение				2005-01-01	
ойкас	Q15198428	Ойкасы	P131	административно-территориальная единица	Ильинское сельское поселение				2005-01-01	
ойкас	Q4332400	Ойкасы	P131	административно-территориальная единица	Илгышевское сельское поселение				2005-01-01	
ордерик	Q356298	Ордерик Виталий	P569	дата рождения			1075-02-22			
ордерик	Q356298	Ордерик Виталий	P570	дата смерти			1142-01-01			
отрадный	Q18794925	Отрадное	P131	административно-территориальная единица	Загривское сельское поселение				2006-01-01	
отрадный	Q4339958	Отрадное	P131	административно-территориальная единица	Семёно-Красиловский сельсовет				2003-12-01	
оршов	Q750243	Оршова	P6	глава правительства	Marius Stoica				2016-01-01	
оршов	Q750243	Оршова	P17	государство	Австро-Венгрия				1867-03-30	1918-11-30
оршов	Q750243	Оршова	P17	государство	Австрийская империя				1804-08-11	1867-03-29
оршов	Q750243	Оршова	P17	государство	Габсбургская монархия				1718-07-21	1804-08-10
оршов	Q750243	Оршова	P17	государство	Румыния				1918-12-01	
орли	Q223416	Париж-Орли	P1619	дата официального открытия			1932-01-01			
оранить	Q2028267	Оранит	P571	дата основания / создания / возникновения			1985-01-01			
осознание	Q3427511	Осознание	P577	дата публикации			1982-01-01			
оливенс	Q488052	Оливенса	P571	дата основания / создания / возникновения			1228-01-01			
огтрк	Q4337329	Орёл (телерадиокомпания)	P571	дата основания / создания / возникновения			1967-12-02			
обладать	Q428581	Обладать	P577	дата публикации			1990-01-01			
обидов	Q4329221	Обидов	P571	дата основания / создания / возникновения			1650-01-01			
оффенбах	Q3042	Оффенбах-на-Майне	P1249	первое письменное упоминание			0977-01-01			
олексич	Q4333536	Олексич, Геннадий Анатольевич	P569	дата рождения			1978-08-23			
оцеол	Q335165	Оцеола	P569	дата рождения			1804-01-01			
оцеол	Q335165	Оцеола	P570	дата смерти			1838-01-20			
оцеол	Q335165	Оцеола	P570	дата смерти			1838-01-30			
оцеол	Q485795	Осеола	P571	дата основания / создания / возникновения			1871-01-01			
оцеол	Q501067	Осеола	P571	дата основания / создания / возникновения			1887-05-12			
осинка	Q15361116	Осинки	P131	административно-территориальная единица	Юрьевское сельское поселение				2006-01-01	
ось	Q1078499	Ось	P577	дата публикации			2007-01-01			
ось	Q3034405	Оси	P576	дата прекращения существования			1871-01-01			
ось	Q43056	страны «оси» и их союзники	P571	дата основания / создания / возникновения			1940-01-01			
ось	Q43056	страны «оси» и их союзники	P576	дата прекращения существования			1945-01-01			
обольстительница	Q4987214	Обольстительница	P577	дата публикации			2000-01-01			
одкб	Q318693	Организация Договора о коллективной безопасности	P571	дата основания / создания / возникновения			1992-05-15			
отель	Q1630805	Отель	P571	дата основания / создания / возникновения			1965-01-01			
отель	Q1630805	Отель	P577	дата публикации			1965-01-01			
отель	Q2396492	Отель	P577	дата публикации			1967-01-01			
отель	Q689230	Отель	P577	дата публикации			2001-01-01			
обда	Q696095	Обдах	P463	участник организации или клуба	Climate Alliance				1999-01-01	
остряковый	Q4339169	Остряково (станция)	P1619	дата официального открытия			1874-01-01			
океанприбор	Q30892556	Океанприбор	P571	дата основания / создания / возникновения			2006-01-01			
орт	Q673676	ОРТ	P571	дата основания / создания / возникновения			1880-01-01			
орт	Q2964258	Орта	P569	дата рождения			1960-11-28			
орт	Q2964258	Орта	P569	дата рождения			1977-11-02			
орт	Q330067	Первый канал	P571	дата основания / создания / возникновения			1995-01-01			
орт	Q990385	Орта	P571	дата основания / создания / возникновения			1467-01-01			
опатов	Q2446909	Опатов	P571	дата основания / создания / возникновения			1980-01-01			
опатов	Q2446909	Опатов	P1619	дата официального открытия			1980-11-07			
ориб	Q467987	Орибе, Мануэль	P39	занимаемая должность	президент Уругвая				1835-03-01	1838-10-24
ориб	Q467987	Орибе, Мануэль	P39	занимаемая должность	президент Уругвая				1843-02-16	1851-10-08
орельский	Q4336152	Орельское	P571	дата основания / создания / возникновения			1870-01-01			
октавия	Q155762	(598) Октавия	P575	дата открытия			1906-04-13			
овери	Q1376016	Овери, Ричард	P569	дата рождения			1947-12-23			
одержимый	Q1773078	Одержимая	P577	дата публикации			1981-05-25			
одержимый	Q2006667	Одержимая	P577	дата публикации			1931-01-01			
одержимый	Q472271	Одержимый	P577	дата публикации			2003-01-01			
одержимый	Q472271	Одержимый	P577	дата публикации			2004-10-07			
окум	Q385311	Окума	P41	изображение флага	http://commons.wikimedia.org/wiki/Special:FilePath/Flag%20of%20%C5%8Ckuma%2C%20Fukushima.svg				1969-11-01	
осипан	Q4337825	Осипанов, Василий Степанович	P569	дата рождения			1861-03-05			
осипан	Q4337825	Осипанов, Василий Степанович	P570	дата смерти			1887-05-20			
оул	Q1131604	Оулу	P571	дата основания / создания / возникновения			1953-06-30			
оул	Q1131604	Оулу	P1619	дата официального открытия			1953-06-30			
оул	Q140315	(1512) Оулу	P575	дата открытия			1939-03-18			
оул	Q202112	Оулу	P571	дата основания / создания / возникновения			1775-01-01			
оул	Q202112	Оулу	P576	дата прекращения существования			2009-12-31			
оул	Q47048	Оулу	P571	дата основания / создания / возникновения			1605-01-01			
облонский	Q4329349	Облонская, Раиса Ефимовна	P569	дата рождения			1924-01-14			
облонский	Q4329349	Облонская, Раиса Ефимовна	P570	дата смерти			2010-03-31			
орда	Q21451677	Орда	P571	дата основания / создания / возникновения			2000-01-01			
орда	Q41641826	Кевин Уэнделл Крамб	P571	дата основания / создания / возникновения			2016-01-01			
орда	Q41641826	Кевин Уэнделл Крамб	P577	дата публикации			2016-01-01			
орда	Q79965	Золотая Орда	P571	дата основания / создания / возникновения			1243-01-01			
орда	Q79965	Золотая Орда	P576	дата прекращения существования			1502-01-01			
ови	Q311374	Александр Михайлович Овечкин	P166	полученные награды	бронзовая медаль	Чемпионат мира по хоккею с шайбой 2005		2005-01-01		
ови	Q311374	Александр Михайлович Овечкин	P166	полученные награды	Колдер Трофи			2006-01-01		
ови	Q311374	Александр Михайлович Овечкин	P166	полученные награды	бронзовая медаль	Чемпионат мира по хоккею с шайбой 2007		2007-01-01		
ови	Q311374	Александр Михайлович Овечкин	P166	полученные награды	Lester B. Pearson Award			2008-01-01		
ови	Q311374	Александр Михайлович Овечкин	P166	полученные награды	Морис Ришар Трофи			2008-01-01		
ови	Q311374	Александр Михайлович Овечкин	P166	полученные награды	Арт Росс Трофи			2008-01-01		
ови	Q311374	Александр Михайлович Овечкин	P166	полученные награды	золотая медаль	Чемпионат мира по хоккею с шайбой 2008		2008-01-01		
ови	Q311374	Александр Михайлович Овечкин	P166	полученные награды	Харт Трофи			2008-01-01		
ови	Q311374	Александр Михайлович Овечкин	P166	полученные награды	Морис Ришар Трофи			2009-01-01		
ови	Q311374	Александр Михайлович Овечкин	P166	полученные награды	Харт Трофи			2009-01-01		
ови	Q311374	Александр Михайлович Овечкин	P166	полученные награды	Тед Линдсэй Эворд			2009-01-01		
ови	Q311374	Александр Михайлович Овечкин	P166	полученные награды	серебряная медаль	Чемпионат мира по хоккею с шайбой 2010		2010-01-01		
ови	Q311374	Александр Михайлович Овечкин	P166	полученные награды	Тед Линдсэй Эворд			2010-01-01		
ови	Q311374	Александр Михайлович Овечкин	P166	полученные награды	золотая медаль	Чемпионат мира по хоккею с шайбой 2012		2012-01-01		
ови	Q311374	Александр Михайлович Овечкин	P166	полученные награды	Морис Ришар Трофи			2013-01-01		
ови	Q311374	Александр Михайлович Овечкин	P166	полученные награды	Харт Трофи			2013-01-01		
ови	Q311374	Александр Михайлович Овечкин	P166	полученные награды	золотая медаль	Чемпионат мира по хоккею с шайбой 2014		2014-01-01		
ови	Q311374	Александр Михайлович Овечкин	P166	полученные награды	Морис Ришар Трофи			2014-01-01		
ови	Q311374	Александр Михайлович Овечкин	P166	полученные награды	Морис Ришар Трофи			2015-01-01		
ови	Q311374	Александр Михайлович Овечкин	P166	полученные награды	Морис Ришар Трофи			2016-01-01		
ови	Q311374	Александр Михайлович Овечкин	P166	полученные награды	Конн Смайт Трофи			2018-01-01		
ови	Q311374	Александр Михайлович Овечкин	P166	полученные награды	Морис Ришар Трофи			2018-01-01		
ови	Q311374	Александр Михайлович Овечкин	P166	полученные награды	Best Male Athlete ESPY Award			2018-01-01		
отрадов	Q4340012	Отрадово	P571	дата основания / создания / возникновения			1924-01-01			
отрадов	Q4340014	Отрадово	P571	дата основания / создания / возникновения			1699-01-01			
ореховый	Q4336322	Орехово	P131	административно-территориальная единица	Кармановское сельское поселение				2004-12-02	
оск	Q927084	СКА-Хабаровск	P286	тренер	Алексей Николаевич Поддубский				2019-01-01	
оск	Q927084	СКА-Хабаровск	P286	тренер	Георгий Борисович Дараселия				2013-01-01	2013-01-01
оск	Q927084	СКА-Хабаровск	P286	тренер	Вадим Валентинович Евсеев				2018-01-01	2019-01-01
оск	Q927084	СКА-Хабаровск	P286	тренер	Алексей Николаевич Поддубский				2017-01-01	2017-01-01
орлянка	Q18794647	Орлянка	P131	административно-территориальная единица	Курский уезд				1924-05-12	1928-07-29
орлянка	Q18794647	Орлянка	P131	административно-территориальная единица	Солнцевский район				1928-07-30	1996-08-14
орлянка	Q18794647	Орлянка	P131	административно-территориальная единица	Субботинский сельсовет				1996-08-15	
озимандия	Q1523	Рамсес II	P569	дата рождения			-1302-01-01			
озимандия	Q1523	Рамсес II	P570	дата смерти			-1212-01-01			
ориссаар	Q630302	Ориссааре	P582	дата окончания			2017-01-01			
ольховый	Q27921408	Ольховая	P1619	дата официального открытия			2019-06-20			
ольховый	Q4334310	Ольховое	P571	дата основания / создания / возникновения			1936-01-01			
одиночка	Q16254742	Одиночка	P577	дата публикации			2015-01-01			
одиночка	Q4331588	Одиночка	P577	дата публикации			2009-12-01			
оскар	Q19497	Оскар	P54	член спортивной команды	Сан-Паулу				2008-01-01	2010-01-01
оскар	Q19497	Оскар	P54	член спортивной команды	Челси				2012-01-01	2016-01-01
оскар	Q19497	Оскар	P54	член спортивной команды	олимпийская сборная Бразилии по футболу				2012-01-01	2012-01-01
оскар	Q19497	Оскар	P54	член спортивной команды	Интернасьонал				2010-01-01	2012-01-01
оскар	Q19497	Оскар	P54	член спортивной команды	молодёжная сборная Бразилии по футболу				2009-01-01	2011-01-01
оскар	Q19497	Оскар	P54	член спортивной команды	Сан-Паулу				2004-01-01	
оскар	Q19497	Оскар	P54	член спортивной команды	Шанхай Теллэйс				2017-01-01	
оскар	Q19497	Оскар	P54	член спортивной команды	сборная Бразилии по футболу				2011-01-01	
олтеница	Q737188	Олтеница	P6	глава правительства	Petre Țone				2012-01-01	
ованнаванк	Q1632005	Ованаванк	P571	дата основания / создания / возникновения			1201-01-01			
ованнаванк	Q1632005	Ованаванк	P729	дата принятия в эксплуатацию			1216-01-01			
отжиг	Q19798701	Отжиг	P577	дата публикации			2016-08-12			
отжиг	Q19798701	Отжиг	P580	дата начала			2016-08-12			
отжиг	Q19798701	Отжиг	P582	дата окончания			2017-04-07			
обломов	Q1964231	Несколько дней из жизни И. И. Обломова	P577	дата публикации			1979-01-01			
обломов	Q1964231	Несколько дней из жизни И. И. Обломова	P577	дата публикации			1980-01-01			
обломов	Q842074	Обломов	P571	дата основания / создания / возникновения			1847-01-01			
обломов	Q842074	Обломов	P577	дата публикации			1859-01-01			
ошай	Q4340760	Ошаев, Халид Дудаевич	P569	дата рождения			1897-12-20			
ошай	Q4340760	Ошаев, Халид Дудаевич	P570	дата смерти			1977-12-12			
очэс	Q380340	Организация черноморского экономического сотрудничества	P571	дата основания / создания / возникновения			1992-06-04			
осодмила	Q4096441	Бригадмил	P571	дата основания / создания / возникновения			1932-01-01			
осипов	Q4337924	Осипово	P131	административно-территориальная единица	Кикинское сельское поселение				2004-12-01	
оливер	Q141359	Оливер!	P166	полученные награды	Премия «Оскар» за лучший фильм			1969-01-01		
отторженность	Q19195159	Отторженность	P577	дата публикации			1911-01-01			
одрин	Q43387	Эдирне	P131	административно-территориальная единица	Фракия				0680-01-01	1204-01-01
одрин	Q43387	Эдирне	P131	административно-территориальная единица	Фракия				1230-01-01	1400-01-01
одрин	Q43387	Эдирне	P131	административно-территориальная единица	Эдирне				1926-01-01	
одрин	Q43387	Эдирне	P17	государство	Турция				1923-01-01	
одрин	Q43387	Эдирне	P1376	является столицей	Османская империя				1365-01-01	1453-01-01
озеро	Q7116707	Озёра	P131	административно-территориальная единица	Мстинское сельское поселение				2005-01-01	
орисса	Q22048	Орисса	P6	глава правительства	Naveen Patnaik				2000-03-05	
округин	Q4332746	Сергей Константинович Округин	P2962	шахматный титул	международный мастер				2009-01-01	
отвращение	Q954816	Отвращение	P577	дата публикации			1965-01-01			
ога	Q633935	Ога	P571	дата основания / создания / возникновения			1954-03-31			
орлеан	Q20165348	Орлеан	P577	дата публикации			2015-01-01			
орлеан	Q206768	Орлеан	P571	дата основания / создания / возникновения			1993-01-01			
орлеан	Q369349	Орлеан	P571	дата основания / создания / возникновения			1976-01-01			
орлеан	Q4336520	Орлеан	P571	дата основания / создания / возникновения			1908-01-01			
орлеан	Q486231	Орлеан	P571	дата основания / создания / возникновения			1805-04-10			
ономарх	Q2584301	Ономарх	P570	дата смерти			-0352-01-01			
олиб	Q1974868	Олиба	P569	дата рождения			0971-01-01			
олиб	Q1974868	Олиба	P570	дата смерти			1046-10-30			
оаэ	Q878	Объединённые Арабские Эмираты	P530	дипломатические отношения	Германия				1972-05-01	
оаэ	Q878	Объединённые Арабские Эмираты	P530	дипломатические отношения	Грузия				1992-10-20	
оаэ	Q878	Объединённые Арабские Эмираты	P463	участник организации или клуба	Международный банк реконструкции и развития				1972-09-22	
оаэ	Q878	Объединённые Арабские Эмираты	P463	участник организации или клуба	Международная финансовая корпорация				1977-09-30	
оаэ	Q878	Объединённые Арабские Эмираты	P463	участник организации или клуба	Многостороннее агентство по гарантиям инвестиций				1993-10-20	
оаэ	Q878	Объединённые Арабские Эмираты	P463	участник организации или клуба	Международный союз электросвязи				1972-06-27	
оаэ	Q878	Объединённые Арабские Эмираты	P463	участник организации или клуба	Организация Объединённых Наций				1971-12-09	
оаэ	Q878	Объединённые Арабские Эмираты	P463	участник организации или клуба	ЮНЕСКО				1972-04-20	
оаэ	Q878	Объединённые Арабские Эмираты	P463	участник организации или клуба	Лига арабских государств				1971-12-06	
оаэ	Q878	Объединённые Арабские Эмираты	P463	участник организации или клуба	Международный центр по урегулированию инвестиционных споров				1982-01-22	
оаэ	Q878	Объединённые Арабские Эмираты	P463	участник организации или клуба	Международная ассоциация развития				1981-12-23	
онна	Q1202976	Онна	P571	дата основания / создания / возникновения			1908-04-01			
орландин	Q4336515	Орландина	P571	дата основания / создания / возникновения			1991-01-01			
орландин	Q4336515	Орландина	P577	дата публикации			1992-01-01			
орландин	Q51211	Орландина	P571	дата основания / создания / возникновения			1978-01-01			
оратор	Q3204642	Оратор	P577	дата публикации			1886-11-29			
око	Q16682694	Ока	P571	дата основания / создания / возникновения			2008-01-01			
око	Q16682694	Ока	P576	дата прекращения существования			2014-01-01			
око	Q4332610	ОКО	P1619	дата официального открытия			2014-01-01			
око	Q4332610	ОКО	P571	дата основания / создания / возникновения			2015-01-01			
око	Q8192275	Ока	P576	дата прекращения существования			1871-01-01			
огиз	Q4328909	ОГИЗ	P571	дата основания / создания / возникновения			1930-01-01			
октябрьский	Q12135494	Октябрьский	P571	дата основания / создания / возникновения			1942-01-01			
октябрьский	Q16682810	Октябрьское	P571	дата основания / создания / возникновения			1955-01-01			
октябрьский	Q2017643	Октябрьский	P571	дата основания / создания / возникновения			1927-01-01			
октябрьский	Q24729007	Октябрьский	P571	дата основания / создания / возникновения			1939-01-01			
октябрьский	Q2494383	Октябрьский	P571	дата основания / создания / возникновения			1954-01-01			
октябрьский	Q2949966	Октябрьский	P571	дата основания / создания / возникновения			1887-01-01			
октябрьский	Q4333010	Октябрьская	P571	дата основания / создания / возникновения			1870-01-01			
октябрьский	Q4333045	Октябрьский	P571	дата основания / создания / возникновения			1897-01-01			
октябрьский	Q4333048	Октябрьский	P571	дата основания / создания / возникновения			1930-01-01			
октябрьский	Q4333050	Октябрьский	P571	дата основания / создания / возникновения			1959-01-01			
октябрьский	Q4333050	Октябрьский	P1249	первое письменное упоминание			1959-01-01			
октябрьский	Q25745	Октябрьский	P571	дата основания / создания / возникновения			1950-01-01			
орел	Q4337314	Орёл	P571	дата основания / создания / возникновения			1564-01-01			
орбакайте	Q285330	Кристина Орбакайте	P569	дата рождения			1971-05-25			
орбакайте	Q285330	Кристина Орбакайте	P2031	начало периода активности			1983-01-01			
олимпиада	Q1673779	Олимпиад	P571	дата основания / создания / возникновения			2007-06-26			
олимпиада	Q1673779	Олимпиад	P1619	дата официального открытия			2007-06-26			
орден	Q28671272	Орден	P577	дата публикации			1954-01-01			
орден	Q3208425	Орден	P571	дата основания / создания / возникновения			1884-01-01			
орден	Q3208425	Орден	P577	дата публикации			1884-01-14			
орден	Q42310477	Орден	P571	дата основания / создания / возникновения			1884-01-01			
оппиан	Q116508	Оппиан	P569	дата рождения			0101-01-01			
оппиан	Q116508	Оппиан	P1317	годы деятельности			0200-01-01			
оскольд	Q19118215	Аскольд	P570	дата смерти			0882-01-01			
оскольд	Q19118215	Аскольд	P569	дата рождения			0900-01-01			
обертываться	Q30896129	Обернись	P577	дата публикации			2007-01-01			
осокино	Q32362847	Осокино	P571	дата основания / создания / возникновения			1896-01-01			
олеск	Q4333661	Олеск	P571	дата основания / создания / возникновения			1510-01-01			
омак	Q1509671	Омак	P571	дата основания / создания / возникновения			1907-01-01			
ольдекоп	Q4334149	Ольдекоп, Карл Фёдорович	P569	дата рождения			1776-01-06			
ольдекоп	Q4334149	Ольдекоп, Карл Фёдорович	P570	дата смерти			1831-06-13			
озимый	Q24728298	Озимая	P131	административно-территориальная единица	Озимовский сельсовет				2003-12-01	
омат	Q3322634	Омате	P1376	является столицей	Q9063372				1884-01-01	1936-01-01
огонек	Q2495586	Огоньков, Михаил Павлович	P54	член спортивной команды	сборная СССР по футболу				1955-01-01	1958-01-01
огонек	Q2495586	Огоньков, Михаил Павлович	P54	член спортивной команды	Спартак				1953-01-01	1958-01-01
ойлер	Q237142	Ульф фон Эйлер	P1411	номинирован на	Нобелевская премия по физиологии и медицине			1952-01-01		
ойлер	Q237142	Ульф фон Эйлер	P166	полученные награды	почётная медаль Карла Людвига			1953-01-01		
ойлер	Q237142	Ульф фон Эйлер	P166	полученные награды	международная премия Гайрднера			1961-01-01		
ойлер	Q237142	Ульф фон Эйлер	P166	полученные награды	медаль Шмидеберга			1968-01-01		
ойлер	Q237142	Ульф фон Эйлер	P166	полученные награды	Нобелевская премия по физиологии и медицине			1970-01-01		
ойлер	Q237142	Ульф фон Эйлер	P166	полученные награды	почётный доктор			1971-01-01		
окерлунд	Q455370	Окерлунд, Юнас	P166	полученные награды	премия «Грэмми» за лучший музыкальный фильм			2008-01-01		
окерлунд	Q455370	Окерлунд, Юнас	P166	полученные награды	премия «Грэмми» за лучший музыкальный фильм			2014-01-01		
отрочество	Q4103201	Отрочество	P1411	номинирован на	Премия «Оскар» за лучший фильм			2014-01-01		
отрочество	Q4103201	Отрочество	P166	полученные награды	премия BAFTA за лучший фильм			2014-01-01		
осов	Q4338266	Осова	P131	административно-территориальная единица	Дубровицкий район				1940-01-20	
открытие	Q23035769	Открытие	P577	дата публикации			2017-01-01			
открытие	Q2543776	Открытие	P577	дата публикации			2007-05-01			
оро	Q371402	Коммунистическая партия Кубы	P488	руководитель	Рауль Кастро				2011-04-19	
ордынский	Q951185	Ордынское	P1249	первое письменное упоминание			1721-01-01			
овгорт	Q4330647	Овгорт	P571	дата основания / создания / возникновения			1895-01-01			
оборот	Q19192319	Оборот	P571	дата основания / создания / возникновения			1899-01-01			
оборот	Q19192319	Оборот	P577	дата публикации			1986-01-01			
осел	Q19194418	Осёл	P571	дата основания / создания / возникновения			1829-01-01			
осел	Q19194418	Осёл	P577	дата публикации			1830-01-01			
осел	Q19194421	Осёл	P571	дата основания / создания / возникновения			1815-01-01			
осел	Q19194421	Осёл	P577	дата публикации			1815-01-01			
осел	Q271274	Оселе	P571	дата основания / создания / возникновения			1971-01-01			
осел	Q748427	Осёл	P571	дата основания / создания / возникновения			1990-01-01			
оснп	Q694238	Объединение свободных немецких профсоюзов	P571	дата основания / создания / возникновения			1945-01-01			
оснп	Q694238	Объединение свободных немецких профсоюзов	P576	дата прекращения существования			1990-01-01			
окинава	Q766445	Окинава	P6	глава правительства	Таира, Коити				1976-06-25	1978-11-23
окинава	Q766445	Окинава	P6	глава правительства	Масахидэ Оота				1990-12-10	1998-12-09
окинава	Q766445	Окинава	P6	глава правительства	Яра, Тёбё				1968-12-01	1976-06-24
окинава	Q766445	Окинава	P6	глава правительства	Нисимэ, Дзюндзи				1978-12-13	1990-12-09
окинава	Q766445	Окинава	P6	глава правительства	Онага, Такэси				2014-12-10	2018-08-08
окинава	Q766445	Окинава	P6	глава правительства	Инаминэ, Кэйити				1998-12-10	2006-12-09
окинава	Q766445	Окинава	P6	глава правительства	Накаима, Хирокадзу				2006-12-10	2014-12-09
окинава	Q766445	Окинава	P6	глава правительства	Тамаки, Дэни				2018-10-04	
омайяд	Q45646	Омейяды	P571	дата основания / создания / возникновения			0661-01-01			
олот	Q12618	Олот	P6	глава правительства	Josep Berga i Vayreda				2019-06-15	
ольгинский	Q2689166	Ольгинская	P571	дата основания / создания / возникновения			1876-01-01			
ольгинский	Q4334122	Ольгинская	P571	дата основания / создания / возникновения			1809-01-01			
ображеевка	Q15241524	Абражеевка	P131	административно-территориальная единица	Снегуровское сельское поселение				2004-10-11	
озав	Q313649	Одзава, Сэйдзи	P569	дата рождения			1935-09-01			
озу	Q430618	Озу	P138	названо в честь	Озу, Адриен				1961-01-01	
отис	Q2431273	Отис	P571	дата основания / создания / возникновения			1735-01-01			
отис	Q2705680	Отис	P577	дата публикации			2011-07-01			
отис	Q82575	Объединённая таксономическая информационная служба	P571	дата основания / создания / возникновения			1996-01-01			
огонь	Q13459982	Огонь!	P577	дата публикации			1968-01-01			
огонь	Q1418833	Огонь	P577	дата публикации			1996-01-01			
огонь	Q1418833	Огонь	P577	дата публикации			1997-08-21			
огонь	Q19192567	Огонь	P571	дата основания / создания / возникновения			1832-01-01			
огонь	Q4331116	Огни	P571	дата основания / создания / возникновения			1888-01-01			
огонь	Q4331116	Огни	P577	дата публикации			1888-01-01			
охозий	Q313213	Охозия	P569	дата рождения			-0869-01-01			
охозий	Q313213	Охозия	P570	дата смерти			-0850-01-01			
охозий	Q313214	Охозия	P569	дата рождения			-0900-01-01			
охозий	Q313214	Охозия	P570	дата смерти			-0841-01-01			
ошевенское	Q4307324	Ошевенское сельское поселение	P571	дата основания / создания / возникновения			2004-09-23			
оае	Q191703	Организация африканского единства	P571	дата основания / создания / возникновения			1963-01-01			
оае	Q191703	Организация африканского единства	P576	дата прекращения существования			2002-01-01			
относительность	Q2635136	Относительность	P571	дата основания / создания / возникновения			1953-01-01			
оскол	Q4512457	Оскол	P131	административно-территориальная единица	Изюмский район				1923-01-01	
ойма	Q19963667	ОЙМЕ	P571	дата основания / создания / возникновения			2011-01-01			
орвилл	Q28429653	Орвилл	P2754	год создания			2017-01-01			
орвилл	Q28429653	Орвилл	P580	дата начала			2017-09-10			
осоавиахим	Q1419838	Осоавиахим	P571	дата основания / создания / возникновения			1927-01-01			
осоавиахим	Q1419838	Осоавиахим	P576	дата прекращения существования			1948-01-01			
осьмин	Q13664578	Осьмино	P131	административно-территориальная единица	Сланцевский район				1961-08-02	1963-01-31
осьмин	Q13664578	Осьмино	P131	административно-территориальная единица	Лужский район				1963-02-01	2005-12-31
осьмин	Q13664578	Осьмино	P131	административно-территориальная единица	Осьминский район				1927-08-01	1961-08-01
осьмин	Q13664578	Осьмино	P131	административно-территориальная единица	Ямбургский уезд				1920-01-01	1927-07-31
осьмин	Q13664578	Осьмино	P131	административно-территориальная единица	Осьминское сельское поселение				2006-01-01	
овсянка	Q26205	Обыкновенная овсянка	P166	полученные награды	Птица года			1999-01-01		
овсянка	Q26205	Обыкновенная овсянка	P166	полученные награды	Q12047564			2011-01-01		
онс	Q277036	Отряды народной самообороны	P571	дата основания / создания / возникновения			2004-01-01			
онс	Q69040	Онсу	P571	дата основания / создания / возникновения			1988-01-16			
онс	Q69040	Онсу	P1619	дата официального открытия			1988-01-16			
ольмедо	Q276341	Ольмедо	P571	дата основания / создания / возникновения			1919-01-01			
оросий	Q311456	Павел Орозий	P569	дата рождения			0375-01-01			
оросий	Q311456	Павел Орозий	P570	дата смерти			0420-01-01			
обама	Q76	Барак Обама	P410	воинское звание	главнокомандующий				2009-01-20	2017-01-20
обама	Q76	Барак Обама	P39	занимаемая должность	сенатор штата Иллинойс				1997-01-08	2004-11-04
обама	Q76	Барак Обама	P39	занимаемая должность	Сенатор США				2005-01-03	2008-11-16
обама	Q76	Барак Обама	P39	занимаемая должность	президент США				2009-01-20	2017-01-20
обама	Q76	Барак Обама	P106	род занятий	политический публицист				1995-01-01	
обама	Q76	Барак Обама	P106	род занятий	адвокат				1991-01-01	
обама	Q76	Барак Обама	P106	род занятий	общественный организатор				1985-01-01	1988-01-01
обама	Q76	Барак Обама	P69	учебное заведение	Государственная начальная школа Ментенг-01				1970-01-01	1971-01-01
обама	Q76	Барак Обама	P69	учебное заведение	Западный колледж				1979-01-01	1981-01-01
обама	Q76	Барак Обама	P69	учебное заведение	Школа Пунахоу				1971-01-01	1979-01-01
обама	Q76	Барак Обама	P69	учебное заведение	Начальная школа Ноэлани				1966-01-01	1967-01-01
обама	Q76	Барак Обама	P69	учебное заведение	Колумбийский университет				1981-01-01	1983-01-01
обама	Q76	Барак Обама	P69	учебное заведение	Гарвардская школа права				1988-01-01	1991-01-01
оберт	Q78503	Оберт, Герман	P569	дата рождения			1894-06-25			
оберт	Q78503	Оберт, Герман	P570	дата смерти			1989-12-28			
оберт	Q78503	Оберт, Герман	P570	дата смерти			1989-12-29			
олпорт	Q310741	Олпорт, Гордон	P569	дата рождения			1897-11-11			
олпорт	Q310741	Олпорт, Гордон	P570	дата смерти			1967-10-09			
окен	Q1090956	Окен	P138	названо в честь	Окен, Лоренц				1935-01-01	
олимпийский	Q1083434	Олимпийский	P1619	дата официального открытия			1958-08-13			
олимпийский	Q151374	Олимпийский стадион	P571	дата основания / создания / возникновения			1936-01-01			
олимпийский	Q151374	Олимпийский стадион	P1619	дата официального открытия			1936-01-01			
олимпийский	Q159884	Олимпийский стадион	P571	дата основания / создания / возникновения			1937-01-01			
олимпийский	Q159884	Олимпийский стадион	P1619	дата официального открытия			1937-01-01			
олимпийский	Q183529	Олимпийский	P1619	дата официального открытия			1923-08-12			
олимпийский	Q189663	Олимпийский стадион	P571	дата основания / создания / возникновения			1982-01-01			
олимпийский	Q189663	Олимпийский стадион	P1619	дата официального открытия			1982-01-01			
олимпийский	Q2387897	Олимпийская	P571	дата основания / создания / возникновения			1981-01-01			
олимпийский	Q2387897	Олимпийская	P1619	дата официального открытия			1981-12-19			
ольшанка	Q19814716	Ольшанка	P131	административно-территориальная единица	Башмаковский район				1928-07-16	2004-11-01
ольшанка	Q19814716	Ольшанка	P131	административно-территориальная единица	Нижнеломовский уезд				1925-01-01	1928-07-15
ольшанка	Q19814716	Ольшанка	P131	административно-территориальная единица	Сосновский сельсовет				2004-11-02	
остерберг	Q31663	Остерберг	P361	часть от	Stimmkreis Memmingen			2018-10-14		
онд	Q984821	Онда	P571	дата основания / создания / возникновения			-0299-01-01			
орляк	Q4336950	Орляки	P131	административно-территориальная единица	Будницкое сельское поселение				2004-01-01	
онучино	Q4335035	Онучино	P1249	первое письменное упоминание			1801-01-01			
ольвиополь	Q25728923	Ольвиополь	P571	дата основания / создания / возникновения			1908-01-01			
отступник	Q172975	Отступники	P166	полученные награды	Премия «Оскар» за лучший фильм			2007-01-01		
отступник	Q172975	Отступники	P166	полученные награды	Премия «Аманда» за лучший иностранный фильм			2007-01-01		
отступник	Q172975	Отступники	P166	полученные награды	Кинонаграда MTV лучшему кинозлодею			2007-06-03		
островной	Q177723	Островной	P1249	первое письменное упоминание			1501-01-01			
островной	Q177723	Островной	P571	дата основания / создания / возникновения			1981-01-01			
островной	Q25726393	Островная	P571	дата основания / создания / возникновения			1726-01-01			
островной	Q4338977	Островное	P571	дата основания / создания / возникновения			1930-01-01			
окситание	Q18678265	Окситания	P159	расположение штаб-квартиры	Q48756849				2016-01-01	
окситание	Q18678265	Окситания	P488	руководитель	Кароль Делга				2016-01-04	
окситание	Q18678265	Окситания	P31	это частный случай понятия	регион Франции				2016-01-01	
оккиалинь	Q498246	Оккиалини, Джузеппе	P463	участник организации или клуба	Гейдельбергская академия наук				1950-01-01	
ослинка	Q21672257	Ослинка	P1249	первое письменное упоминание			1595-01-01			
очищение	Q1099384	Очищение	P577	дата публикации			2004-03-27			
очищение	Q25394885	Очищение	P577	дата публикации			1990-01-01			
очищение	Q2618838	Очищение	P577	дата публикации			2012-09-07			
омейяд	Q45646	Омейяды	P571	дата основания / создания / возникновения			0661-01-01			
озанна	Q67170	Готтфрид Вильгельм Озанн	P569	дата рождения			1796-10-26			
озанна	Q67170	Готтфрид Вильгельм Озанн	P569	дата рождения			1797-01-01			
озанна	Q67170	Готтфрид Вильгельм Озанн	P570	дата смерти			1866-08-10			
опина	Q1046528	Опина	P17	государство	Словакия				1993-01-01	
олонгапо	Q56759	Олонгапо	P571	дата основания / создания / возникновения			1750-11-04			
