Unigram	#Q	Subject	#P	Predicate	Object	Organization	Just Date	Time Point	Start Time	End Time
макс	Q1475581	Макс	P577	дата публикации			2002-01-01			
макс	Q6794512	Макс	P577	дата публикации			1997-03-23			
исла	Q285388	Ислах	P571	дата основания / создания / возникновения			1990-09-13			
февраль	Q19233331	Февраль	P571	дата основания / создания / возникновения			1918-01-01			
там	Q135789	(1089) Тама	P575	дата открытия			1927-11-17			
там	Q982473	Тама	P571	дата основания / создания / возникновения			1923-04-01			
май	Q21103750	Май	P576	дата прекращения существования			2004-10-15			
май	Q990403	Мая	P571	дата основания / создания / возникновения			1519-01-01			
этот	Q2614351	ЭТА	P571	дата основания / создания / возникновения			1942-01-01			
этот	Q58683208	Электротехнический институт	P571	дата основания / создания / возникновения			1886-01-01			
этот	Q58683208	Электротехнический институт	P576	дата прекращения существования			1917-01-01			
этот	Q42814	ЭТА	P571	дата основания / создания / возникновения			1959-07-31			
этот	Q42814	ЭТА	P576	дата прекращения существования			2018-05-02			
сао	Q462016	Северный административный округ	P571	дата основания / создания / возникновения			1991-07-10			
сао	Q500502	Сао	P580	дата начала			-0600-01-01			
сао	Q500502	Сао	P582	дата окончания			1600-01-01			
сао	Q19517	Сао	P575	дата открытия			2002-07-23			
сентябрь	Q123	сентябрь	P138	названо в честь	Рухнама				2002-08-10	2008-07-01
летний	Q4260114	Летний, Александр Александрович	P569	дата рождения			1848-12-25			
летний	Q4260114	Летний, Александр Александрович	P570	дата смерти			1883-05-15			
то	Q945	Того	P6	глава правительства	Коми Селом Классу				2015-06-10	
то	Q945	Того	P41	изображение флага	http://commons.wikimedia.org/wiki/Special:FilePath/Flag%20of%20Togo%20%281958-1960%29.svg				1958-01-01	1960-04-27
то	Q945	Того	P463	участник организации или клуба	Международный банк реконструкции и развития				1962-08-01	
то	Q945	Того	P463	участник организации или клуба	Международная ассоциация развития				1962-08-21	
то	Q945	Того	P463	участник организации или клуба	Многостороннее агентство по гарантиям инвестиций				1988-04-15	
то	Q945	Того	P463	участник организации или клуба	AFRISTAT				1993-09-21	
то	Q945	Того	P463	участник организации или клуба	Организация Объединённых Наций				1960-09-20	
то	Q945	Того	P463	участник организации или клуба	Международный центр по урегулированию инвестиционных споров				1967-09-10	
то	Q945	Того	P463	участник организации или клуба	Международный союз электросвязи				1961-09-14	
то	Q945	Того	P463	участник организации или клуба	ЮНЕСКО				1960-11-17	
то	Q945	Того	P463	участник организации или клуба	Международная финансовая корпорация				1962-09-04	
она	Q172625	Нея	P571	дата основания / создания / возникновения			1906-01-01			
правда	Q183644	Правда	P571	дата основания / создания / возникновения			1912-01-01			
правда	Q2383856	Правда	P577	дата публикации			2000-01-01			
правда	Q32343220	Правда	P571	дата основания / создания / возникновения			1908-10-16			
правда	Q32343220	Правда	P576	дата прекращения существования			1912-05-06			
правда	Q24729367	Правда	P131	административно-территориальная единица	Волчихинский сельсовет				2003-01-01	
мон	Q818742	Мон	P571	дата основания / создания / возникновения			1974-01-01			
мон	Q16049625	.мон	P571	дата основания / создания / возникновения			2012-01-01			
мина	Q1269184	Мина	P570	дата смерти			0552-08-27			
мина	Q13080849	Мин	P569	дата рождения			1499-01-01			
мина	Q13080849	Мин	P570	дата смерти			2006-01-01			
мина	Q705415	Минам	P571	дата основания / создания / возникновения			2001-01-01			
мина	Q705415	Минам	P571	дата основания / создания / возникновения			2005-01-01			
мина	Q705415	Минам	P1619	дата официального открытия			2005-11-28			
мина	Q9903	империя Мин	P571	дата основания / создания / возникновения			1368-01-01			
мина	Q9903	империя Мин	P576	дата прекращения существования			1644-01-01			
мина	Q9903	империя Мин	P36	столица	Интяньская управа				1424-01-01	1441-01-01
мина	Q9903	империя Мин	P36	столица	Интяньская управа				1368-01-01	1421-01-01
мина	Q9903	империя Мин	P36	столица	Шуньтяньская управа				1441-01-01	1644-01-01
мина	Q9903	империя Мин	P36	столица	Шуньтяньская управа				1421-01-01	1424-01-01
хала	Q1538018	Хала	P577	дата публикации			1975-01-01			
дет	Q851007	Дета	P6	глава правительства	Petru Roman				2008-01-01	
час	Q1893509	Час	P580	дата начала			2011-07-19			
час	Q19799138	Час	P577	дата публикации			2014-01-01			
нго	Q703919	Династия Нго	P571	дата основания / создания / возникновения			0939-01-01			
нго	Q703919	Династия Нго	P576	дата прекращения существования			0967-01-01			
дуть	Q19934817	Дуты	P131	административно-территориальная единица	Печетовское сельское поселение				2005-01-01	
бром	Q187762	Броме	P6	глава правительства	Manuela Peckmann				2014-11-01	
амин	Q27830860	Амине	P569	дата рождения			1994-04-18			
амин	Q27830860	Амине	P2031	начало периода активности			2014-01-01			
ион	Q16656033	Иона	P570	дата смерти			1577-04-30			
ион	Q198409	Аббатство на острове Иона	P571	дата основания / создания / возникновения			0563-01-01			
ион	Q3652069	Иона	P569	дата рождения			1762-03-01			
ион	Q3652069	Иона	P570	дата смерти			1849-01-01			
ион	Q4122162	Иона	P570	дата смерти			1470-11-14			
ион	Q614607	Ион	P1191	первое исполнение			-0412-01-01			
ион	Q6271902	Иона	P39	занимаемая должность	епископ				1992-01-01	1997-01-01
ион	Q6271902	Иона	P39	занимаемая должность	митрополит				1997-01-01	
