Unigram	#Q	Subject	#P	Predicate	Object	Organization	Just Date	Time Point	Start Time	End Time
копа	Q1192823	Полицейский	P577	дата публикации			1988-01-01			
копа	Q1192823	Полицейский	P577	дата публикации			1988-04-07			
осел	Q271274	Оселе	P1365	заменил	Q10498750			1974-01-01		
осел	Q271274	Оселе	P1365	заменил	Q10476076			1974-01-01		
осел	Q271274	Оселе	P1366	заменён на	Доротеа			1980-01-01		
октябрь	Q6461813	Октябрь	P131	административно-территориальная единица	Кобринский повет Полесского воеводства				1921-01-01	1939-01-01
октябрь	Q21342239	Октябрь	P131	административно-территориальная единица	Брахловское сельское поселение				2005-01-01	
октябрь	Q6461813	Октябрь	P131	административно-территориальная единица	Городецкий сельсовет				1940-01-01	
руб	Q1271664	Рубе	P571	дата основания / создания / возникновения			1895-01-01			
руб	Q41044	российский рубль	P580	дата начала			1992-01-01			
