Unigram	#Q	Subject	#P	Predicate	Object	Organization	Just Date	Time Point	Start Time	End Time
мина	Q19215394	Mignon	P577	дата публикации			1795-01-01			
мина	Q25411251	Мина	P577	дата публикации			2016-01-01			
мина	Q25411251	Мина	P577	дата публикации			2017-07-07			
мина	Q2670742	Мин Юйчжэнь	P569	дата рождения			1331-01-01			
мина	Q2670742	Мин Юйчжэнь	P570	дата смерти			1366-01-01			
мина	Q9903	империя Мин	P571	дата основания / создания / возникновения			1368-01-01			
мина	Q9903	империя Мин	P576	дата прекращения существования			1644-01-01			
мина	Q1134027	Минами	P571	дата основания / создания / возникновения			1972-04-01			
мина	Q231156	Мина	P569	дата рождения			1940-03-25			
мина	Q231156	Мина	P2031	начало периода активности			1958-01-01			
ата	Q136047	(111) Ата	P575	дата открытия			1870-08-14			
московский	Q159261	Московский	P571	дата основания / создания / возникновения			1969-01-01			
московский	Q2180438	Московская	P571	дата основания / создания / возникновения			2002-01-01			
московский	Q2180438	Московская	P1619	дата официального открытия			2002-12-27			
она	Q1614501	Она	P577	дата публикации			1965-01-01			
январь	Q19239273	Январь	P571	дата основания / создания / возникновения			1910-01-01			
исса	Q4204253	Исса	P131	административно-территориальная единица	Городское поселение рабочий посёлок Исса				2004-11-02	
исса	Q4204253	Исса	P131	административно-территориальная единица	Лунинский район				1963-02-01	1966-12-29
исса	Q4204253	Исса	P131	административно-территориальная единица	Иссинский район				1928-07-16	1963-01-31
исса	Q4204253	Исса	P131	административно-территориальная единица	Инсарский уезд				1780-09-26	1925-01-01
исса	Q4204253	Исса	P131	административно-территориальная единица	Рузаевский уезд				1925-01-01	1928-07-15
исса	Q4204253	Исса	P131	административно-территориальная единица	Иссинский район				1966-12-30	2004-11-01
пас	Q224597	ПАС	P571	дата основания / создания / возникновения			1963-07-08			
пас	Q224597	ПАС	P576	дата прекращения существования			2007-06-09			
пас	Q280679	ПАС	P571	дата основания / создания / возникновения			1966-01-01			
пас	Q516313	ПАС	P571	дата основания / создания / возникновения			2007-01-01			
март	Q215505	Мартов, Юлий Осипович	P569	дата рождения			1873-11-24			
март	Q215505	Мартов, Юлий Осипович	P570	дата смерти			1923-04-04			
март	Q4282465	Март	P571	дата основания / создания / возникновения			1895-01-01			
март	Q1113284	Март	P138	названо в честь	Альберт Март				1935-01-01	
