Unigram	#Q	Subject	#P	Predicate	Object	Organization	Just Date	Time Point	Start Time	End Time
макс	Q845688	Международный авиационно-космический салон	P571	дата основания / создания / возникновения			1992-01-01			
это	Q2439201	Это	P166	полученные награды	Национальный реестр фильмов США			2001-01-01		
сечь	Q151552	(3426) Секи	P575	дата открытия			1932-02-05			
летие	Q639592	Летья	P6	глава правительства	Angèle Chiappini				2014-03-29	
там	Q1076769	Тама	P571	дата основания / создания / возникновения			1972-04-01			
там	Q21531153	Там	P571	дата основания / создания / возникновения			1830-01-01			
сср	Q15180	СССР	P571	дата основания / создания / возникновения			1922-12-30			
сср	Q15180	СССР	P576	дата прекращения существования			1991-12-26			
шах	Q16018640	Шахи	P131	административно-территориальная единица	Шаховский сельсовет				2003-12-02	
руб	Q34001	Рубе	P131	административно-территориальная единица	Рубе-2 (кантон)				2015-03-01	
руб	Q34001	Рубе	P131	административно-территориальная единица	Рубе-1 (кантон)				2015-03-01	
руб	Q34001	Рубе	P6	глава правительства	Marcel Guislain				1941-08-19	1941-12-01
руб	Q34001	Рубе	P6	глава правительства	Jean-Baptiste Lebas				1912-05-19	1915-03-07
руб	Q34001	Рубе	P6	глава правительства	Alphonse Verbeurgt				1942-01-21	1942-05-01
руб	Q34001	Рубе	P6	глава правительства	Pierre Prouvost				1977-03-13	1983-03-06
руб	Q34001	Рубе	P6	глава правительства	Victor Provo				1942-07-18	1977-03-13
руб	Q34001	Рубе	P6	глава правительства	Charles Bauduin				1942-05-22	1942-07-01
руб	Q34001	Рубе	P6	глава правительства	Fleuris Vanherpe				1940-06-01	1941-08-17
руб	Q34001	Рубе	P6	глава правительства	Édouard Roussel				1901-12-26	1902-01-26
руб	Q34001	Рубе	P6	глава правительства	Eugène Motte				1902-01-26	1912-05-19
руб	Q34001	Рубе	P6	глава правительства	Henri Carette				1892-05-15	1901-12-17
руб	Q34001	Рубе	P6	глава правительства	Рене Вандьеандонк				1994-05-28	2012-03-13
руб	Q34001	Рубе	P6	глава правительства	Henri Thérin				1915-03-07	1918-10-21
руб	Q34001	Рубе	P6	глава правительства	Пьер Дюбуа				2012-03-22	2014-03-30
руб	Q34001	Рубе	P6	глава правительства	Jean-Baptiste Lebas				1918-10-21	1940-06-01
руб	Q34001	Рубе	P6	глава правительства	André Diligent				1983-03-06	1994-05-18
руб	Q34001	Рубе	P6	глава правительства	Гийом Дельбар				2014-04-06	
руб	Q34001	Рубе	P1376	является столицей	Рубе-1 (кантон)				2015-03-01	
руб	Q34001	Рубе	P1376	является столицей	Рубе-2 (кантон)				2015-03-01	
летний	Q4260157	Летня	P571	дата основания / создания / возникновения			1300-01-01			
уда	Q863747	Уда	P571	дата основания / создания / возникновения			2006-01-01			
уда	Q1341562	Уда	P131	административно-территориальная единица	Ухай				1976-01-10	
уда	Q1341562	Уда	P131	административно-территориальная единица	Баян-Нур				1961-01-01	1976-01-09
уда	Q477646	Уду	P131	административно-территориальная единица	Луннань				1961-01-01	
уда	Q477646	Уду	P131	административно-территориальная единица	Тяньшуй				1958-01-01	1960-12-31
уда	Q477646	Уду	P131	административно-территориальная единица	Ганьсу				1913-06-01	1949-12-31
уда	Q477646	Уду	P131	административно-территориальная единица	Луннань				1950-05-01	1957-12-31
часовой	Q2688051	Часовой	P577	дата публикации			1951-01-01			
часовой	Q592743	Часовой	P580	дата начала			1996-03-26			
так	Q118901	Так	P571	дата основания / создания / возникновения			1937-03-14			
еда	Q4173909	Еда	P577	дата публикации			1990-01-01			
еда	Q16647891	Еда	P571	дата основания / создания / возникновения			2012-07-01			
