Unigram	#Q	Subject	#P	Predicate	Object	Organization	Just Date	Time Point	Start Time	End Time
мтс	Q1368919	Мобильные ТелеСистемы	P127	владельцем является	АФК «Система»			2013-12-27		
макс	Q845688	Международный авиационно-космический салон	P571	дата основания / создания / возникновения			1992-01-01			
нго	Q703919	Династия Нго	P571	дата основания / создания / возникновения			0939-01-01			
нго	Q703919	Династия Нго	P576	дата прекращения существования			0967-01-01			
тот	Q2534721	Тоте	P54	член спортивной команды	Реал Мадрид				1999-01-01	2003-01-01
тот	Q2534721	Тоте	P54	член спортивной команды	Реал Мадрид Кастилья				1998-01-01	1999-01-01
тот	Q2534721	Тоте	P54	член спортивной команды	Бенфика				1999-01-01	2000-01-01
тот	Q2534721	Тоте	P54	член спортивной команды	Малага				2005-01-01	2005-01-01
тот	Q2534721	Тоте	P54	член спортивной команды	Реал Вальядолид				2001-01-01	2002-01-01
тот	Q2534721	Тоте	P54	член спортивной команды	Реал Бетис				2003-01-01	2005-01-01
тот	Q2534721	Тоте	P54	член спортивной команды	Реал Вальядолид				2005-01-01	2006-01-01
тот	Q2534721	Тоте	P54	член спортивной команды	Эркулес				2006-01-01	2012-01-01
тот	Q2534721	Тоте	P54	член спортивной команды	Реал Мадрид C				1996-01-01	1998-01-01
октябрь	Q12861783	Аполло	P571	дата основания / создания / возникновения			1909-01-01			
октябрь	Q21643609	Октябрь	P571	дата основания / создания / возникновения			1967-01-01			
октябрь	Q4332997	Октябрь	P571	дата основания / создания / возникновения			1924-01-01			
октябрь	Q6461813	Октябрь	P131	административно-территориальная единица	Кобринский повет Полесского воеводства				1921-01-01	1939-01-01
октябрь	Q6461813	Октябрь	P131	административно-территориальная единица	Городецкий сельсовет				1940-01-01	
то	Q1323381	Того	P569	дата рождения			1913-01-01			
то	Q1323381	Того	P570	дата смерти			1929-12-05			
то	Q945	Того	P571	дата основания / создания / возникновения			1960-04-27			
там	Q135789	(1089) Тама	P575	дата открытия			1927-11-17			
там	Q982473	Тама	P571	дата основания / создания / возникновения			1923-04-01			
декабрь	Q126	декабрь	P138	названо в честь	Нейтралитет				2002-08-10	2008-07-01
июль	Q121	июль	P138	названо в честь	Гай Юлий Цезарь				-0044-01-01	
летний	Q4260114	Летний, Александр Александрович	P569	дата рождения			1848-12-25			
летний	Q4260114	Летний, Александр Александрович	P570	дата смерти			1883-05-15			
май	Q119	май	P138	названо в честь	Махтумкули				2002-08-10	2008-07-01
год	Q2263230	Лет	P569	дата рождения			0350-01-01			
год	Q2263230	Лет	P570	дата смерти			0500-01-01			
сентябрь	Q1770003	Сентябрь	P577	дата публикации			1987-01-01			
сентябрь	Q1770003	Сентябрь	P577	дата публикации			1988-03-31			
февр	Q156999	Люсьен Февр	P166	полученные награды	кавалер ордена Почётного легиона			1924-11-07		
февр	Q156999	Люсьен Февр	P166	полученные награды	офицер ордена Почётного легиона			1936-07-31		
февр	Q156999	Люсьен Февр	P166	полученные награды	командор ордена Почётного легиона			1948-02-06		
шах	Q800205	Дарданельская пушка	P571	дата основания / создания / возникновения			1450-01-01			
