Unigram	#Q	Subject	#P	Predicate	Object	Organization	Just Date	Time Point	Start Time	End Time
заводской	Q1992249	Заводская	P1619	дата официального открытия			1995-01-01			
заводской	Q269438	Заводское	P571	дата основания / создания / возникновения			1928-01-01			
заводской	Q4183205	Заводской	P131	административно-территориальная единица	Каменск-Шахтинский				2004-01-01	
заводской	Q19934849	Заводской	P131	административно-территориальная единица	Ильинское сельское поселение				2005-01-01	
заводской	Q4183205	Заводской	P31	это частный случай понятия	микрорайон	Каменск-Шахтинский			2004-01-01	
заводской	Q25739995	Заводской	P131	административно-территориальная единица	Заводской сельсовет				2003-12-01	
заводской	Q4055814	Авиастроительная	P571	дата основания / создания / возникновения			2013-01-01			
заводской	Q4055814	Авиастроительная	P1619	дата официального открытия			2013-05-09			
заря	Q4187756	Заря	P131	административно-территориальная единица	Жарынское сельское поселение				2004-12-02	
заря	Q4187770	Заря	P131	административно-территориальная единица	Мирнинский район				1965-01-12	
заря	Q16016751	Заря	P131	административно-территориальная единица	Заринский сельсовет				2003-12-01	
заря	Q18777668	Заря	P131	административно-территориальная единица	Казенно-Майданское сельское поселение				2005-02-07	
заря	Q28829709	Заря	P131	административно-территориальная единица	Петуховский сельсовет				2003-12-01	
заря	Q4187764	Заря	P131	административно-территориальная единица	Всходское сельское поселение				2004-12-02	
загадка	Q1170203	Загадка	P577	дата публикации			1981-01-01			
загадка	Q25529307	Загадки	P577	дата публикации			1981-01-01			
зенит	Q274778	Крылья Советов	P286	тренер	Миодраг Божович				2018-10-05	
зенит	Q889348	Урал	P286	тренер	Гусев, Павел Пантелеевич				2012-01-01	2013-01-01
зенит	Q889348	Урал	P286	тренер	Парфёнов, Дмитрий Владимирович				2018-05-21	
зсфср	Q545205	Закавказская Социалистическая Федеративная Советская Республика	P571	дата основания / создания / возникновения			1922-01-01			
зсфср	Q545205	Закавказская Социалистическая Федеративная Советская Республика	P576	дата прекращения существования			1936-01-01			
запорожский	Q4186877	Запорожская	P571	дата основания / создания / возникновения			1901-01-01			
запорожский	Q4186949	Запорожское	P571	дата основания / создания / возникновения			1860-01-01			
запорожский	Q4186955	Запорожское	P131	административно-территориальная единица	Софиевский район				1923-03-07	
зависимость	Q2521217	Зависимость	P577	дата публикации			1995-01-01			
зависимость	Q2521217	Зависимость	P577	дата публикации			1997-03-27			
золотой	Q4193403	Золотое	P131	административно-территориальная единица	Золотовское муниципальное образование				2004-12-27	
запорожье	Q157835	Запорожье	P166	полученные награды	орден Ленина			1970-12-11		
звезда	Q1101350	Согдиана	P571	дата основания / создания / возникновения			1970-01-01			
звезда	Q4189379	Звезда	P577	дата публикации			1949-01-01			
звезда	Q4189379	Звезда	P577	дата публикации			1953-09-21			
звезда	Q4189386	Звезда	P571	дата основания / создания / возникновения			1989-01-01			
звезда	Q4189386	Звезда	P576	дата прекращения существования			1997-01-01			
звезда	Q943841	Звезда	P571	дата основания / создания / возникновения			2002-01-01			
звезда	Q725102	Звезда	P361	часть от	Международная космическая станция				2000-07-26	
зима	Q19167535	Зима	P577	дата публикации			1849-01-01			
зима	Q19167561	Зима	P571	дата основания / создания / возникновения			1915-01-01			
зима	Q19167569	Зима	P571	дата основания / создания / возникновения			1880-01-01			
зима	Q22046691	Зимой	P571	дата основания / создания / возникновения			1909-01-01			
заключение	Q19857695	Заключение	P571	дата основания / создания / возникновения			1762-01-01			
