Unigram	#Q	Subject	#P	Predicate	Object	Organization	Just Date	Time Point	Start Time	End Time
обжиг	Q15268132	Обжиг	P576	дата прекращения существования			2015-12-01			
орехов	Q521105	Орехов	P131	административно-территориальная единица	Ореховский район				1923-03-07	
орехов	Q15342604	Ореховы	P131	административно-территориальная единица	Кобрское сельское поселение				2006-01-01	
отчуждение	Q1361018	Отчуждение	P166	полученные награды	Гран-при Каннского кинофестиваля			2003-01-01		
огл	Q488560	Огл	P571	дата основания / создания / возникновения			1836-01-16			
оск	Q927084	СКА-Хабаровск	P286	тренер	Георгий Борисович Дараселия				2013-01-01	2013-01-01
оск	Q927084	СКА-Хабаровск	P286	тренер	Вадим Валентинович Евсеев				2018-01-01	2019-01-01
оск	Q927084	СКА-Хабаровск	P286	тренер	Алексей Николаевич Поддубский				2017-01-01	2017-01-01
оск	Q927084	СКА-Хабаровск	P286	тренер	Алексей Николаевич Поддубский				2019-01-01	
отто	Q15637235	Отто	P569	дата рождения			1200-01-01			
отто	Q15637235	Отто	P570	дата смерти			1223-07-22			
отто	Q451377	Оттон I	P569	дата рождения			1023-01-01			
отто	Q451377	Оттон I	P570	дата смерти			1056-01-01			
отто	Q9053591	Отто	P569	дата рождения			1968-06-28			
отто	Q9053591	Отто	P2031	начало периода активности			1984-01-01			
отто	Q44825	Отто I	P569	дата рождения			1848-04-27			
отто	Q44825	Отто I	P570	дата смерти			1916-10-11			
они	Q4204464	Историко-математические исследования	P571	дата основания / создания / возникновения			1948-01-01			
они	Q4326202	Новочеркасская государственная мелиоративная академия	P571	дата основания / создания / возникновения			1933-01-01			
они	Q578809	Они!	P577	дата публикации			1954-01-01			
они	Q7781163	Они	P577	дата публикации			1969-06-01			
они	Q68240	Оне	P6	глава правительства	François Mumenthaler				2016-06-01	2017-05-31
они	Q28525437	Они	P131	административно-территориальная единица	Майкорское сельское поселение				2006-01-01	
они	Q941948	Они	P31	это частный случай понятия	город				1846-01-01	
обнинск	Q16271765	Обнинск	P571	дата основания / создания / возникновения			1957-10-19			
обнинск	Q175651	Обнинск	P571	дата основания / создания / возникновения			1946-01-01			
остров	Q1113702	Остров	P577	дата публикации			2006-06-27			
остров	Q1453852	Остров	P577	дата публикации			1980-01-01			
остров	Q16512637	Остров	P577	дата публикации			1974-01-01			
остров	Q176773	Остров	P571	дата основания / создания / возникновения			1341-01-01			
остров	Q404304	Остров	P577	дата публикации			1973-01-01			
остров	Q4338760	Остров	P1249	первое письменное упоминание			1901-01-01			
остров	Q4338763	Остров	P571	дата основания / создания / возникновения			1463-01-01			
остров	Q4338774	Остров	P571	дата основания / создания / возникновения			1545-01-01			
остров	Q4338778	Остров	P571	дата основания / создания / возникновения			1445-01-01			
остров	Q631048	Острова	P571	дата основания / создания / возникновения			2011-01-01			
остров	Q781341	Остров	P577	дата публикации			1979-01-01			
остров	Q841352	Острув-Мазовецка	P571	дата основания / создания / возникновения			1434-01-01			
остров	Q1113702	Остров	P1411	номинирован на	премия «Ника» за лучший игровой фильм			2006-01-01		
остров	Q1113702	Остров	P1411	номинирован на	Премия «Ника» за лучшую операторскую работу			2006-01-01		
остров	Q1113702	Остров	P166	полученные награды	премия «Ника» за лучший игровой фильм			2006-01-01		
остров	Q1113702	Остров	P166	полученные награды	Премия «Ника» за лучшую операторскую работу			2006-01-01		
остров	Q1113702	Остров	P166	полученные награды	Премия «Золотой орёл» за лучший игровой фильм			2007-01-01		
округ	Q3032329	Округ	P571	дата основания / создания / возникновения			1951-02-25			
округ	Q3032329	Округ	P1619	дата официального открытия			1951-02-25			
обухов	Q1011303	Обухов	P131	административно-территориальная единица	Обуховский район				1966-12-08	2010-07-10
осень	Q19194203	Осень	P577	дата публикации			1860-01-01			
осень	Q19207699	Осень	P571	дата основания / создания / возникновения			1828-01-01			
осень	Q21530563	Осень	P571	дата основания / создания / возникновения			1915-01-01			
осень	Q57760126	Осень	P571	дата основания / создания / возникновения			1892-01-01			
особь	Q337747	Особь	P577	дата публикации			1995-11-09			
отчего	Q19195213	Отчего	P571	дата основания / создания / возникновения			1840-01-01			
одежда	Q11460	одежда	P1319	не ранее			-170000-01-01			
одежда	Q11460	одежда	P580	дата начала			-57000-01-01			
орудие	Q1246258	артиллерийское орудие	P137	оператор	Афганская национальная армия			1979-01-01		
образ	Q2259762	Образы	P577	дата публикации			1972-01-01			
отрицание	Q21527601	Отрицание	P577	дата публикации			2016-09-11			
отрицание	Q21527601	Отрицание	P577	дата публикации			2017-04-13			
опера	Q1392037	Опера	P571	дата основания / создания / возникновения			1904-01-01			
опера	Q1392037	Опера	P1619	дата официального открытия			1904-01-01			
ольга	Q193198	Ольга	P570	дата смерти			0969-01-01			
ольга	Q3283344	Ольга	P577	дата публикации			2004-01-01			
ольга	Q707023	Ольга	P571	дата основания / создания / возникновения			1858-01-01			
оборот	Q19192319	Оборот	P571	дата основания / создания / возникновения			1899-01-01			
оборот	Q19192319	Оборот	P577	дата публикации			1986-01-01			
орел	Q3118	Орёл	P166	полученные награды	орден Отечественной войны I степени			1980-04-09		
орел	Q3023344	Орёл	P729	дата принятия в эксплуатацию			1668-01-01			
орел	Q4337314	Орёл	P571	дата основания / создания / возникновения			1564-01-01			
орел	Q19193958	Орёл	P571	дата основания / создания / возникновения			1799-01-01			
он	Q42807	Ним	P6	глава правительства	Jean-Paul Fournier				2001-01-01	
он	Q702009	Ним	P6	глава правительства	François Lalanne				2016-01-01	
он	Q42807	Ним	P6	глава правительства	Émile Jourdan				1965-01-01	1983-01-01
он	Q42807	Ним	P6	глава правительства	Paul Cabouat				1944-08-24	1945-01-01
он	Q42807	Ним	P6	глава правительства	Edgar Tailhades				1947-01-01	1965-01-01
он	Q42807	Ним	P6	глава правительства	Ален Клари				1995-01-01	2001-01-01
он	Q42807	Ним	P6	глава правительства	Léon Vergnole				1945-01-01	1947-01-01
он	Q42807	Ним	P6	глава правительства	Georges Bruguier				1945-01-05	1947-01-01
он	Q42807	Ним	P6	глава правительства	Жан Буске				1983-01-01	1995-01-01
он	Q702009	Ним	P6	глава правительства	Adolphe Pieyre				1811-01-01	1815-01-01
он	Q702009	Ним	P6	глава правительства	Jean Ronzier-Joly				1891-01-01	1895-01-01
он	Q702009	Ним	P6	глава правительства	Pierre Rix				1940-01-01	1941-01-01
он	Q702009	Ним	P6	глава правительства	Raymond Cervelle				2001-01-01	2006-01-01
он	Q702009	Ним	P6	глава правительства	Paul Roux				1921-01-01	1924-01-01
он	Q702009	Ним	P6	глава правительства	Joseph Delpeyrou				1937-01-01	1940-01-01
он	Q702009	Ним	P6	глава правительства	Paul Caillet				1924-01-01	1925-01-01
он	Q702009	Ним	P6	глава правительства	Hubert Perrot				1976-01-01	1978-01-01
он	Q702009	Ним	P6	глава правительства	Adrien Sarraute				1925-01-01	1930-01-01
он	Q702009	Ним	P6	глава правительства	Louis Joret-Desclosières				1862-01-01	1864-01-01
он	Q702009	Ним	P6	глава правительства	Émile-Honoré Cazelles				1870-01-01	1871-01-01
он	Q702009	Ним	P6	глава правительства	Max Maurin				1951-01-01	1954-01-01
он	Q702009	Ним	P6	глава правительства	Robert Petit-Dossaris				1885-01-01	1886-01-01
он	Q702009	Ним	P6	глава правительства	François Ladrat				1886-01-01	1891-01-01
он	Q702009	Ним	P6	глава правительства	Jean-Loup Drubigny				1991-01-01	1993-01-01
он	Q702009	Ним	P6	глава правительства	Jacques Le Hénaff				1986-01-01	1986-01-01
он	Q702009	Ним	P6	глава правительства	François Demonet				2006-01-01	2007-01-01
он	Q702009	Ним	P6	глава правительства	Édouard Salvador				1864-01-01	1870-01-01
он	Q702009	Ним	P6	глава правительства	Guy Gardavaud				1979-01-01	1981-01-01
он	Q702009	Ним	P6	глава правительства	Noël Fournier				1993-01-01	1996-01-01
он	Q702009	Ним	P6	глава правительства	Bernard				1941-01-01	1943-01-01
он	Q702009	Ним	P6	глава правительства	Blachier				1801-01-01	1803-01-01
он	Q702009	Ним	P6	глава правительства	Louis-Frédéric Mermet				1986-01-01	1989-01-01
он	Q702009	Ним	P6	глава правительства	René Aucourt				1932-01-01	1934-01-01
он	Q702009	Ним	P6	глава правительства	Martin Vignolle				1805-01-01	1811-01-01
он	Q702009	Ним	P6	глава правительства	Louis Séguy				1943-01-01	1944-01-01
он	Q702009	Ним	P6	глава правительства	Jean-Baptiste Gallois				1895-01-01	1898-01-01
он	Q702009	Ним	P6	глава правительства	Michel Authier				1989-01-01	1991-01-01
он	Q702009	Ним	P6	глава правительства	Charles de Brigaud				1820-01-01	1830-01-01
он	Q702009	Ним	P6	глава правительства	Émile Teulon				1830-01-01	1831-01-01
он	Q702009	Ним	P6	глава правительства	Frédéric Pierret				1996-01-01	1999-01-01
он	Q702009	Ним	P6	глава правительства	Maurice Joubert				1972-01-01	1976-01-01
он	Q702009	Ним	P6	глава правительства	Pierre Cazejust				1955-01-01	1964-01-01
он	Q702009	Ним	P6	глава правительства	Gaston Jammet				1934-01-01	1937-01-01
он	Q702009	Ним	P6	глава правительства	José Delfau				1917-01-01	1921-01-01
он	Q702009	Ним	P6	глава правительства	Théophile Cornu				1898-01-01	1899-01-01
он	Q702009	Ним	P6	глава правительства	Pierre Gleyze				1944-01-01	1949-01-01
он	Q702009	Ним	P6	глава правительства	Robert Poujol				1964-01-01	1966-01-01
он	Q702009	Ним	P6	глава правительства	Alexis Salmon				1899-01-01	1900-01-01
он	Q702009	Ним	P6	глава правительства	Hippolyte Morlé				1904-01-01	1912-01-01
он	Q702009	Ним	P6	глава правительства	Dominique Bossu				1876-01-01	1877-01-01
он	Q702009	Ним	P6	глава правительства	Lucien Feydel				1949-01-01	1951-01-01
он	Q702009	Ним	P6	глава правительства	Eugène Faller				1943-01-01	1943-01-01
он	Q702009	Ним	P6	глава правительства	Jean-Baptiste Roussellier				1831-01-01	1858-01-01
он	Q702009	Ним	P6	глава правительства	Charles Cunisse				1859-01-01	1862-01-01
он	Q702009	Ним	P6	глава правительства	Pierre Vincent				1882-01-01	1885-01-01
он	Q702009	Ним	P6	глава правительства	Jean-Philippe d'Issernio				2012-01-01	2013-01-01
он	Q702009	Ним	P6	глава правительства	Albert Le Go				1901-01-01	1904-01-01
он	Q702009	Ним	P6	глава правительства	Martine Laquièze				2007-01-01	2012-01-01
он	Q702009	Ним	P6	глава правительства	François de Clausonne				1877-01-01	1882-01-01
он	Q702009	Ним	P6	глава правительства	Auguste Bertin				1914-01-01	1917-01-01
он	Q702009	Ним	P6	глава правительства	Édouard Dejoux				1871-01-01	1873-01-01
он	Q702009	Ним	P6	глава правительства	Armand de Flotte-Montauban				1815-01-01	1817-01-01
он	Q702009	Ним	P6	глава правительства	Claude Pierret				1978-01-01	1979-01-01
он	Q702009	Ним	P6	глава правительства	Théodore Germeau				1875-01-01	1876-01-01
он	Q702009	Ним	P6	глава правительства	Michel Grollemund				1954-01-01	1955-01-01
он	Q702009	Ним	P6	глава правительства	François Doyen				1981-01-01	1986-01-01
он	Q702009	Ним	P6	глава правительства	Jacques Poyer				1969-01-01	1972-01-01
он	Q702009	Ним	P6	глава правительства	Edmond Leydet				1912-01-01	1914-01-01
он	Q702009	Ним	P6	глава правительства	Louis Chaigne				1873-01-01	1875-01-01
он	Q702009	Ним	P6	глава правительства	Henry Roger				1930-01-01	1932-01-01
он	Q702009	Ним	P6	глава правительства	Jean-Paul Briseul				1999-01-01	2001-01-01
он	Q702009	Ним	P6	глава правительства	Denis Olagnon				2013-01-01	2016-01-01
он	Q702009	Ним	P6	глава правительства	Pierre Marien				1966-01-01	1969-01-01
он	Q702009	Ним	P6	глава правительства	Henri Merlin				1900-01-01	1901-01-01
осс	Q9859	Осс	P31	это частный случай понятия	община Нидерландов				1812-01-01	
омск	Q389049	(3406) Омск	P575	дата открытия			1969-02-21			
омск	Q898	Омск	P571	дата основания / создания / возникновения			1716-01-01			
омск	Q898	Омск	P1249	первое письменное упоминание			1716-01-01			
огонь	Q25739339	Огни	P131	административно-территориальная единица	Огнёвский сельсовет				2003-12-01	
основа	Q2492784	Харьков	P571	дата основания / создания / возникновения			1954-01-01			
основа	Q2492784	Харьков	P1619	дата официального открытия			1954-01-01			
оскар	Q19020	Оскар	P276	местонахождение	Долби				2002-01-01	
оскар	Q10612973	Оскар	P1366	заменён на	Stockholms Oscar			2016-01-01		
особый	Q28665737	Особый	P577	дата публикации			2001-01-01			
орда	Q79965	Золотая Орда	P3075	официальная религия	православие			1320-01-01		
облако	Q28877447	Облака	P1433	опубликовано в	Время			1861-01-01		
орловский	Q2031171	Орловский	P571	дата основания / создания / возникновения			1910-01-01			
орловский	Q4336874	Орловский	P571	дата основания / создания / возникновения			1940-01-01			
октябрьский	Q12171231	Октябрьская	P571	дата основания / создания / возникновения			1958-01-01			
октябрьский	Q16682810	Октябрьское	P571	дата основания / создания / возникновения			1955-01-01			
октябрьский	Q18794329	Октябрьский	P1249	первое письменное упоминание			1931-01-01			
октябрьский	Q19953134	Октябрьский	P571	дата основания / создания / возникновения			1966-01-01			
октябрьский	Q24729007	Октябрьский	P571	дата основания / создания / возникновения			1939-01-01			
октябрьский	Q2625749	Октябрьская	P571	дата основания / создания / возникновения			1984-01-01			
октябрьский	Q2625749	Октябрьская	P1619	дата официального открытия			1984-01-01			
октябрьский	Q4333099	Октябрьский	P571	дата основания / создания / возникновения			1958-01-01			
октябрьский	Q1121692	Октябрьская	P571	дата основания / создания / возникновения			1985-01-01			
октябрьский	Q1121692	Октябрьская	P1619	дата официального открытия			1986-01-01			
октябрьский	Q2494383	Октябрьский	P571	дата основания / создания / возникновения			1954-01-01			
октябрьский	Q25508364	Октябрьское	P571	дата основания / создания / возникновения			1925-01-01			
октябрьский	Q25509051	Октябрьское	P571	дата основания / создания / возникновения			1922-01-01			
октябрьский	Q2949966	Октябрьский	P571	дата основания / создания / возникновения			1887-01-01			
октябрьский	Q30890952	Октябрьское	P576	дата прекращения существования			1995-01-01			
октябрьский	Q3881412	Октябрьский	P571	дата основания / создания / возникновения			1846-01-01			
октябрьский	Q3881413	Октябрьский	P571	дата основания / создания / возникновения			1897-01-01			
октябрьский	Q4060383	Алабинская	P1619	дата официального открытия			2014-12-26			
октябрьский	Q4060383	Алабинская	P571	дата основания / создания / возникновения			2015-01-01			
октябрьский	Q4333092	Октябрьский	P571	дата основания / создания / возникновения			1954-01-01			
октябрьский	Q4333223	Октябрьское	P571	дата основания / создания / возникновения			1639-01-01			
октябрьский	Q4333230	Октябрьское	P571	дата основания / создания / возникновения			1899-01-01			
октябрьский	Q598575	Октябрьская	P571	дата основания / создания / возникновения			1950-01-01			
октябрьский	Q598575	Октябрьская	P1619	дата официального открытия			1950-01-01			
октябрьский	Q19900609	Октябрьский	P131	административно-территориальная единица	Пальниковское сельское поселение				2004-12-01	
октябрьский	Q12135494	Октябрьский	P131	административно-территориальная единица	Октябрьское сельское поселение				2006-01-01	
овсянников	Q25738413	Овсянниково	P131	административно-территориальная единица	Овсянниковский сельсовет				2003-12-01	
обр	Q68962	Авары	P576	дата прекращения существования			0805-01-01			
осна	Q4338178	Осны	P571	дата основания / создания / возникновения			1662-01-01			
охла	Q902860	Хоккейная лига Онтарио	P571	дата основания / создания / возникновения			1933-01-01			
октябрь	Q19193261	Октябрь	P571	дата основания / создания / возникновения			1894-01-01			
октябрь	Q21342239	Октябрь	P131	административно-территориальная единица	Брахловское сельское поселение				2005-01-01	
октябрь	Q15363835	Октябри	P131	административно-территориальная единица	Пашинское сельское поселение				2006-01-01	
октябрь	Q59164375	Октябрь	P31	это частный случай понятия	кинотеатр				1957-12-05	2015-01-01
октябрь	Q59164375	Октябрь	P31	это частный случай понятия	развлекательная компания				2015-01-01	
освобождение	Q174436	Освобождение	P577	дата публикации			1970-01-01			
освобождение	Q174436	Освобождение	P577	дата публикации			1971-01-01			
освобождение	Q7310913	Освобождение	P577	дата публикации			2002-05-05			
опек	Q7795	Организация стран — экспортёров нефти	P159	расположение штаб-квартиры	Вена				1965-01-01	
осадок	Q21045243	Осадок	P577	дата публикации			2015-03-31			
осадок	Q21045243	Осадок	P580	дата начала			2015-03-31			
оон	Q1065	Организация Объединённых Наций	P1365	заменил	Лига Наций			1946-01-01		
оон	Q1065	Организация Объединённых Наций	P166	полученные награды	премия Пибоди			1950-01-01		
оон	Q1065	Организация Объединённых Наций	P166	полученные награды	Нобелевская премия мира			2002-01-01		
оон	Q1065	Организация Объединённых Наций	P166	полученные награды	премия имени Сахарова			2003-01-01		
охота	Q32303	Охота	P166	полученные награды	Кинопремия Северного Совета			2013-01-01		
одесский	Q4331482	Одесское	P571	дата основания / создания / возникновения			1906-01-01			
ореховый	Q24684112	Орехово	P131	административно-территориальная единица	Ореховский сельсовет				2003-12-01	
ореховый	Q18794566	Орехово	P131	административно-территориальная единица	Ореховский сельсовет				2004-10-21	
ореховый	Q4336319	Орехово	P131	административно-территориальная единица	Новомариинское сельское поселение				2004-01-01	
ореховый	Q18794566	Орехово	P131	административно-территориальная единица	Касторенский район				1934-06-13	2004-10-20
ота	Q265436	Ода	P569	дата рождения			0874-01-01			
отчизна	Q19195254	Отчизна	P577	дата публикации			1911-01-01			
оро	Q371402	Коммунистическая партия Кубы	P488	руководитель	Рауль Кастро				2011-04-19	
озерный	Q15254042	Озерный	P571	дата основания / создания / возникновения			1930-01-01			
озерный	Q4332066	Озерное	P571	дата основания / создания / возникновения			1809-01-01			
озерный	Q4332291	Озёрная	P571	дата основания / создания / возникновения			2002-01-01			
озерный	Q4332336	Озёрное	P571	дата основания / создания / возникновения			1906-01-01			
озерный	Q868484	Озёрный	P571	дата основания / создания / возникновения			1972-01-01			
озерный	Q17637833	Озёрное	P571	дата основания / создания / возникновения			1950-01-01			
озерный	Q4070431	Озерное	P571	дата основания / создания / возникновения			1924-01-01			
озерный	Q4332287	Озёрная	P571	дата основания / создания / возникновения			1469-01-01			
озерный	Q4332289	Озёрная	P571	дата основания / создания / возникновения			1656-01-01			
окр	Q783625	Олимпийский комитет России	P571	дата основания / создания / возникновения			1992-01-01			
озеро	Q7116707	Озёра	P131	административно-территориальная единица	Мстинское сельское поселение				2005-01-01	
озеро	Q21716397	Озеро	P571	дата основания / создания / возникновения			1911-01-01			
озеро	Q4332083	Озеро	P571	дата основания / создания / возникновения			1750-01-01			
ость	Q15146484	Остей	P569	дата рождения			1350-01-01			
ость	Q15146484	Остей	P570	дата смерти			1382-08-26			
одо	Q2468006	СКА	P571	дата основания / создания / возникновения			1949-01-01			
одо	Q2468006	СКА	P576	дата прекращения существования			1989-01-01			
одо	Q911572	СКА	P571	дата основания / создания / возникновения			1946-01-01			
одо	Q927084	СКА-Хабаровск	P571	дата основания / создания / возникновения			1946-01-01			
одо	Q49961	Одо	P569	дата рождения			1036-01-01			
одо	Q49961	Одо	P570	дата смерти			1097-01-01			
ови	Q311374	Александр Михайлович Овечкин	P569	дата рождения			1985-09-17			
ови	Q350341	Чернаутяну, Овидиу	P569	дата рождения			1974-08-23			
ови	Q350341	Чернаутяну, Овидиу	P2031	начало периода активности			1994-01-01			
осм	Q4338040	Османов, Магомед-Нури Османович	P569	дата рождения			1924-02-06			
осм	Q4338040	Османов, Магомед-Нури Османович	P570	дата смерти			2015-08-09			
оренбург	Q5337	Оренбург	P131	административно-территориальная единица	Город Оренбург				2006-01-01	
оренбург	Q5337	Оренбург	P131	административно-территориальная единица	Оренбургская губерния				1744-01-01	1782-01-01
оренбург	Q5337	Оренбург	P131	административно-территориальная единица	Оренбургская губерния				1796-01-01	1928-05-14
оренбург	Q5337	Оренбург	P131	административно-территориальная единица	Оренбургская область				1934-12-17	2006-01-01
оренбург	Q5337	Оренбург	P6	глава правительства	Сергеевич, Панчин Сергей				2015-10-30	
оренбург	Q5337	Оренбург	P17	государство	Россия				1991-12-26	
оренбург	Q5337	Оренбург	P17	государство	СССР				1922-12-30	1991-12-25
оренбург	Q5337	Оренбург	P17	государство	РСФСР				1917-11-07	1922-12-29
оренбург	Q5337	Оренбург	P17	государство	Российская республика				1917-03-15	1917-11-07
оренбург	Q5337	Оренбург	P1376	является столицей	Оренбургская губерния				1744-03-15	1781-12-23
оренбург	Q5337	Оренбург	P1376	является столицей	Оренбургская губерния				1796-12-12	1928-05-14
оренбург	Q5337	Оренбург	P1376	является столицей	Оренбургский уезд				1782-01-01	1928-05-14
оренбург	Q1834135	Оренбург-Центральный	P138	названо в честь	Юрий Алексеевич Гагарин				2011-01-01	
око	Q19195446	Очи	P571	дата основания / создания / возникновения			1830-01-01			
око	Q43305998	Ока	P571	дата основания / создания / возникновения			1890-01-01			
око	Q4332436	Ока	P571	дата основания / создания / возникновения			1923-01-01			
око	Q4332436	Ока	P576	дата прекращения существования			1997-01-01			
око	Q4332610	ОКО	P1619	дата официального открытия			2014-01-01			
око	Q4332610	ОКО	P571	дата основания / создания / возникновения			2015-01-01			
око	Q8192275	Ока	P576	дата прекращения существования			1871-01-01			
око	Q19193201	Око	P571	дата основания / создания / возникновения			1923-10-23			
око	Q28470101	Око	P606	первый полёт			2014-01-01			
океан	Q2063902	Океан	P571	дата основания / создания / возникновения			1938-01-01			
океан	Q2063902	Океан	P576	дата прекращения существования			1970-01-01			
океан	Q3349039	Океан	P569	дата рождения			1973-01-06			
океан	Q3349039	Океан	P569	дата рождения			1975-01-06			
океан	Q597788	Океаны	P577	дата публикации			2010-02-25			
океан	Q597788	Океаны	P577	дата публикации			2010-04-22			
океан	Q7413063	Океан	P577	дата публикации			1986-01-01			
океан	Q148360	(224) Океана	P575	дата открытия			1882-03-30			
океан	Q157453	Океан	P571	дата основания / создания / возникновения			1979-01-01			
океан	Q157453	Океан	P576	дата прекращения существования			2015-01-01			
оставлять	Q12071513	Оставленные	P577	дата публикации			2014-10-02			
оставлять	Q12071513	Оставленные	P577	дата публикации			2014-10-03			
оставлять	Q12071513	Оставленные	P577	дата публикации			2016-02-26			
обо	Q27588480	Обо	P571	дата основания / создания / возникновения			1937-01-01			
овчинников	Q18794086	Овчинниковы	P131	административно-территориальная единица	Орловское сельское поселение				2011-07-05	
овчинников	Q18794085	Овчинниковы	P131	административно-территориальная единица	Юрьевское сельское поселение				2006-01-01	
опытный	Q15254084	Опытный	P571	дата основания / создания / возникновения			1981-01-01			
опытный	Q17154876	Опытное	P571	дата основания / создания / возникновения			1927-01-01			
опытный	Q4335593	Опытный	P131	административно-территориальная единица	Малохомутёрское сельское поселение				2005-05-29	
оса	Q1025458	Оса	P729	дата принятия в эксплуатацию			1979-01-01			
оса	Q1217552	Осы	P1191	первое исполнение			-0421-01-01			
оса	Q176738	Оса	P571	дата основания / создания / возникновения			1591-01-01			
оса	Q4337340	Оса	P571	дата основания / создания / возникновения			1577-01-01			
орать	Q310777	Орем, Николай	P569	дата рождения			1322-01-01			
орать	Q310777	Орем, Николай	P569	дата рождения			1323-01-01			
орать	Q310777	Орем, Николай	P569	дата рождения			1323-01-09			
орать	Q310777	Орем, Николай	P570	дата смерти			1382-07-11			
орать	Q310777	Орем, Николай	P570	дата смерти			1382-07-19			
ор	Q4337007	Оров	P571	дата основания / создания / возникновения			1589-01-01			
осло	Q210559	Гардермуэн	P571	дата основания / создания / возникновения			1998-01-01			
осло	Q210559	Гардермуэн	P1619	дата официального открытия			1998-10-08			
осло	Q585	Осло	P571	дата основания / создания / возникновения			1048-01-01			
осло	Q585	Осло	P1249	первое письменное упоминание			1048-01-01			
осло	Q585	Осло	P166	полученные награды	National urban environment award			2012-01-01		
ош	Q1099402	Оше	P131	административно-территориальная единица	Мёрт				1790-03-04	1871-09-07
ош	Q1099402	Оше	P131	административно-территориальная единица	Мёрт и Мозель				1871-09-07	
ово	Q4331442	Одесский военный округ	P571	дата основания / создания / возникновения			1862-01-01			
орт	Q2964258	Орта	P569	дата рождения			1960-11-28			
орт	Q2964258	Орта	P569	дата рождения			1977-11-02			
орт	Q673676	ОРТ	P571	дата основания / создания / возникновения			1880-01-01			
огайо	Q1397	Огайо	P47	имеет границы с	Онтарио				1867-07-01	
огайо	Q1397	Огайо	P47	имеет границы с	Канада				1841-02-10	1867-07-01
огайо	Q1397	Огайо	P1546	описание девиза	With God, all things are possible				1959-10-01	
ом	Q149157	(24750) Ом	P575	дата открытия			1992-09-24			
онтарио	Q1904	Онтарио	P1365	заменил	Канада Запад			1867-07-01		
онтарио	Q1904	Онтарио	P1365	заменил	Канада			1867-07-01		
онтарио	Q1904	Онтарио	P1365	заменил	Северо-Западные территории			1874-06-26		
онтарио	Q1904	Онтарио	P1365	заменил	Северо-Западные территории			1889-08-12		
онтарио	Q1904	Онтарио	P1365	заменил	Северо-Западные территории			1912-05-15		
осуждение	Q1056748	Осуждение	P577	дата публикации			1991-01-01			
обмен	Q2992776	Обмен	P577	дата публикации			2006-05-03			
обмен	Q4329381	Обмен	P577	дата публикации			1969-01-01			
