Unigram	#Q	Subject	#P	Predicate	Object	Organization	Just Date	Time Point	Start Time	End Time
ук	Q9345615	Ука	P571	дата основания / создания / возникновения			1852-01-01			
лок	Q14339915	Лок	P577	дата публикации			2013-09-02			
лок	Q14339915	Лок	P577	дата публикации			2014-06-19			
рок	Q19216686	Рок	P571	дата основания / создания / возникновения			1823-01-01			
рок	Q326851	Роки	P577	дата публикации			1987-04-19			
рок	Q489747	Рок	P571	дата основания / создания / возникновения			1888-01-01			
рок	Q491170	Рок	P571	дата основания / создания / возникновения			1857-05-23			
рок	Q42280656	фильм Рок	P577	дата публикации			2017-01-01			
рок	Q48946944	Рок	P577	дата публикации			2017-01-01			
рок	Q500939	Рок	P571	дата основания / создания / возникновения			1839-01-01			
ном	Q202595	ном Греции	P582	дата окончания			2010-12-31			
ном	Q4310714	НОМ	P2031	начало периода активности			1986-01-01			
сср	Q15180	СССР	P793	ключевое событие	Договор об образовании СССР			1922-12-30		
сср	Q15180	СССР	P793	ключевое событие	Беловежское соглашение			1991-12-08		
сср	Q15180	СССР	P793	ключевое событие	распад СССР			1991-12-26		
сср	Q15180	СССР	P122	форма правления	однопартийная система			1990-01-01		
копа	Q1192823	Полицейский	P577	дата публикации			1988-01-01			
копа	Q1192823	Полицейский	P577	дата публикации			1988-04-07			
гап	Q175081	Гап	P166	полученные награды	Alpine Town of the Year			2002-01-01		
руб	Q34001	Рубе	P131	административно-территориальная единица	Рубе-2 (кантон)				2015-03-01	
руб	Q34001	Рубе	P131	административно-территориальная единица	Рубе-1 (кантон)				2015-03-01	
руб	Q34001	Рубе	P6	глава правительства	Гийом Дельбар				2014-04-06	
руб	Q34001	Рубе	P6	глава правительства	Marcel Guislain				1941-08-19	1941-12-01
руб	Q34001	Рубе	P6	глава правительства	Jean-Baptiste Lebas				1912-05-19	1915-03-07
руб	Q34001	Рубе	P6	глава правительства	Alphonse Verbeurgt				1942-01-21	1942-05-01
руб	Q34001	Рубе	P6	глава правительства	Pierre Prouvost				1977-03-13	1983-03-06
руб	Q34001	Рубе	P6	глава правительства	Victor Provo				1942-07-18	1977-03-13
руб	Q34001	Рубе	P6	глава правительства	Charles Bauduin				1942-05-22	1942-07-01
руб	Q34001	Рубе	P6	глава правительства	Fleuris Vanherpe				1940-06-01	1941-08-17
руб	Q34001	Рубе	P6	глава правительства	Édouard Roussel				1901-12-26	1902-01-26
руб	Q34001	Рубе	P6	глава правительства	Eugène Motte				1902-01-26	1912-05-19
руб	Q34001	Рубе	P6	глава правительства	Henri Carette				1892-05-15	1901-12-17
руб	Q34001	Рубе	P6	глава правительства	Рене Вандьеандонк				1994-05-28	2012-03-13
руб	Q34001	Рубе	P6	глава правительства	Henri Thérin				1915-03-07	1918-10-21
руб	Q34001	Рубе	P6	глава правительства	Пьер Дюбуа				2012-03-22	2014-03-30
руб	Q34001	Рубе	P6	глава правительства	Jean-Baptiste Lebas				1918-10-21	1940-06-01
руб	Q34001	Рубе	P6	глава правительства	André Diligent				1983-03-06	1994-05-18
руб	Q34001	Рубе	P1376	является столицей	Рубе-1 (кантон)				2015-03-01	
руб	Q34001	Рубе	P1376	является столицей	Рубе-2 (кантон)				2015-03-01	
матрица	Q1210827	Матрица	P577	дата публикации			1999-01-01			
матрица	Q83495	Матрица	P577	дата публикации			1999-03-31			
матрица	Q83495	Матрица	P577	дата публикации			1999-06-17			
матрица	Q83495	Матрица	P577	дата публикации			1999-07-14			
рама	Q158119	Рамалла	P17	государство	Османская империя				1550-01-01	1917-01-01
рама	Q158119	Рамалла	P17	государство	Иордания				1948-01-01	1967-01-01
рама	Q158119	Рамалла	P17	государство	Подмандатная Палестина				1920-01-01	1948-01-01
рама	Q158119	Рамалла	P17	государство	Israeli Military Governorate				1967-01-01	1995-01-01
рама	Q158119	Рамалла	P17	государство	Государство Палестина				1995-01-01	
рама	Q2915661	Раме	P17	государство	Османская империя				1517-01-01	1920-01-01
рама	Q2915661	Раме	P17	государство	Израиль				1948-01-01	
оар	Q170468	Объединённая Арабская Республика	P571	дата основания / создания / возникновения			1958-01-01			
оар	Q170468	Объединённая Арабская Республика	P576	дата прекращения существования			1961-01-01			
это	Q2439201	Это	P166	полученные награды	Национальный реестр фильмов США			2001-01-01		
реха	Q155627	(573) Реха	P575	дата открытия			1905-09-19			
сок	Q156639	Сок	P571	дата основания / создания / возникновения			1851-01-15			
шап	Q142262	Шапе	P571	дата основания / создания / возникновения			1955-11-16			
летие	Q639592	Летья	P6	глава правительства	Angèle Chiappini				2014-03-29	
оск	Q927084	СКА-Хабаровск	P571	дата основания / создания / возникновения			1946-01-01			
он	Q42807	Ним	P6	глава правительства	Émile Jourdan				1965-01-01	1983-01-01
он	Q42807	Ним	P6	глава правительства	Paul Cabouat				1944-08-24	1945-01-01
он	Q42807	Ним	P6	глава правительства	Edgar Tailhades				1947-01-01	1965-01-01
он	Q42807	Ним	P6	глава правительства	Ален Клари				1995-01-01	2001-01-01
он	Q42807	Ним	P6	глава правительства	Léon Vergnole				1945-01-01	1947-01-01
он	Q42807	Ним	P6	глава правительства	Georges Bruguier				1945-01-05	1947-01-01
он	Q42807	Ним	P6	глава правительства	Жан Буске				1983-01-01	1995-01-01
он	Q702009	Ним	P6	глава правительства	Adolphe Pieyre				1811-01-01	1815-01-01
он	Q702009	Ним	P6	глава правительства	Jean Ronzier-Joly				1891-01-01	1895-01-01
он	Q702009	Ним	P6	глава правительства	Pierre Rix				1940-01-01	1941-01-01
он	Q702009	Ним	P6	глава правительства	Raymond Cervelle				2001-01-01	2006-01-01
он	Q702009	Ним	P6	глава правительства	Paul Roux				1921-01-01	1924-01-01
он	Q702009	Ним	P6	глава правительства	Joseph Delpeyrou				1937-01-01	1940-01-01
он	Q702009	Ним	P6	глава правительства	Paul Caillet				1924-01-01	1925-01-01
он	Q702009	Ним	P6	глава правительства	Hubert Perrot				1976-01-01	1978-01-01
он	Q702009	Ним	P6	глава правительства	Adrien Sarraute				1925-01-01	1930-01-01
он	Q702009	Ним	P6	глава правительства	Louis Joret-Desclosières				1862-01-01	1864-01-01
он	Q702009	Ним	P6	глава правительства	Émile-Honoré Cazelles				1870-01-01	1871-01-01
он	Q702009	Ним	P6	глава правительства	Max Maurin				1951-01-01	1954-01-01
он	Q702009	Ним	P6	глава правительства	Robert Petit-Dossaris				1885-01-01	1886-01-01
он	Q702009	Ним	P6	глава правительства	François Ladrat				1886-01-01	1891-01-01
он	Q702009	Ним	P6	глава правительства	Jean-Loup Drubigny				1991-01-01	1993-01-01
он	Q702009	Ним	P6	глава правительства	Jacques Le Hénaff				1986-01-01	1986-01-01
он	Q702009	Ним	P6	глава правительства	François Demonet				2006-01-01	2007-01-01
он	Q702009	Ним	P6	глава правительства	Édouard Salvador				1864-01-01	1870-01-01
он	Q702009	Ним	P6	глава правительства	Guy Gardavaud				1979-01-01	1981-01-01
он	Q702009	Ним	P6	глава правительства	Noël Fournier				1993-01-01	1996-01-01
он	Q702009	Ним	P6	глава правительства	Bernard				1941-01-01	1943-01-01
он	Q702009	Ним	P6	глава правительства	Blachier				1801-01-01	1803-01-01
он	Q702009	Ним	P6	глава правительства	Louis-Frédéric Mermet				1986-01-01	1989-01-01
он	Q702009	Ним	P6	глава правительства	René Aucourt				1932-01-01	1934-01-01
он	Q702009	Ним	P6	глава правительства	Martin Vignolle				1805-01-01	1811-01-01
он	Q702009	Ним	P6	глава правительства	Louis Séguy				1943-01-01	1944-01-01
он	Q702009	Ним	P6	глава правительства	Jean-Baptiste Gallois				1895-01-01	1898-01-01
он	Q702009	Ним	P6	глава правительства	Michel Authier				1989-01-01	1991-01-01
он	Q702009	Ним	P6	глава правительства	Charles de Brigaud				1820-01-01	1830-01-01
он	Q702009	Ним	P6	глава правительства	Émile Teulon				1830-01-01	1831-01-01
он	Q702009	Ним	P6	глава правительства	Frédéric Pierret				1996-01-01	1999-01-01
он	Q702009	Ним	P6	глава правительства	Maurice Joubert				1972-01-01	1976-01-01
он	Q702009	Ним	P6	глава правительства	Pierre Cazejust				1955-01-01	1964-01-01
он	Q702009	Ним	P6	глава правительства	Gaston Jammet				1934-01-01	1937-01-01
он	Q702009	Ним	P6	глава правительства	José Delfau				1917-01-01	1921-01-01
он	Q702009	Ним	P6	глава правительства	Théophile Cornu				1898-01-01	1899-01-01
он	Q702009	Ним	P6	глава правительства	Pierre Gleyze				1944-01-01	1949-01-01
он	Q702009	Ним	P6	глава правительства	Robert Poujol				1964-01-01	1966-01-01
он	Q702009	Ним	P6	глава правительства	Alexis Salmon				1899-01-01	1900-01-01
он	Q702009	Ним	P6	глава правительства	Hippolyte Morlé				1904-01-01	1912-01-01
он	Q702009	Ним	P6	глава правительства	Dominique Bossu				1876-01-01	1877-01-01
он	Q702009	Ним	P6	глава правительства	Lucien Feydel				1949-01-01	1951-01-01
он	Q702009	Ним	P6	глава правительства	Eugène Faller				1943-01-01	1943-01-01
он	Q702009	Ним	P6	глава правительства	Jean-Baptiste Roussellier				1831-01-01	1858-01-01
он	Q702009	Ним	P6	глава правительства	Charles Cunisse				1859-01-01	1862-01-01
он	Q702009	Ним	P6	глава правительства	Pierre Vincent				1882-01-01	1885-01-01
он	Q702009	Ним	P6	глава правительства	Jean-Philippe d'Issernio				2012-01-01	2013-01-01
он	Q702009	Ним	P6	глава правительства	Albert Le Go				1901-01-01	1904-01-01
он	Q702009	Ним	P6	глава правительства	Martine Laquièze				2007-01-01	2012-01-01
он	Q702009	Ним	P6	глава правительства	François de Clausonne				1877-01-01	1882-01-01
он	Q702009	Ним	P6	глава правительства	Auguste Bertin				1914-01-01	1917-01-01
он	Q702009	Ним	P6	глава правительства	Édouard Dejoux				1871-01-01	1873-01-01
он	Q702009	Ним	P6	глава правительства	Armand de Flotte-Montauban				1815-01-01	1817-01-01
он	Q702009	Ним	P6	глава правительства	Claude Pierret				1978-01-01	1979-01-01
он	Q702009	Ним	P6	глава правительства	Théodore Germeau				1875-01-01	1876-01-01
он	Q702009	Ним	P6	глава правительства	Michel Grollemund				1954-01-01	1955-01-01
он	Q702009	Ним	P6	глава правительства	François Doyen				1981-01-01	1986-01-01
он	Q702009	Ним	P6	глава правительства	Jacques Poyer				1969-01-01	1972-01-01
он	Q702009	Ним	P6	глава правительства	Edmond Leydet				1912-01-01	1914-01-01
он	Q702009	Ним	P6	глава правительства	Louis Chaigne				1873-01-01	1875-01-01
он	Q702009	Ним	P6	глава правительства	Henry Roger				1930-01-01	1932-01-01
он	Q702009	Ним	P6	глава правительства	Jean-Paul Briseul				1999-01-01	2001-01-01
он	Q702009	Ним	P6	глава правительства	Denis Olagnon				2013-01-01	2016-01-01
он	Q702009	Ним	P6	глава правительства	Pierre Marien				1966-01-01	1969-01-01
он	Q702009	Ним	P6	глава правительства	Henri Merlin				1900-01-01	1901-01-01
он	Q42807	Ним	P6	глава правительства	Jean-Paul Fournier				2001-01-01	
он	Q702009	Ним	P6	глава правительства	François Lalanne				2016-01-01	
тихий	Q211079	Тихая	P1619	дата официального открытия			1928-01-01			
папа	Q797444	Папа	P577	дата публикации			2006-12-08			
папа	Q936761	Пап	P569	дата рождения			0353-01-01			
папа	Q936761	Пап	P570	дата смерти			0374-01-01			
папа	Q3362714	Папа	P577	дата публикации			2004-01-01			
час	Q1893509	Час	P580	дата начала			2011-07-19			
час	Q19799138	Час	P577	дата публикации			2014-01-01			
сара	Q7422031	Сара	P569	дата рождения			1962-01-01			
сара	Q155267	(533) Сара	P575	дата открытия			1904-04-19			
теор	Q53379	Теор	P131	административно-территориальная единица	Rivignano Teor				2014-01-01	
асс	Q624111	Арабский социалистический союз	P571	дата основания / создания / возникновения			1962-01-01			
асс	Q624111	Арабский социалистический союз	P576	дата прекращения существования			1978-07-01			
асс	Q738399	Асса	P577	дата публикации			1987-01-01			
гага	Q4144551	Горно-Алтайский государственный университет	P571	дата основания / создания / возникновения			1993-01-01			
ами	Q38106535	Накасима, Ами	P569	дата рождения			1988-05-11			
ами	Q38106535	Накасима, Ами	P2031	начало периода активности			2002-01-01			
макс	Q845688	Международный авиационно-космический салон	P571	дата основания / создания / возникновения			1992-01-01			
соха	Q1027768	Сохский район	P571	дата основания / создания / возникновения			1942-01-01			
соха	Q2983181	Сохэмос	P569	дата рождения			0180-01-01			
соха	Q2983181	Сохэмос	P570	дата смерти			0186-01-01			
упа	Q737212	Украинская повстанческая армия	P571	дата основания / создания / возникновения			1942-01-01			
упа	Q737212	Украинская повстанческая армия	P576	дата прекращения существования			1954-01-01			
тор	Q33581	Славянск	P131	административно-территориальная единица	Славянский район				1923-03-07	1932-02-09
тор	Q33581	Славянск	P131	административно-территориальная единица	Донецкая область				1932-02-09	
аура	Q27038671	Аура	P569	дата рождения			1971-12-03			
под	Q4368521	Поды	P571	дата основания / создания / возникновения			1648-01-01			
акт	Q259161	Айно Акте	P569	дата рождения			1876-04-24			
акт	Q259161	Айно Акте	P570	дата смерти			1944-08-08			
гора	Q14621352	Гора	P1249	первое письменное упоминание			1645-01-01			
гора	Q19149137	Горы	P571	дата основания / создания / возникновения			1799-01-01			
гора	Q26932020	Гора	P577	дата публикации			1890-01-01			
гора	Q4143399	Гора	P571	дата основания / создания / возникновения			1926-01-01			
гора	Q56247994	Горы	P571	дата основания / создания / возникновения			1923-01-01			
ото	Q496031	Ото	P571	дата основания / создания / возникновения			1854-01-01			
ото	Q11452	общая теория относительности	P571	дата основания / создания / возникновения			1916-01-01			
нара	Q131287	Нара	P6	глава правительства	Араи, Сёго				2007-05-03	
рига	Q1389053	Рига	P571	дата основания / создания / возникновения			1999-01-01			
рига	Q1389053	Рига	P576	дата прекращения существования			2008-01-01			
рига	Q143883	(1796) Рига	P575	дата открытия			1966-05-16			
рига	Q2008150	Рига	P571	дата основания / создания / возникновения			2009-01-01			
рига	Q505421	Рига	P571	дата основания / создания / возникновения			1974-01-01			
рига	Q505421	Рига	P1619	дата официального открытия			1974-01-01			
рига	Q1773	Рига	P571	дата основания / создания / возникновения			1201-01-01			
сор	Q2089970	Сора	P571	дата основания / создания / возникновения			2002-01-01			
сор	Q21151	Сорё	P571	дата основания / создания / возникновения			2007-01-01			
отр	Q1065677	Отре	P131	административно-территориальная единица	Мёрт				1790-03-04	1871-09-07
отр	Q1065677	Отре	P131	административно-территориальная единица	Мёрт и Мозель				1871-09-07	
арн	Q730292	Джордж Арнотт Арнотт	P166	полученные награды	член Эдинбургского королевского общества			1822-02-14		
пара	Q39517	Пара	P6	глава правительства	Helder Barbalho				2019-01-01	
пара	Q47606	Паре	P131	административно-территориальная единица	Colverde				2014-02-04	
арк	Q756294	Автономная Республика Крым	P571	дата основания / создания / возникновения			1991-02-12			
лаг	Q162632	Лога	P1249	первое письменное упоминание			1226-01-01			
лаг	Q527095	Лаги, Пио	P569	дата рождения			1922-05-21			
лаг	Q527095	Лаги, Пио	P570	дата смерти			2009-01-10			
лаг	Q527095	Лаги, Пио	P570	дата смерти			2009-01-11			
лаг	Q638004	Лаг	P580	дата начала			1500-01-01			
лаг	Q718154	Лаг	P569	дата рождения			-0400-01-01			
лаг	Q718154	Лаг	P570	дата смерти			-0400-01-01			
ода	Q136427	(1144) Ода	P575	дата открытия			1930-01-28			
ода	Q19192634	Ода	P571	дата основания / создания / возникновения			1900-08-01			
ода	Q466650	Оду, Маргарита	P569	дата рождения			1863-07-07			
ода	Q466650	Оду, Маргарита	P570	дата смерти			1937-01-31			
ода	Q265436	Ода	P97	титул	king of Germany				0888-01-01	0899-01-01
ода	Q265436	Ода	P97	титул	император Запада				0888-01-01	0899-01-01
сон	Q19221053	Сон	P571	дата основания / создания / возникновения			1828-01-01			
сон	Q19221053	Сон	P577	дата публикации			1828-01-01			
сон	Q21531008	Сон	P571	дата основания / создания / возникновения			1915-01-01			
сон	Q3549007	Сон	P577	дата публикации			1885-01-01			
сон	Q9335228	Сон	P571	дата основания / создания / возникновения			1844-01-01			
сон	Q3227295	Сон	P577	дата публикации			1989-01-01			
сон	Q4425680	Сны?	P577	дата публикации			2009-01-01			
бре	Q1640881	Бре	P571	дата основания / создания / возникновения			1960-01-01			
бре	Q275863	Бре	P131	административно-территориальная единица	Лоон				1040-01-01	1366-01-01
бре	Q275863	Бре	P131	административно-территориальная единица	Льежское епископство				1366-01-01	1795-01-01
бре	Q275863	Бре	P131	административно-территориальная единица	Мёз-Инферьёр				1795-01-01	1814-01-01
бре	Q275863	Бре	P131	административно-территориальная единица	Лимбург				2000-01-01	
соя	Q211031	Стратегическая оборонная инициатива	P571	дата основания / создания / возникновения			1984-01-01			
соя	Q211031	Стратегическая оборонная инициатива	P576	дата прекращения существования			1993-01-01			
мср	Q27680201	Музыкальный словарь Римана, 1901—1904	P577	дата публикации			1901-01-01			
ной	Q188161	Голландская Ост-Индия	P31	это частный случай понятия	колония	Королевство Нидерландов			1800-01-01	1949-12-27
ной	Q188161	Голландская Ост-Индия	P31	это частный случай понятия	колония	Республика Соединённых провинций			1603-01-01	1800-01-01
ной	Q188161	Голландская Ост-Индия	P31	это частный случай понятия	историческое государство				1949-12-27	
ум	Q2996992	Николай Алексеевич Умов	P569	дата рождения			1846-01-01			
ум	Q2996992	Николай Алексеевич Умов	P570	дата смерти			1915-01-15			
гета	Q183089	Гета	P39	занимаемая должность	римский император				0209-01-01	0211-12-26
таг	Q1045837	(3997) Тага	P575	дата открытия			1988-12-06			
таг	Q7076261	Таджи	P569	дата рождения			1266-01-01			
таг	Q7076261	Таджи	P570	дата смерти			1322-11-01			
таг	Q870867	Тага	P571	дата основания / создания / возникновения			0724-01-01			
ита	Q233460	Итё, Каори	P569	дата рождения			1984-06-13			
апп	Q455447	Аппа Тенцинг	P569	дата рождения			1960-01-20			
ота	Q265436	Ода	P569	дата рождения			0874-01-01			
ота	Q217234	Ота	P571	дата основания / создания / возникновения			1947-03-15			
гера	Q1768112	Гера-Ланд	P576	дата прекращения существования			1994-07-01			
рать	Q2177054	Российский институт театрального искусства — ГИТИС	P138	названо в честь	Анатолий Васильевич Луначарский				1934-01-01	1991-01-01
рать	Q2177054	Российский институт театрального искусства — ГИТИС	P31	это частный случай понятия	университет				2011-04-26	
ега	Q1633309	Ёга	P571	дата основания / создания / возникновения			1860-01-01			
саша	Q4409599	Саша	P571	дата основания / создания / возникновения			1823-01-01			
саша	Q588761	(3680) Саша	P575	дата открытия			1987-06-28			
саша	Q746172	Саша	P569	дата рождения			1979-02-05			
саша	Q746172	Саша	P2031	начало периода активности			1999-01-01			
октябрь	Q6461813	Октябрь	P131	административно-территориальная единица	Кобринский повет Полесского воеводства				1921-01-01	1939-01-01
октябрь	Q6461813	Октябрь	P131	административно-территориальная единица	Городецкий сельсовет				1940-01-01	
арра	Q545405	Аррах	P361	часть от	Stimmkreis Cham			2018-10-14		
февр	Q156999	Люсьен Февр	P569	дата рождения			1878-07-22			
февр	Q156999	Люсьен Февр	P570	дата смерти			1956-09-11			
утро	Q19233018	Утро	P571	дата основания / создания / возникновения			1800-01-01			
утро	Q29510200	Утро	P571	дата основания / создания / возникновения			1981-01-01			
утро	Q7878522	УТР	P571	дата основания / создания / возникновения			2004-01-01			
состояние	Q1961880	Судьба	P577	дата публикации			1975-01-01			
шиза	Q3482404	Шиzа	P577	дата публикации			2004-01-01			
декабрь	Q126	декабрь	P138	названо в честь	Нейтралитет				2002-08-10	2008-07-01
истый	Q4195208	ИСТ	P571	дата основания / создания / возникновения			1991-01-01			
мара	Q4281018	Мара	P569	дата рождения			1978-11-25			
есть	Q1275153	EM-алгоритм	P575	дата открытия			1977-01-01			
есть	Q19156376	Ели	P571	дата основания / создания / возникновения			1889-11-02			
тея	Q1053432	Тейя	P580	дата начала			-4568000000-01-01			
тея	Q1053432	Тейя	P582	дата окончания			-4520000000-01-01			
тея	Q154396	(453) Тея	P575	дата открытия			1900-02-22			
шах	Q16018640	Шахи	P131	административно-территориальная единица	Шаховский сельсовет				2003-12-02	
шах	Q800205	Дарданельская пушка	P571	дата основания / создания / возникновения			1450-01-01			
мина	Q1269184	Мина	P570	дата смерти			0552-08-27			
мина	Q13080849	Мин	P569	дата рождения			1499-01-01			
мина	Q13080849	Мин	P570	дата смерти			2006-01-01			
мина	Q705415	Минам	P571	дата основания / создания / возникновения			2001-01-01			
мина	Q705415	Минам	P571	дата основания / создания / возникновения			2005-01-01			
мина	Q705415	Минам	P1619	дата официального открытия			2005-11-28			
мина	Q9903	империя Мин	P571	дата основания / создания / возникновения			1368-01-01			
мина	Q9903	империя Мин	P576	дата прекращения существования			1644-01-01			
ида	Q15087230	Ида	P577	дата публикации			2013-08-30			
ида	Q15087230	Ида	P577	дата публикации			2014-04-10			
ида	Q15087230	Ида	P577	дата публикации			2014-09-11			
ида	Q15087230	Ида	P1411	номинирован на	Премия Люкс			2014-01-01		
ида	Q15087230	Ида	P166	полученные награды	Премия Люкс			2014-01-01		
ида	Q15087230	Ида	P166	полученные награды	премия «Оскар» за лучший фильм на иностранном языке			2015-02-22		
май	Q119	май	P138	названо в честь	Махтумкули				2002-08-10	2008-07-01
бром	Q187762	Броме	P6	глава правительства	Manuela Peckmann				2014-11-01	
река	Q2059540	Река	P577	дата публикации			1997-01-01			
река	Q2067313	Река	P577	дата публикации			1938-01-01			
река	Q5479580	Река	P577	дата публикации			2001-01-01			
рот	Q504019	Рот	P361	часть от	Stimmkreis Roth			2018-10-14		
агз	Q4059230	Академия гражданской защиты МЧС России	P571	дата основания / создания / возникновения			1992-01-01			
тот	Q2534721	Тоте	P54	член спортивной команды	Реал Мадрид				1999-01-01	2003-01-01
тот	Q2534721	Тоте	P54	член спортивной команды	Реал Мадрид Кастилья				1998-01-01	1999-01-01
тот	Q2534721	Тоте	P54	член спортивной команды	Бенфика				1999-01-01	2000-01-01
тот	Q2534721	Тоте	P54	член спортивной команды	Малага				2005-01-01	2005-01-01
тот	Q2534721	Тоте	P54	член спортивной команды	Реал Вальядолид				2001-01-01	2002-01-01
тот	Q2534721	Тоте	P54	член спортивной команды	Реал Бетис				2003-01-01	2005-01-01
тот	Q2534721	Тоте	P54	член спортивной команды	Реал Вальядолид				2005-01-01	2006-01-01
тот	Q2534721	Тоте	P54	член спортивной команды	Эркулес				2006-01-01	2012-01-01
тот	Q2534721	Тоте	P54	член спортивной команды	Реал Мадрид C				1996-01-01	1998-01-01
пау	Q2092629	Польская академия знаний	P571	дата основания / создания / возникновения			1872-01-01			
том	Q696401	Томе	P571	дата основания / создания / возникновения			2005-04-01			
кок	Q108846	Кок	P571	дата основания / создания / возникновения			1889-01-01			
кок	Q2505517	Коке	P569	дата рождения			1983-04-27			
кок	Q2505517	Коке	P2031	начало периода активности			2001-01-01			
кок	Q276091	Коке	P569	дата рождения			1992-01-08			
кок	Q488943	Кок	P571	дата основания / создания / возникновения			1797-10-09			
кок	Q856371	Координационный комитет по экспортному контролю	P571	дата основания / создания / возникновения			1949-01-01			
кок	Q856371	Координационный комитет по экспортному контролю	P576	дата прекращения существования			1994-01-01			
сак	Q311526	Саки	P569	дата рождения			1870-12-18			
сак	Q311526	Саки	P570	дата смерти			1916-11-13			
пора	Q2104371	Пора!	P571	дата основания / создания / возникновения			2004-01-01			
пора	Q2104371	Пора!	P576	дата прекращения существования			2005-12-14			
анка	Q2867530	Ассоциация национальных олимпийских комитетов	P571	дата основания / создания / возникновения			1979-01-01			
ерн	Q309876	Ерне, Нильс	P166	полученные награды	международная премия Гайрднера			1970-01-01		
ерн	Q309876	Ерне, Нильс	P166	полученные награды	премия Марселя Бенуа			1978-01-01		
ерн	Q309876	Ерне, Нильс	P166	полученные награды	премия Пауля Эрлиха и Людвига Дармштедтера			1982-01-01		
ерн	Q309876	Ерне, Нильс	P166	полученные награды	Нобелевская премия по физиологии и медицине			1984-01-01		
сам	Q295168	Само	P570	дата смерти			0658-01-01			
сам	Q1363370	Сам	P31	это частный случай понятия	бывшая коммуна Франции	Val-de-Sos			2019-01-01	
тапа	Q650577	Тапа	P131	административно-территориальная единица	Тапа				2005-01-01	2017-01-01
тапа	Q650577	Тапа	P131	административно-территориальная единица	Волость Тапа				2017-01-01	
тапа	Q650577	Тапа	P31	это частный случай понятия	town inside a parish				2005-01-01	
сие	Q3285167	Сим	P577	дата публикации			2007-01-01			
зора	Q4193918	Зора	P131	административно-территориальная единица	Андрейшурское сельское поселение				2006-01-01	
тина	Q137112	(1222) Тина	P575	дата открытия			1932-06-11			
тина	Q18713858	Тина	P577	дата публикации			2014-01-01			
тина	Q660758	Тино	P1435	статус наследия	часть объекта всемирного наследия				1997-01-01	
тина	Q18397706	Тина	P569	дата рождения			1982-08-16			
тина	Q18397706	Тина	P2031	начало периода активности			1999-01-01			
ель	Q2341648	Ель	P577	дата публикации			1844-01-01			
ель	Q26782	ель	P166	полученные награды	Дерево года			1997-01-01		
ель	Q48953305	Ель	P577	дата публикации			1984-01-01			
ольша	Q4334367	Ольша	P131	административно-территориальная единица	Смоленский район				1963-01-01	1965-01-01
ольша	Q4334367	Ольша	P131	административно-территориальная единица	Смоленский уезд				1919-06-30	1929-09-30
ольша	Q4334367	Ольша	P131	административно-территориальная единица	Краснинский район				1929-10-01	1963-01-01
ольша	Q4334367	Ольша	P131	административно-территориальная единица	Краснинский район				1965-01-01	2004-12-01
ольша	Q4334367	Ольша	P131	административно-территориальная единица	Красновское сельское поселение				2004-12-02	
елка	Q19126330	Ёлка	P571	дата основания / создания / возникновения			1884-01-01			
елка	Q19126330	Ёлка	P577	дата публикации			1884-01-01			
елка	Q4053738	Ёлка	P569	дата рождения			1982-07-02			
елка	Q4053738	Ёлка	P2031	начало периода активности			2004-01-01			
иго	Q2429253	Исламское государство	P36	столица	Эль-Кайм			2017-01-01		
еда	Q4173909	Еда	P577	дата публикации			1990-01-01			
мена	Q732738	Графство Мэн	P576	дата прекращения существования			1790-01-01			
она	Q19544495	Она	P1411	номинирован на	премия «Сезар» за лучшую женскую роль			2017-01-01		
она	Q1349118	селькнамы	P746	дата исчезновения			1999-01-01			
она	Q44323246	Она	P577	дата публикации			2017-01-01			
она	Q788822	Она	P577	дата публикации			2013-10-12			
она	Q788822	Она	P577	дата публикации			2014-02-06			
она	Q788822	Она	P577	дата публикации			2014-03-27			
спать	Q13385	СПАЛ	P286	тренер	Массимилиано Аллегри				2004-07-01	2005-05-30
спать	Q13385	СПАЛ	P286	тренер	Семпличи, Леонардо				2014-12-08	
оае	Q191703	Организация африканского единства	P571	дата основания / создания / возникновения			1963-01-01			
оае	Q191703	Организация африканского единства	P576	дата прекращения существования			2002-01-01			
лить	Q13844	Лейте	P6	глава правительства	Leopoldo Petilla				2013-06-30	
опт	Q55026590	Общество пролетарского туризма и экскурсий	P571	дата основания / создания / возникновения			1930-03-08			
опт	Q55026590	Общество пролетарского туризма и экскурсий	P576	дата прекращения существования			1936-04-17			
рпа	Q4397991	Всероссийский государственный университет юстиции	P571	дата основания / создания / возникновения			1970-01-01			
мас	Q725387	Курумада, Масами	P569	дата рождения			1953-12-06			
мас	Q725387	Курумада, Масами	P2031	начало периода активности			1974-01-01			
мох	Q19798990	Мхи	P1249	первое письменное упоминание			1498-01-01			
мох	Q4303894	Московская государственная академия хореографии	P131	административно-территориальная единица	Хамовники				1995-07-05	
аск	Q4054082	АСКА	P571	дата основания / создания / возникновения			1990-01-01			
аск	Q918257	(4894) Аск	P575	дата открытия			1986-09-08			
епа	Q40233	Европейское пресс-фотоагентство	P571	дата основания / создания / возникновения			1985-01-01			
рез	Q228998	Резаи, Араван	P569	дата рождения			1987-03-14			
рез	Q25105	Али ар-Рида	P569	дата рождения			0770-04-16			
рез	Q25105	Али ар-Рида	P570	дата смерти			0818-09-08			
тара	Q17269	Тибетский автономный район	P571	дата основания / создания / возникновения			1965-01-01			
тара	Q1266612	Тара	P571	дата основания / создания / возникновения			1981-01-01			
тара	Q16223605	Тара	P729	дата принятия в эксплуатацию			1927-01-01			
тара	Q472159	Таре, Игли	P569	дата рождения			1973-07-25			
тара	Q472159	Таре, Игли	P2031	начало периода активности			1993-01-01			
тара	Q769382	(5863) Тара	P575	дата открытия			1983-09-07			
ран	Q565231	Ран	P577	дата публикации			1985-06-01			
ран	Q565231	Ран	P577	дата публикации			1986-04-10			
ран	Q83172	Российская академия наук	P571	дата основания / создания / возникновения			1724-02-08			
