Unigram	#Q	Subject	#P	Predicate	Object	Organization	Just Date	Time Point	Start Time	End Time
холиок	Q1637790	Холиок	P6	глава правительства	Alex B. Morse				2012-01-03	
хандрик	Q4495438	Хандриков, Митрофан Фёдорович	P569	дата рождения			1837-01-13			
хандрик	Q4495438	Хандриков, Митрофан Фёдорович	P570	дата смерти			1915-08-07			
химик	Q2613221	Химик	P286	тренер	Сергей Петрушевский				2012-01-01	
хрен	Q2964630	хрен	P279	подкласс от	овощи				-0299-01-01	
хадид	Q2614824	Хадид	P571	дата основания / создания / возникновения			1950-01-01			
халс	Q488247	Халса	P6	глава правительства	Ула Ронгског				2007-01-01	
хуха	Q2588050	Хухи	P571	дата основания / создания / возникновения			1900-01-01			
хард	Q699612	Хард	P463	участник организации или клуба	Climate Alliance				1997-01-01	
хож	Q4328201	Нухаев, Хож-Ахмед Таштамирович	P569	дата рождения			1954-11-11			
херд	Q131198	Остров Херд и острова Макдональд	P1435	статус наследия	всемирное наследие				1997-01-01	
херд	Q131198	Остров Херд и острова Макдональд	P1435	статус наследия	listed on the Australian National Heritage List				2007-05-21	
хиджаз	Q3558385	Хиджаз	P571	дата основания / создания / возникновения			1872-01-01			
хиджаз	Q3558385	Хиджаз	P576	дата прекращения существования			1916-01-01			
хиджаз	Q956357	Королевство Хиджаз	P571	дата основания / создания / возникновения			1916-01-01			
хиджаз	Q956357	Королевство Хиджаз	P576	дата прекращения существования			1925-01-01			
хироси	Q1045442	(4677) Хироси	P575	дата открытия			1990-09-26			
хлус	Q1986239	Хлус, Виктор Иванович	P569	дата рождения			1958-02-12			
хмельницкий	Q156717	Хмельницкий	P1249	первое письменное упоминание			1431-02-19			
хмельницкий	Q156717	Хмельницкий	P571	дата основания / создания / возникновения			1493-01-01			
хмельницкий	Q4498489	Хмельницкое	P571	дата основания / создания / возникновения			1824-01-01			
хмельницкий	Q16714154	Хмельницкое	P17	государство	Россия				2014-03-18	
хесс	Q76975	Рудольф Хёсс	P1399	осуждён за	complicity	убийство		1924-05-01		
хесс	Q76975	Рудольф Хёсс	P1399	осуждён за	преступления против человечества			1947-01-01		
хлопок	Q21645125	Хлопок	P577	дата публикации			1947-01-01			
хлопок	Q21645128	Хлопок	P571	дата основания / создания / возникновения			1939-01-01			
хлопок	Q11457	хлопок	P1319	не ранее			-6000-01-01			
хоуэллс	Q526709	Хоуэллс, Уильям Дин	P569	дата рождения			1837-03-01			
хоуэллс	Q526709	Хоуэллс, Уильям Дин	P570	дата смерти			1920-05-11			
хатор	Q187462	Звёздные врата: SG-1	P580	дата начала			1997-07-27			
хатор	Q187462	Звёздные врата: SG-1	P577	дата публикации			2000-01-01			
хатор	Q187462	Звёздные врата: SG-1	P582	дата окончания			2007-03-13			
хайдерабад	Q1361	Хайдарабад	P131	административно-территориальная единица	Телангана				2014-06-02	
хайдерабад	Q1361	Хайдарабад	P131	административно-территориальная единица	Княжество Хайдарабад				1724-01-01	1948-01-01
хайдерабад	Q1361	Хайдарабад	P131	административно-территориальная единица	Андхра-Прадеш				1956-10-01	2014-06-01
хайдерабад	Q1361	Хайдарабад	P131	административно-территориальная единица	Империя Великих Моголов				1687-01-01	1723-01-01
хайдерабад	Q1361	Хайдарабад	P131	административно-территориальная единица	штат Хайдарабад				1949-01-01	1956-09-30
хайдерабад	Q1361	Хайдарабад	P1376	является столицей	Хайдарабад				1948-01-01	
хайдерабад	Q1361	Хайдарабад	P1376	является столицей	Рангаредди				1978-08-15	
хайдерабад	Q1361	Хайдарабад	P1376	является столицей	Телангана				2014-06-02	
хайдерабад	Q1361	Хайдарабад	P1376	является столицей	Андхра-Прадеш				1956-11-01	2014-06-01
хайдерабад	Q1361	Хайдарабад	P1376	является столицей	штат Хайдарабад				1949-01-01	1956-01-01
хайдерабад	Q1361	Хайдарабад	P1376	является столицей	Княжество Хайдарабад				1763-01-01	1948-01-01
хабургаев	Q4494431	Георгий Александрович Хабургаев	P569	дата рождения			1931-02-02			
хабургаев	Q4494431	Георгий Александрович Хабургаев	P570	дата смерти			1991-02-03			
хула	Q1969037	Хула	P577	дата публикации			1927-01-01			
хайям	Q1708126	Хайям	P571	дата основания / создания / возникновения			2001-08-28			
хайям	Q21655314	Хайям	P571	дата основания / создания / возникновения			1935-01-01			
хайям	Q3632994	Хайям	P569	дата рождения			1927-02-18			
хайям	Q3632994	Хайям	P570	дата смерти			2019-08-19			
хайям	Q35900	Омар Хайям	P569	дата рождения			1048-05-24			
хайям	Q35900	Омар Хайям	P570	дата смерти			1131-12-11			
хильдегард	Q15630826	Хильдегарда	P39	занимаемая должность	аббатиса	Q24041300			0853-01-01	0856-01-01
хильдегард	Q15630826	Хильдегарда	P39	занимаемая должность	аббатиса	Münsterschwarzach Abbey			0844-01-01	0853-01-01
хаус	Q842945	Грегори Хаус	P569	дата рождения			1959-05-15			
хаус	Q20502	хаус	P571	дата основания / создания / возникновения			1980-01-01			
хаус	Q666283	Хаус	P463	участник организации или клуба	Climate Alliance				2006-01-01	
плохой	Q2849188	Плохой	P577	дата публикации			1977-01-01			
плохой	Q589569	Плохие	P580	дата начала			2009-11-12			
холмогорский	Q25394338	Холмогорская	P1619	дата официального открытия			1898-01-01			
хотеев	Q4500303	Станислав Александрович Хотеев	P54	член спортивной команды	Факел				2002-01-01	2003-01-01
хотеев	Q4500303	Станислав Александрович Хотеев	P54	член спортивной команды	Анжи				2001-01-01	2002-01-01
хотеев	Q4500303	Станислав Александрович Хотеев	P54	член спортивной команды	Ижевск				2004-01-01	2004-01-01
хотеев	Q4500303	Станислав Александрович Хотеев	P54	член спортивной команды	Ростов				2008-01-01	2009-01-01
хотеев	Q4500303	Станислав Александрович Хотеев	P54	член спортивной команды	Волга				2004-01-01	2004-01-01
хотеев	Q4500303	Станислав Александрович Хотеев	P54	член спортивной команды	Локомотив				1996-01-01	1996-01-01
хотеев	Q4500303	Станислав Александрович Хотеев	P54	член спортивной команды	Рязань				2006-01-01	2006-01-01
хотеев	Q4500303	Станислав Александрович Хотеев	P54	член спортивной команды	Лобня				2007-01-01	2007-01-01
хотеев	Q4500303	Станислав Александрович Хотеев	P54	член спортивной команды	Реутов (футбольный клуб)				2005-01-01	2005-01-01
хотеев	Q4500303	Станислав Александрович Хотеев	P54	член спортивной команды	Шинник				2010-01-01	
хотеев	Q4500302	Хотеева	P131	административно-территориальная единица	Хотеевская волость				1861-01-01	1923-11-09
хотеев	Q4500302	Хотеева	P131	административно-территориальная единица	Брасовский район				1929-10-01	2005-03-08
хотеев	Q4500302	Хотеева	P131	административно-территориальная единица	Глодневский район				1928-05-14	1929-09-30
хотеев	Q4500302	Хотеева	P131	административно-территориальная единица	Глодневская волость				1923-11-10	1928-05-13
хотеев	Q4500302	Хотеева	P131	административно-территориальная единица	Добриковское сельское поселение				2005-03-09	
хариный	Q25509868	Харино	P571	дата основания / создания / возникновения			1790-01-01			
харди	Q370310	Харди	P571	дата основания / создания / возникновения			1785-01-01			
харди	Q4495791	Харди	P569	дата рождения			1951-05-26			
харди	Q488792	Харди	P571	дата основания / создания / возникновения			1921-04-23			
харди	Q26787	(2866) Харди	P575	дата открытия			1961-10-07			
хайн	Q1591969	Хайн	P138	названо в честь	Friedrich Hayn				1964-01-01	
хайн	Q675509	Эммерсдорф-на-Дунае	P463	участник организации или клуба	Climate Alliance				2013-01-01	
харон	Q6604	Харон	P575	дата открытия			1978-06-22			
хвойка	Q1973287	Хвойка, Викентий Вячеславович	P569	дата рождения			1850-03-04			
хвойка	Q1973287	Хвойка, Викентий Вячеславович	P570	дата смерти			1914-10-20			
хвойка	Q1973287	Хвойка, Викентий Вячеславович	P570	дата смерти			1914-11-15			
харламов	Q1084350	(10675) Харламов	P575	дата открытия			1978-11-01			
хьюм	Q2671259	Хьюм	P571	дата основания / создания / возникновения			1873-01-01			
хэнсон	Q2469914	Хэнсон	P571	дата основания / создания / возникновения			1873-01-01			
хэнсон	Q495667	Хэнсон	P571	дата основания / создания / возникновения			1873-01-01			
хольст	Q200867	Холст, Густав	P569	дата рождения			1874-09-21			
хольст	Q200867	Холст, Густав	P570	дата смерти			1934-05-25			
хвалынск	Q197560	Хвалынск	P1376	является столицей	Хвалынский район				1928-01-01	2004-12-29
хвалынск	Q197560	Хвалынск	P1376	является столицей	Муниципальное образование город Хвалынск				2004-12-29	
халтура	Q369094	Тринадцатый этаж	P577	дата публикации			2007-01-01			
хукер	Q489702	Хукер	P571	дата основания / создания / возникновения			1889-01-01			
хемница	Q1407272	Хемниц	P571	дата основания / создания / возникновения			1900-10-01			
хемница	Q1407272	Хемниц	P576	дата прекращения существования			1943-01-01			
хемница	Q1803113	Хемниц	P576	дата прекращения существования			1994-01-01			
хемница	Q481191	Хемниц	P571	дата основания / создания / возникновения			1874-01-01			
хемница	Q24198	Хемниц	P571	дата основания / создания / возникновения			1991-01-01			
хемница	Q24198	Хемниц	P576	дата прекращения существования			2008-08-01			
хемница	Q24210	Хемниц	P571	дата основания / создания / возникновения			2008-01-01			
хемница	Q24210	Хемниц	P576	дата прекращения существования			2012-03-01			
хемница	Q2795	Хемниц	P1249	первое письменное упоминание			1143-01-01			
харузина	Q4496128	Харузина, Вера Николаевна	P569	дата рождения			1866-09-17			
харузина	Q4496128	Харузина, Вера Николаевна	P570	дата смерти			1931-05-17			
хайдеггер	Q48301	Хайдеггер, Мартин	P463	участник организации или клуба	Гейдельбергская академия наук				1958-01-01	
хайд	Q511659	Хайд	P571	дата основания / создания / возникновения			1705-01-01			
хайд	Q558670	Хайду	P569	дата рождения			1230-01-01			
хайд	Q558670	Хайду	P570	дата смерти			1301-01-01			
хайд	Q1049910	Хайду	P569	дата рождения			1030-01-01			
хайд	Q1049910	Хайду	P570	дата смерти			1100-01-01			
хайд	Q495672	Хайд	P571	дата основания / создания / возникновения			1873-01-01			
хайд	Q18517	Хайд	P571	дата основания / создания / возникновения			1919-01-01			
хиллари	Q33817	Эдмунд Хиллари	P569	дата рождения			1919-07-20			
хиллари	Q33817	Эдмунд Хиллари	P570	дата смерти			2008-01-11			
хлынов	Q5384	Киров	P131	административно-территориальная единица	Кировская область				1936-12-07	2005-01-01
хлынов	Q5384	Киров	P131	административно-территориальная единица	Вятский район				1929-06-10	1934-12-06
хлынов	Q5384	Киров	P131	административно-территориальная единица	Кировский край				1934-12-07	1936-12-06
хлынов	Q5384	Киров	P131	административно-территориальная единица	Муниципальное образование «Город Киров»				2005-01-01	
хлынов	Q5384	Киров	P17	государство	Российская империя				1721-11-02	1917-03-15
хлынов	Q5384	Киров	P17	государство	СССР				1922-12-30	1991-12-25
хлынов	Q5384	Киров	P17	государство	РСФСР				1917-11-09	1922-12-29
хлынов	Q5384	Киров	P17	государство	Русское царство				1547-01-26	1721-11-01
хлынов	Q5384	Киров	P17	государство	Российская республика				1917-03-15	1917-11-08
хлынов	Q5384	Киров	P17	государство	Россия				1991-12-25	
хлынов	Q5384	Киров	P138	названо в честь	Сергей Миронович Киров				1934-12-04	
хер	Q1660495	Хера, Имре	P569	дата рождения			1986-09-03			
ханна	Q142103	(1668) Ханна	P575	дата открытия			1933-07-24			
ханна	Q170268	Ханна. Совершенное оружие	P577	дата публикации			2011-01-01			
ханна	Q170268	Ханна. Совершенное оружие	P577	дата публикации			2011-05-26			
ханна	Q21646464	Ханна	P577	дата публикации			1996-10-18			
ханна	Q24351043	Ханна	P569	дата рождения			1991-01-23			
ханна	Q24351043	Ханна	P2031	начало периода активности			2006-01-01			
ханна	Q1632026	Ханна	P580	дата начала			2008-08-28			
ханна	Q1632026	Ханна	P582	дата окончания			2008-09-07			
ханна	Q5648774	Ханна	P582	дата окончания			1849-06-01			
холл	Q108803	Холл	P571	дата основания / создания / возникновения			1890-01-01			
холл	Q496152	Холл	P571	дата основания / создания / возникновения			1858-01-01			
хевисайд	Q154345	Хевисайд, Оливер	P166	полученные награды	член Лондонского королевского общества				1891-01-01	
хевисайд	Q154345	Хевисайд, Оливер	P106	род занятий	телеграфист				1868-01-01	1874-01-01
хор	Q1260346	Санталы	P17	государство	Бангладеш			0157-01-01		
хор	Q1260346	Санталы	P17	государство	Непал			0698-01-01		
хумаюн	Q486188	Хумаюн	P569	дата рождения			1508-03-16			
хумаюн	Q486188	Хумаюн	P570	дата смерти			1556-02-06			
холм	Q234184	Хелм	P131	административно-территориальная единица	дистрикт Люблин				1939-10-26	1944-07-25
холм	Q234184	Хелм	P131	административно-территориальная единица	Люблинская губерния				1837-01-01	1912-07-06
холм	Q234184	Хелм	P131	административно-территориальная единица	Люблинское воеводство				1999-01-01	
холм	Q234184	Хелм	P6	глава правительства	Agata Fisz				2006-01-01	
холм	Q234184	Хелм	P1376	является столицей	Холмская губерния				1912-07-06	1918-01-01
холм	Q234184	Хелм	P1376	является столицей	Холмский уезд				1837-01-01	1918-01-01
холм	Q234184	Хелм	P1376	является столицей	Хелмское воеводство				1975-06-01	1998-12-31
холм	Q20027557	Холм	P131	административно-территориальная единица	Охватское сельское поселение				2005-01-01	
холм	Q575570	Холм	P131	административно-территориальная единица	Пушкинское сельское поселение				2004-12-02	
холм	Q4499255	Холмы	P131	административно-территориальная единица	Кляриновское сельское поселение				2004-12-02	
холм	Q15364609	Холмы	P131	административно-территориальная единица	Свечинское сельское поселение				2010-12-23	
холм	Q4499253	Холмы	P131	административно-территориальная единица	Будницкое сельское поселение				2004-01-01	
холм	Q10525328	Холм	P1366	заменён на	Q10525324			1863-01-01		
холм	Q10525328	Холм	P1366	заменён на	Holms			1863-01-01		
харун	Q707691	Харун	P569	дата рождения			0882-01-01			
харун	Q707691	Харун	P570	дата смерти			0905-01-04			
хотан	Q914898	Хотан	P571	дата основания / создания / возникновения			0056-01-01			
хотан	Q914898	Хотан	P576	дата прекращения существования			1006-01-01			
хок	Q377521	Хока	P571	дата основания / создания / возникновения			1851-01-01			
хок	Q502507	Хок	P571	дата основания / создания / возникновения			1911-01-01			
хок	Q5878245	Хоку	P577	дата публикации			2000-01-01			
хмылев	Q1713882	Хмылёв, Юрий Алексеевич	P118	выступает в лиге	Национальная хоккейная лига				1992-01-01	1997-01-01
хейл	Q111622	Хейл	P571	дата основания / создания / возникновения			1888-01-01			
хейл	Q501147	Хейл	P571	дата основания / создания / возникновения			1867-01-30			
хейл	Q757151	(1024) Хейл	P575	дата открытия			1923-12-02			
хьюстон	Q156496	Хьюстон	P571	дата основания / создания / возникновения			1837-01-01			
хьюстон	Q486362	Хьюстон	P571	дата основания / создания / возникновения			1821-05-15			
хьюстон	Q496292	Хьюстон	P571	дата основания / создания / возникновения			1903-02-09			
хьюстон	Q744748	Хьюстон Интерконтинентал	P571	дата основания / создания / возникновения			1963-01-01			
хьюстон	Q744748	Хьюстон Интерконтинентал	P1619	дата официального открытия			1969-06-01			
хьюстон	Q16555	Хьюстон	P571	дата основания / создания / возникновения			1836-08-01			
хьюстон	Q486288	Хьюстон	P571	дата основания / создания / возникновения			1854-04-04			
хьюстон	Q502368	Хьюстон	P571	дата основания / создания / возникновения			1871-01-01			
хьюстон	Q80122	Хьюстон	P571	дата основания / создания / возникновения			1966-06-06			
хьюстон	Q962428	Хьюстон	P571	дата основания / создания / возникновения			1857-01-01			
хайдар	Q4494727	Хайдар	P569	дата рождения			1775-12-01			
хайдар	Q4494727	Хайдар	P570	дата смерти			1826-01-01			
хмелевка	Q4498375	Хмелевка	P571	дата основания / создания / возникновения			1629-01-01			
хмелевка	Q28529123	Хмелевка	P571	дата основания / создания / возникновения			1896-01-01			
хмелевка	Q15340183	Хмелевка	P131	административно-территориальная единица	Кумёнское сельское поселение				2006-01-01	
хмелевка	Q18805621	Хмелевка	P131	административно-территориальная единица	Хмелёвское сельское поселение				2005-05-29	
хинчин	Q723638	Александр Яковлевич Хинчин	P569	дата рождения			1894-07-19			
хинчин	Q723638	Александр Яковлевич Хинчин	P570	дата смерти			1959-11-18			
хранитель	Q162182	Хранители	P1411	номинирован на	Премия «Сатурн» за лучшие костюмы			2009-01-01		
хота	Q1539183	Хот	P571	дата основания / создания / возникновения			2003-01-01			
хота	Q2338094	Хота	P569	дата рождения			1982-06-06			
хота	Q2338094	Хота	P2031	начало периода активности			2002-01-01			
хотмыжск	Q4500380	Хотмыжск	P131	административно-территориальная единица	Борисовский уезд				1924-05-12	1925-01-31
хотмыжск	Q4500380	Хотмыжск	P131	административно-территориальная единица	Грайворонский уезд				1838-01-01	1924-05-11
хотмыжск	Q4500380	Хотмыжск	P131	административно-территориальная единица	Грайворонский уезд				1925-06-01	1928-07-29
хотмыжск	Q4500380	Хотмыжск	P131	административно-территориальная единица	Хотмыжский уезд				1802-01-01	1838-01-01
хотмыжск	Q4500380	Хотмыжск	P131	административно-территориальная единица	Борисовский район				1928-07-30	2004-12-19
хотмыжск	Q4500380	Хотмыжск	P131	административно-территориальная единица	Хотмыжское сельское поселение				2004-12-20	
хоренаци	Q365695	Мовсес Хоренаци	P569	дата рождения			0410-01-01			
хоренаци	Q365695	Мовсес Хоренаци	P570	дата смерти			0490-01-01			
хааг	Q4494278	Хааг, Эрвин	P2962	шахматный титул	международный мастер				1961-01-01	
хааг	Q4494278	Хааг, Эрвин	P2962	шахматный титул	международный мастер ИКЧФ				1961-01-01	
хааг	Q11861078	Хаага	P131	административно-территориальная единица	Хельсинки				1946-01-01	
хааг	Q11861078	Хаага	P31	это частный случай понятия	община Финляндии				1923-01-01	1946-01-01
хааг	Q11861078	Хаага	P31	это частный случай понятия	köping				1923-01-01	1946-01-01
хааг	Q11861078	Хаага	P31	это частный случай понятия	бывшая волость Финляндии				1946-01-01	
харут	Q168892	Харута	P571	дата основания / создания / возникновения			1892-01-01			
хмельник	Q1011310	Хмельник	P131	административно-территориальная единица	Хмельницкий район				1923-03-07	1979-01-01
хмельник	Q1011310	Хмельник	P131	административно-территориальная единица	Винницкая область				1979-01-01	
хмельник	Q1011310	Хмельник	P31	это частный случай понятия	город районного значения				1959-01-01	1979-01-01
хмельник	Q1011310	Хмельник	P31	это частный случай понятия	город областного значения Украины				1979-01-01	
хмельник	Q21673975	Хмельники	P131	административно-территориальная единица	Купанский сельский округ				1995-02-09	2006-03-01
хмельник	Q21673975	Хмельники	P131	административно-территориальная единица	Хмельниковский сельсовет				1921-01-01	1995-02-09
хмельник	Q21673975	Хмельники	P131	административно-территориальная единица	Пригородное сельское поселение				2006-03-01	
хмельник	Q4498447	Хмельники	P131	административно-территориальная единица	Морозовское сельское поселение				2009-10-11	
хальк	Q1186355	Народно-демократическая партия Афганистана	P571	дата основания / создания / возникновения			1965-01-01			
хальк	Q1186355	Народно-демократическая партия Афганистана	P576	дата прекращения существования			1992-03-01			
хуанхэ	Q2468778	Хуанхэ	P571	дата основания / создания / возникновения			2003-01-01			
хары	Q499575	Харам	P6	глава правительства	Бьорн Санднес				2007-01-01	2015-01-01
хары	Q499575	Харам	P6	глава правительства	Vebjørn Krogsæter				2015-01-01	
хотьково	Q4500436	Хотьково	P131	административно-территориальная единица	Сельское поселение «Село Хотьково»				1924-01-01	
хотьково	Q197620	Хотьково	P131	административно-территориальная единица	Городское поселение Хотьково				2005-01-01	
хотьково	Q4500437	Хотьково	P131	административно-территориальная единица	Дугинское сельское поселение				2004-12-02	
холмс	Q485426	Холмс	P571	дата основания / создания / возникновения			1833-01-01			
холмс	Q485650	Холмс	P571	дата основания / создания / возникновения			1825-01-04			
холмс	Q488879	Холмс	P571	дата основания / создания / возникновения			1848-01-08			
хын	Q483010	Хын	P569	дата рождения			1845-07-30			
хын	Q483010	Хын	P570	дата смерти			1912-09-09			
ханау	Q3802	Ханау	P17	государство	Третий рейх				1933-01-30	1945-05-08
ханау	Q3802	Ханау	P17	государство	Германская империя				1871-01-18	1919-11-08
ханау	Q3802	Ханау	P17	государство	Курфюршество Гессен				1814-01-01	1866-08-22
ханау	Q3802	Ханау	P17	государство	Королевство Вестфалия				1807-07-09	1814-01-01
ханау	Q3802	Ханау	P17	государство	Гессен-Кассель				1785-01-01	1803-01-01
ханау	Q3802	Ханау	P17	государство	Ганау-Мюнценберг				1458-01-01	1785-01-01
ханау	Q3802	Ханау	P17	государство	королевство Пруссия				1866-08-23	1871-01-17
ханау	Q3802	Ханау	P17	государство	Веймарская республика				1919-11-09	1933-01-29
ханау	Q3802	Ханау	P17	государство	Курфюршество Гессен				1803-01-01	1807-01-01
ханау	Q3802	Ханау	P17	государство	Германия				1945-05-08	
ханау	Q3802	Ханау	P463	участник организации или клуба	Climate Alliance				1993-01-01	
ханау	Q3802	Ханау	P463	участник организации или клуба	Мэры за мир				2012-01-01	
хейс	Q1601293	Хейс	P138	названо в честь	Eduard Heis				1935-01-01	
христофор	Q11749053	Христофор	P569	дата рождения			1964-04-04			
христофор	Q18279671	Христофор	P569	дата рождения			1955-01-01			
христофор	Q18279672	Христофор	P569	дата рождения			1939-05-01			
христофор	Q193507	Святой Христофор	P569	дата рождения			0300-01-01			
христофор	Q193507	Святой Христофор	P570	дата смерти			0300-01-01			
христофор	Q19915674	Христофор	P569	дата рождения			1894-01-01			
христофор	Q19915674	Христофор	P570	дата смерти			1950-08-30			
христофор	Q2997960	Христофор	P569	дата рождения			1953-06-29			
христофор	Q313964	Христофор	P569	дата рождения			0900-01-01			
христофор	Q313964	Христофор	P570	дата смерти			0904-01-01			
христофор	Q5111818	Христофор	P577	дата публикации			2002-09-29			
хэйлунцзян	Q19206	Хэйлунцзян	P131	административно-территориальная единица	Китайская Народная Республика				1949-10-01	
хэйлунцзян	Q19206	Хэйлунцзян	P131	административно-территориальная единица	Китайская Республика				1912-01-01	1932-02-29
хэйлунцзян	Q19206	Хэйлунцзян	P131	административно-территориальная единица	Китайская Республика				1945-09-03	1949-09-30
хэйлунцзян	Q19206	Хэйлунцзян	P131	административно-территориальная единица	Маньчжоу-го				1932-03-01	1945-09-02
хэйлунцзян	Q4502755	Хэйлунцзян	P17	государство	Китайская Республика				1929-01-01	
харита	Q19234121	Хариты	P571	дата основания / создания / возникновения			1795-01-01			
харт	Q687293	Энценрайт	P463	участник организации или клуба	Climate Alliance				2012-01-01	
хата	Q180795	Мохаммад Хатами	P569	дата рождения			1943-09-29			
хата	Q180795	Мохаммад Хатами	P2031	начало периода активности			1997-01-01			
хоум	Q975264	Хоума	P571	дата основания / создания / возникновения			1971-01-01			
холли	Q4499106	Холли	P577	дата публикации			2006-01-01			
хаос	Q1062533	Хаос	P577	дата публикации			2005-12-15			
хаос	Q1062533	Хаос	P577	дата публикации			2006-01-01			
хаос	Q146337	(19521) Хаос	P575	дата открытия			1998-11-19			
хаос	Q1024937	Хаос	P577	дата публикации			1984-11-23			
хаос	Q16401618	Хаос	P577	дата публикации			1973-01-01			
хаос	Q21213173	Хаос	P571	дата основания / создания / возникновения			1896-01-01			
хаос	Q21213173	Хаос	P571	дата основания / создания / возникновения			1897-01-01			
хаос	Q21213173	Хаос	P577	дата публикации			1898-01-01			
хакасия	Q2638524	Хакасская автономная область	P131	административно-территориальная единица	Красноярский край				1934-10-07	1990-12-14
хакасия	Q2638524	Хакасская автономная область	P131	административно-территориальная единица	Российская Советская Федеративная Социалистическая Республика				1990-12-15	
хмелевой	Q15364611	Хмелевая	P131	административно-территориальная единица	Юбилейное сельское поселение				2006-01-01	
хилый	Q216258	Хило	P17	государство	США				1898-08-12	
хилый	Q216258	Хило	P17	государство	Республика Гавайи				1894-07-04	1898-08-11
хилый	Q216258	Хило	P17	государство	Временное правительство Гавайев				1893-01-17	1894-07-03
хоуп	Q2463017	Хоуп	P571	дата основания / создания / возникновения			1871-01-01			
хамиди	Q4495265	Хамиди, Латыф Абдулхаевич	P569	дата рождения			1906-07-17			
хамиди	Q4495265	Хамиди, Латыф Абдулхаевич	P570	дата смерти			1983-11-29			
хозяин	Q12166783	Хозяин	P571	дата основания / создания / возникновения			1900-01-01			
хозяин	Q3506408	Хозяин	P577	дата публикации			1977-01-01			
хозяин	Q5222649	Хозяин	P577	дата публикации			1994-09-23			
хабибулла	Q473247	Хабибулла бачаи-и сакао	P39	занимаемая должность	король Афганистана				1928-12-14	1929-10-13
хюэ	Q160094	Хюэ	P1619	дата официального открытия			1932-01-01			
хгу	Q1458695	Харьковский национальный университет	P571	дата основания / создания / возникновения			1805-01-29			
хренов	Q4501312	Хренов	P571	дата основания / создания / возникновения			1545-01-01			
хренов	Q4501314	Хренов	P571	дата основания / создания / возникновения			1621-01-01			
хармс	Q42216382	Хармс	P577	дата публикации			2017-01-01			
хпи	Q1164068	Харьковский политехнический институт	P138	названо в честь	Александр III				1893-01-01	1917-01-01
хпи	Q1164068	Харьковский политехнический институт	P138	названо в честь	Владимир Ильич Ленин				1923-11-15	1991-01-01
хотылево	Q4500426	Хотылёво	P1249	первое письменное упоминание			1610-01-01			
хрущев	Q1011435	Светловодск	P571	дата основания / создания / возникновения			1954-01-01			
хрущев	Q35314	Никита Сергеевич Хрущёв	P569	дата рождения			1894-04-15			
хрущев	Q35314	Никита Сергеевич Хрущёв	P570	дата смерти			1971-09-11			
ходжкин	Q193650	Ходжкин, Алан	P569	дата рождения			1914-02-05			
ходжкин	Q193650	Ходжкин, Алан	P570	дата смерти			1998-12-20			
хатчесон	Q316367	Хатчесон, Фрэнсис	P569	дата рождения			1694-08-08			
хатчесон	Q316367	Хатчесон, Фрэнсис	P570	дата смерти			1746-08-08			
хребтовый	Q27455984	Хребтовый	P571	дата основания / создания / возникновения			1967-01-01			
храбрый	Q126796	Храбрая сердцем	P793	ключевое событие	премьера			2012-06-18		
храбрый	Q126796	Храбрая сердцем	P166	полученные награды	премия «Оскар» за лучший анимационный полнометражный фильм			2013-01-01		
хэнкок	Q427490	(3731) Хэнкок	P575	дата открытия			1984-02-20			
хэнкок	Q485441	Ханкок	P571	дата основания / создания / возникновения			1812-01-01			
хэнкок	Q485448	Ханкок	P571	дата основания / создания / возникновения			1851-01-15			
хэнкок	Q495059	Ханкок	P571	дата основания / создания / возникновения			1844-01-01			
хэнкок	Q506172	Ханкок	P571	дата основания / создания / возникновения			1827-01-26			
хэнкок	Q506351	Ханкок	P571	дата основания / создания / возникновения			1790-01-01			
хэнкок	Q937074	Хэнкок	P571	дата основания / создания / возникновения			1766-01-01			
хэнкок	Q943662	Хэнкок	P571	дата основания / создания / возникновения			1871-01-01			
хорватия	Q153128	Независимое государство Хорватия	P35	глава государства	Томислав II				1941-01-01	1943-01-01
хорватия	Q153128	Независимое государство Хорватия	P35	глава государства	Анте Павелич				1943-01-01	1945-01-01
хорватия	Q153128	Независимое государство Хорватия	P1906	должность главы государства	Поглавник				1943-01-01	1945-01-01
хорватия	Q153128	Независимое государство Хорватия	P31	это частный случай понятия	марионеточное государство	Королевство Италия			1941-01-01	1945-01-01
хорватия	Q153128	Независимое государство Хорватия	P31	это частный случай понятия	марионеточное государство	Третий рейх			1941-01-01	1945-01-01
хорватия	Q153128	Независимое государство Хорватия	P31	это частный случай понятия	историческое государство				1945-01-01	
хорватия	Q209062	СР Хорватия	P31	это частный случай понятия	республика в составе СФРЮ				1946-01-27	1991-06-25
хорватия	Q224	Хорватия	P35	глава государства	Иво Йосипович				2010-02-19	2015-02-19
хорватия	Q224	Хорватия	P35	глава государства	Степан Месич				2000-02-18	2010-02-18
хорватия	Q224	Хорватия	P35	глава государства	Франьо Туджман				1990-05-30	1999-12-10
хорватия	Q224	Хорватия	P35	глава государства	Колинда Грабар-Китарович				2015-02-19	
хорватия	Q224	Хорватия	P6	глава правительства	Тихомир Орешкович				2016-01-22	2016-10-19
хорватия	Q224	Хорватия	P6	глава правительства	Зоран Миланович				2011-12-23	2016-01-22
хорватия	Q224	Хорватия	P6	глава правительства	Степан Месич				1990-05-30	1990-08-24
хорватия	Q224	Хорватия	P6	глава правительства	Пленкович, Андрей				2016-10-19	
хорватия	Q224	Хорватия	P530	дипломатические отношения	Украина				1992-02-18	
хорватия	Q224	Хорватия	P530	дипломатические отношения	Германия				1992-01-15	
хорватия	Q224	Хорватия	P41	изображение флага	http://commons.wikimedia.org/wiki/Special:FilePath/Flag%20of%20Croatia.svg				1990-12-21	
хорватия	Q224	Хорватия	P463	участник организации или клуба	Международная финансовая корпорация				1993-02-25	
хорватия	Q224	Хорватия	P463	участник организации или клуба	Международный союз электросвязи				1992-06-03	
хорватия	Q224	Хорватия	P463	участник организации или клуба	Международная ассоциация развития				1993-02-25	
хорватия	Q224	Хорватия	P463	участник организации или клуба	Организация Североатлантического договора				2009-04-01	
хорватия	Q224	Хорватия	P463	участник организации или клуба	Организация Объединённых Наций				1992-05-22	
хорватия	Q224	Хорватия	P463	участник организации или клуба	Организация по безопасности и сотрудничеству в Европе				1992-03-24	
хорватия	Q224	Хорватия	P463	участник организации или клуба	Европейский союз				2013-07-01	
хорватия	Q224	Хорватия	P463	участник организации или клуба	Многостороннее агентство по гарантиям инвестиций				1993-03-19	
хорватия	Q224	Хорватия	P463	участник организации или клуба	ЮНЕСКО				1992-06-01	
хорватия	Q224	Хорватия	P463	участник организации или клуба	Международный банк реконструкции и развития				1993-02-25	
хорватия	Q224	Хорватия	P463	участник организации или клуба	Евроконтроль				1997-01-01	
хорватия	Q224	Хорватия	P463	участник организации или клуба	Международный центр по урегулированию инвестиционных споров				1998-10-22	
хорватия	Q224	Хорватия	P463	участник организации или клуба	Австралийская группа				2007-01-01	
хойт	Q1156960	Хойт	P569	дата рождения			1940-06-01			
хлор	Q688	хлор	P575	дата открытия			1774-01-01			
хуан	Q2601094	Хуан	P580	дата начала			2003-09-24			
хуан	Q2601094	Хуан	P582	дата окончания			2003-09-29			
хуан	Q313857	Хуан, граф Барселонский	P569	дата рождения			1913-06-20			
хуан	Q313857	Хуан, граф Барселонский	P570	дата смерти			1993-04-01			
харра	Q4496050	Харр, Джонатан	P569	дата рождения			1948-01-01			
ходжала	Q2526720	Степанакертский аэропорт	P571	дата основания / создания / возникновения			1974-01-01			
ходжала	Q2526720	Степанакертский аэропорт	P1619	дата официального открытия			1974-01-01			
ходжала	Q2526720	Степанакертский аэропорт	P576	дата прекращения существования			1991-01-01			
хакодат	Q1151274	Хакодате	P571	дата основания / создания / возникновения			1902-12-10			
хакодат	Q1151274	Хакодате	P1619	дата официального открытия			1902-12-10			
хакодат	Q1155685	Хакодате	P571	дата основания / создания / возникновения			1961-01-01			
хакодат	Q1155685	Хакодате	P1619	дата официального открытия			1961-01-01			
хрюкин	Q1966944	Тимофей Тимофеевич Хрюкин	P410	воинское звание	генерал-лейтенант авиации				1943-03-17	
хрюкин	Q1966944	Тимофей Тимофеевич Хрюкин	P410	воинское звание	капитан				1937-01-01	
хрюкин	Q1966944	Тимофей Тимофеевич Хрюкин	P410	воинское звание	старший лейтенант				1937-01-01	
хрюкин	Q1966944	Тимофей Тимофеевич Хрюкин	P410	воинское звание	генерал-полковник авиации				1944-05-11	
хрюкин	Q1966944	Тимофей Тимофеевич Хрюкин	P410	воинское звание	генерал-майор авиации				1940-06-04	
хрюкин	Q1966944	Тимофей Тимофеевич Хрюкин	P410	воинское звание	комбриг				1940-05-04	
хрюкин	Q1966944	Тимофей Тимофеевич Хрюкин	P410	воинское звание	лейтенант				1935-01-01	
хрюкин	Q1966944	Тимофей Тимофеевич Хрюкин	P410	воинское звание	полковник				1938-09-26	
хрюкин	Q1966944	Тимофей Тимофеевич Хрюкин	P69	учебное заведение	Ворошиловградская военная школа лётчиков				1932-01-01	1933-01-01
хивинец	Q491106	Хивинское ханство	P571	дата основания / создания / возникновения			1511-01-01			
хивинец	Q491106	Хивинское ханство	P576	дата прекращения существования			1920-01-01			
хантингтон	Q241808	Хантингтон	P571	дата основания / создания / возникновения			1870-01-01			
хантингтон	Q494077	Хантингтон	P571	дата основания / создания / возникновения			1787-09-20			
хантингтон	Q507472	Хантингтон	P571	дата основания / создания / возникновения			1832-02-02			
хантингтон	Q79619	Хантингтон	P571	дата основания / создания / возникновения			1888-01-01			
хантингтон	Q999123	Хантингтон	P571	дата основания / создания / возникновения			1653-01-01			
хантингтон	Q999123	Хантингтон	P1249	первое письменное упоминание			1653-01-01			
хотчино	Q7436	Гатчина	P131	административно-территориальная единица	Гатчинское городское поселение				2006-01-01	
хотчино	Q7436	Гатчина	P131	административно-территориальная единица	Царскосельский уезд				1780-01-01	1922-08-12
хотчино	Q7436	Гатчина	P131	административно-территориальная единица	Ленинградская область				1938-11-01	1941-01-01
хотчино	Q7436	Гатчина	P131	административно-территориальная единица	Троцкий уезд				1922-08-12	1927-08-01
хотчино	Q7436	Гатчина	P131	административно-территориальная единица	Гатчинский район				1927-08-01	1938-10-01
хотчино	Q7436	Гатчина	P131	административно-территориальная единица	Ленинградская область				1944-01-26	2005-12-31
хдс	Q1083976	Христианско-демократический союз	P571	дата основания / создания / возникновения			1997-01-01			
хдс	Q49762	Христианско-демократический союз Германии	P571	дата основания / создания / возникновения			1945-06-26			
хольгер	Q1618225	Хольгер, Хильда	P569	дата рождения			1905-10-18			
хольгер	Q1618225	Хольгер, Хильда	P570	дата смерти			2001-09-24			
хань	Q7209	Империя Хань	P571	дата основания / создания / возникновения			-0205-01-01			
хань	Q7209	Империя Хань	P576	дата прекращения существования			0220-01-01			
хуторок	Q24728082	Хуторки	P131	административно-территориальная единица	Шульгин-Логский сельсовет				2003-01-01	
хиросима	Q11276735	Хиросима	P577	дата публикации			1953-01-01			
хиросима	Q1141203	Хиросима	P571	дата основания / создания / возникновения			1601-01-01			
хиросима	Q1141203	Хиросима	P576	дата прекращения существования			1871-01-01			
хиросима	Q148410	(2247) Хиросима	P575	дата открытия			1960-09-24			
хиросима	Q43377067	Хиросима	P571	дата основания / создания / возникновения			1957-01-01			
хиросима	Q82240	Хиросима	P571	дата основания / создания / возникновения			1993-01-01			
хиросима	Q82240	Хиросима	P1619	дата официального открытия			1993-01-01			
хиросима	Q34664	Хиросима	P571	дата основания / создания / возникновения			1589-01-01			
хартфорд	Q1587168	Хартфорд	P571	дата основания / создания / возникновения			1761-07-04			
ханой	Q1858	Ханой	P6	глава правительства	Нгуен Дук Тунг				2015-12-04	
ханой	Q1858	Ханой	P1376	является столицей	Французский Индокитай				1902-01-01	1954-01-01
ханой	Q1858	Ханой	P1376	является столицей	Вьетнамская империя				1945-03-11	1945-08-23
ханой	Q1858	Ханой	P1376	является столицей	Демократическая Республика Вьетнам				1945-09-02	1976-07-02
ход	Q999937	Ходов	P31	это частный случай понятия	Q7841907				1990-11-24	
ходоров	Q4498778	Ходоров	P571	дата основания / создания / возникновения			1536-01-01			
ходоров	Q997404	Ходоров	P571	дата основания / создания / возникновения			1394-01-01			
христич	Q929236	Христич, Дмитрий Анатольевич	P569	дата рождения			1969-07-23			
хит	Q1008645	Хит	P571	дата основания / создания / возникновения			1952-01-01			
хит	Q2557377	Хит	P571	дата основания / создания / возникновения			1765-01-01			
хит	Q30897350	ХИТ	P571	дата основания / создания / возникновения			2005-01-01			
хайфа	Q41621	Хайфа	P6	глава правительства	Эйнат Калиш-Ротем				2018-11-20	
хайфа	Q41621	Хайфа	P6	глава правительства	Мицна, Амрам				1993-01-01	2003-01-01
хайфа	Q41621	Хайфа	P6	глава правительства	Giora Fisher				2003-01-01	2003-01-01
хайфа	Q41621	Хайфа	P6	глава правительства	Яхав, Йона				2003-10-29	2018-11-20
хайфа	Q41621	Хайфа	P17	государство	Израиль				1948-05-14	
хайфа	Q41621	Хайфа	P17	государство	Османская империя				1516-01-01	1917-12-01
хайфа	Q41621	Хайфа	P17	государство	Подмандатная Палестина				1917-12-01	1948-05-13
хвойный	Q3373188	Хвойная	P571	дата основания / создания / возникновения			1927-01-01			
хвойный	Q4496899	Хвойный	P571	дата основания / создания / возникновения			1951-01-01			
хотин	Q45883	Хотин	P131	административно-территориальная единица	Хотинский уезд				1812-01-01	1918-01-01
хотин	Q45883	Хотин	P131	административно-территориальная единица	Хотинский район				1940-01-01	
хотин	Q45883	Хотин	P17	государство	Российская империя				1812-01-01	1918-01-01
хотин	Q45883	Хотин	P17	государство	Королевство Румыния				1918-01-01	1940-01-01
хотин	Q45883	Хотин	P17	государство	Украина				1991-01-01	
харрод	Q554317	Харрод, Рой	P569	дата рождения			1900-02-13			
харрод	Q554317	Харрод, Рой	P570	дата смерти			1978-03-08			
хопкинс	Q112115	Хопкинс	P571	дата основания / создания / возникновения			1849-01-01			
хопкинс	Q1992894	Хопкинс	P571	дата основания / создания / возникновения			1852-01-01			
хопкинс	Q501092	Хопкинс	P571	дата основания / создания / возникновения			1806-12-09			
хамидие	Q1193382	Хамидие	P793	ключевое событие	закладка судна			1902-04-01		
хамидие	Q1193382	Хамидие	P793	ключевое событие	спуск судна на воду			1903-09-25		
халид	Q28816483	Халид	P569	дата рождения			1998-02-11			
халид	Q28816483	Халид	P2031	начало периода активности			2016-01-01			
хеопс	Q161904	Хеопс	P569	дата рождения			-2700-01-01			
хеопс	Q161904	Хеопс	P570	дата смерти			-2569-01-01			
хеопс	Q376628	Хеопс	P619	дата запуска космического корабля			2019-01-01			
хеопс	Q376628	Хеопс	P729	дата принятия в эксплуатацию			2019-01-01			
хунань	Q149619	(2592) Хунань	P575	дата открытия			1966-01-30			
харроу	Q210476	Харроу	P571	дата основания / создания / возникновения			1965-04-01			
хасимото	Q842098	Хасимото	P571	дата основания / создания / возникновения			1955-01-01			
хромченко	Q742034	(5955) Хромченко	P575	дата открытия			1987-09-02			
хитрово	Q550841	Хитрово	P131	административно-территориальная единица	Богдановщинское сельское поселение				2004-12-02	
художник	Q21661106	Художник	P577	дата публикации			2011-01-01			
хийумаа	Q31277892	Хийумаа	P131	административно-территориальная единица	Хийумаа				2017-01-01	
хийумаа	Q146530	Хийумаа	P131	административно-территориальная единица	Хийумаа				2017-01-01	
хортон	Q630032	Хортон	P577	дата публикации			2008-01-01			
хортон	Q630032	Хортон	P577	дата публикации			2008-03-13			
харитоновый	Q15364613	Харитоново	P131	административно-территориальная единица	Папуловское сельское поселение				2006-01-01	
хуб	Q57579	Хубе, Ганс-Валентин	P569	дата рождения			1890-10-29			
хуб	Q57579	Хубе, Ганс-Валентин	P2031	начало периода активности			1909-01-01			
хуб	Q57579	Хубе, Ганс-Валентин	P570	дата смерти			1944-04-21			
хель	Q158197	(949) Хель	P575	дата открытия			1921-03-11			
халед	Q312609	Халед	P569	дата рождения			1960-02-29			
халед	Q312609	Халед	P2031	начало периода активности			1970-01-01			
хабар	Q4056875	Телеканал Хабар	P571	дата основания / создания / возникновения			1995-10-23			
хабар	Q4355380	Хабар	P571	дата основания / создания / возникновения			1927-01-01			
хабар	Q4494368	Хабары	P571	дата основания / создания / возникновения			1743-01-01			
халиско	Q1346716	Халиско	P1619	дата официального открытия			1960-01-01			
халиско	Q13160	Халиско	P571	дата основания / создания / возникновения			1823-01-01			
хатаевич	Q4496515	Хатаевич, Мендель Маркович	P569	дата рождения			1893-03-22			
хатаевич	Q4496515	Хатаевич, Мендель Маркович	P570	дата смерти			1937-10-30			
харапп	Q185562	Хараппа	P1435	статус наследия	объект из предварительного списка Всемирного наследия				2004-01-30	
харара	Q190184	Харэр	P1435	статус наследия	всемирное наследие				2006-01-01	
хауэлл	Q2678621	Хауэлл	P571	дата основания / создания / возникновения			1801-02-23			
хауэлл	Q484607	Хауэлл	P571	дата основания / создания / возникновения			1857-03-02			
хаир	Q4494679	Хаиров, Руслан Сабирович	P569	дата рождения			1976-01-07			
херей	Q493932	Херёй	P6	глава правительства	Arnt Frode Jensen				2003-01-01	
хорава	Q2024875	Хорава, Акакий Алексеевич	P106	род занятий	киноактёр				1924-01-01	
хлебный	Q4498064	Хлебное	P571	дата основания / создания / возникновения			1806-01-01			
хлебный	Q4498069	Хлебное	P571	дата основания / создания / возникновения			1869-01-01			
хан	Q21029104	Хан	P577	дата публикации			2006-01-01			
хохловка	Q4500544	Хохловка	P571	дата основания / создания / возникновения			1969-01-01			
хохловка	Q4500544	Хохловка	P577	дата публикации			1980-09-17			
хохловка	Q550812	Хохловка	P131	административно-территориальная единица	Богдановщинское сельское поселение				2004-12-02	
хавский	Q4494461	Хавский, Пётр Васильевич	P569	дата рождения			1771-06-15			
хавский	Q4494461	Хавский, Пётр Васильевич	P570	дата смерти			1876-02-03			
хондемир	Q2977486	Хондемир	P569	дата рождения			1475-01-01			
хондемир	Q2977486	Хондемир	P570	дата смерти			1534-01-01			
халка	Q62786	Халк	P54	член спортивной команды	сборная Бразилии по футболу				2009-01-01	
халка	Q62786	Халк	P54	член спортивной команды	Зенит				2012-01-01	2016-01-01
халка	Q62786	Халк	P54	член спортивной команды	Витория				2004-01-01	2004-01-01
халка	Q62786	Халк	P54	член спортивной команды	Кавасаки Фронтале				2005-01-01	2008-01-01
халка	Q62786	Халк	P54	член спортивной команды	Порту				2008-01-01	2012-01-01
халка	Q62786	Халк	P54	член спортивной команды	Токио Верди				2008-01-01	2008-01-01
халка	Q62786	Халк	P54	член спортивной команды	Витория				2005-01-01	2005-01-01
халка	Q62786	Халк	P54	член спортивной команды	олимпийская сборная Бразилии по футболу				2012-01-01	2012-01-01
халка	Q62786	Халк	P54	член спортивной команды	олимпийская сборная Бразилии по футболу				2012-01-01	2012-01-01
халка	Q62786	Халк	P54	член спортивной команды	Токио Верди				2007-01-01	2007-01-01
халка	Q62786	Халк	P54	член спортивной команды	Консадоле Саппоро				2006-01-01	2006-01-01
хорошево	Q23673563	Хорошёво	P571	дата основания / создания / возникновения			2016-09-01			
хорошево	Q23673563	Хорошёво	P1619	дата официального открытия			2016-09-10			
хризостом	Q11690360	Хризостом	P569	дата рождения			1933-01-13			
хризостом	Q11690360	Хризостом	P570	дата смерти			2004-09-11			
хризостом	Q12298176	Хризостом	P569	дата рождения			1905-01-01			
хризостом	Q12298176	Хризостом	P570	дата смерти			1975-07-23			
хризостом	Q14912096	Хризостом	P569	дата рождения			1939-05-03			
хризостом	Q16335643	Хризостом	P569	дата рождения			1929-01-01			
хризостом	Q16335643	Хризостом	P570	дата смерти			2010-10-05			
хризостом	Q16714758	Хризостом	P569	дата рождения			1870-11-25			
хризостом	Q16714758	Хризостом	P570	дата смерти			1955-09-07			
хризостом	Q16714760	Хризостом	P569	дата рождения			1952-01-01			
хризостом	Q18279666	Хризостом	P569	дата рождения			1941-01-01			
хризостом	Q19915660	Хризостом (Карагунис)	P569	дата рождения			1960-01-01			
хлопков	Q4498157	Хлопков	P571	дата основания / создания / возникновения			1400-01-01			
хилково	Q18805569	Хилково	P131	административно-территориальная единица	Бежаницкое сельское поселение				2015-03-30	
хонда	Q2031858	Хонда	P571	дата основания / создания / возникновения			1971-01-01			
хонда	Q748259	(3904) Хонда	P575	дата открытия			1988-02-22			
хонда	Q932513	Хонда	P571	дата основания / создания / возникновения			1539-09-03			
хейр	Q1252927	Хёйре	P571	дата основания / создания / возникновения			1881-01-01			
хейр	Q1252927	Хёйре	P576	дата прекращения существования			1915-01-01			
хейр	Q130906	Хейр, Тракстон	P569	дата рождения			1878-10-12			
хейр	Q130906	Хейр, Тракстон	P570	дата смерти			1956-02-02			
хейр	Q586364	Консервативная партия	P571	дата основания / создания / возникновения			1884-08-25			
хоруженко	Q4500217	Хоруженко, Никифор Гордеевич	P569	дата рождения			1896-06-15			
хоруженко	Q4500217	Хоруженко, Никифор Гордеевич	P570	дата смерти			1966-12-01			
хрун	Q455669	Евгений Васильевич Хрунов	P512	учёная степень	кандидат технических наук			1971-12-24		
хисар	Q1772825	Хисар	P571	дата основания / создания / возникновения			1833-01-01			
хитрый	Q109025	Хитра	P131	административно-территориальная единица	Трёнделаг				2018-01-01	
хитрый	Q109025	Хитра	P6	глава правительства	Уле Хауген				2007-01-01	
хитрый	Q109025	Хитра	P36	столица	Melandsjøen				1838-01-01	1963-12-31
хитрый	Q109025	Хитра	P36	столица	Fillan				1964-01-01	
хаменей	Q57336	Али Хаменеи	P39	занимаемая должность	президент Ирана				1981-10-13	1989-08-03
хаменей	Q57336	Али Хаменеи	P39	занимаемая должность	депутат Исламского консультативного совета				1980-05-28	1981-10-13
хаменей	Q57336	Али Хаменеи	P39	занимаемая должность	Высший руководитель Ирана				1989-06-04	
хютте	Q16106	Айзенхюттенштадт	P571	дата основания / создания / возникновения			1950-01-01			
хомейня	Q38823	Рухолла Мусави Хомейни	P39	занимаемая должность	Высший руководитель Ирана				1979-12-03	1989-06-03
хлыстовщина	Q1075460	Хлысты	P571	дата основания / создания / возникновения			1700-01-01			
хлыстовщина	Q1075460	Хлысты	P576	дата прекращения существования			2000-01-01			
хам	Q15727148	Хам	P571	дата основания / создания / возникновения			1888-01-01			
хам	Q15727148	Хам	P577	дата публикации			1888-01-01			
хорошевский	Q2366712	Хорошёвский район	P131	административно-территориальная единица	Северный административный округ				1991-07-10	
хорошевский	Q2366712	Хорошёвский район	P138	названо в честь	Климент Ефремович Ворошилов				1970-01-01	1990-03-01
хак	Q1023675	Хака	P571	дата основания / создания / возникновения			1972-01-01			
хак	Q63439	Хаке, Александр	P569	дата рождения			1965-10-11			
хак	Q63439	Хаке, Александр	P2031	начало периода активности			1980-01-01			
хак	Q275138	Хака	P286	тренер	Тайнио, Тему				2019-01-01	
хак	Q275138	Хака	P286	тренер	Harri Kampman				2013-01-01	2013-06-23
хабаровск	Q4454	Хабаровск	P166	полученные награды	орден Октябрьской Революции			1971-01-14		
хаберлер	Q89408	Хаберлер, Готтфрид фон	P569	дата рождения			1900-07-20			
хаберлер	Q89408	Хаберлер, Готтфрид фон	P570	дата смерти			1995-05-06			
хив	Q486195	Хива	P571	дата основания / создания / возникновения			-0501-01-01			
хив	Q5426198	Хива	P571	дата основания / создания / возникновения			1977-01-01			
холстомер	Q649889	Холстомер	P571	дата основания / создания / возникновения			1886-01-01			
холстомер	Q649889	Холстомер	P577	дата публикации			1886-01-01			
хрипков	Q4501396	Хрипкова	P131	административно-территориальная единица	Веребское сельское поселение				2005-01-01	
хаин	Q1366513	Виктор Ефимович Хаин	P569	дата рождения			1914-02-26			
хаин	Q1366513	Виктор Ефимович Хаин	P570	дата смерти			2009-12-24			
хлорофилл	Q43177	Хлорофилл	P575	дата открытия			1817-01-01			
хороший	Q4500133	Хорошее	P131	административно-территориальная единица	Славяносербский район				1923-01-01	
хороший	Q4500134	Хорошее	P131	административно-территориальная единица	Петропавловский район				1923-03-07	
холмщин	Q2656845	Холмщина	P571	дата основания / создания / возникновения			1387-01-01			
холмщин	Q2656845	Холмщина	P576	дата прекращения существования			1772-01-01			
хулага	Q177320	Хулагу	P569	дата рождения			1217-01-01			
хулага	Q177320	Хулагу	P570	дата смерти			1265-02-15			
холодный	Q4499327	Холодное	P576	дата прекращения существования			2004-01-01			
холодный	Q25393953	Холодная	P1619	дата официального открытия			1989-01-01			
хорст	Q685388	Хорст	P1249	первое письменное упоминание			1323-01-01			
хиндемит	Q57244	Пауль Хиндемит	P166	полученные награды	почетный доктор Франкфуртского университета им. И. В. Гёте			1948-01-01		
хиндемит	Q57244	Пауль Хиндемит	P166	полученные награды	почётный доктор Свободного университета Берлина			1950-01-01		
хиндемит	Q57244	Пауль Хиндемит	P166	полученные награды	Гамбургская премия имени Баха			1951-01-01		
хиндемит	Q57244	Пауль Хиндемит	P166	полученные награды	почётный доктор Оксфордского университета			1954-01-01		
хиндемит	Q57244	Пауль Хиндемит	P166	полученные награды	премия Сибелиуса			1955-01-01		
хиндемит	Q57244	Пауль Хиндемит	P166	полученные награды	медаль Гёте города Франкфурта-на-Майне			1955-01-01		
хиндемит	Q57244	Пауль Хиндемит	P166	полученные награды	премия Бальцана			1962-01-01		
хиндемит	Q57244	Пауль Хиндемит	P166	полученные награды	Берлинская художественная премия			1963-01-01		
хованщина	Q917711	Хованщина	P840	история происходит в месте	Москва				1682-01-01	1689-01-01
хаймович	Q2061599	Хаймович, Зеэв	P54	член спортивной команды	Маккаби				2015-01-01	
хаймович	Q2061599	Хаймович, Зеэв	P54	член спортивной команды	Бейтар				2014-01-01	2015-01-01
хаймович	Q2061599	Хаймович, Зеэв	P54	член спортивной команды	молодёжная сборная Израиля по футболу				2004-01-01	2005-01-01
хаймович	Q2061599	Хаймович, Зеэв	P54	член спортивной команды	Хапоэль				2001-01-01	2004-01-01
хаймович	Q2061599	Хаймович, Зеэв	P54	член спортивной команды	юношеская сборная Израиля по футболу				2001-01-01	2001-01-01
хаймович	Q2061599	Хаймович, Зеэв	P54	член спортивной команды	Хапоэль				2004-01-01	2007-01-01
хаймович	Q2061599	Хаймович, Зеэв	P54	член спортивной команды	Ахмат				2009-01-01	2012-01-01
хаймович	Q2061599	Хаймович, Зеэв	P54	член спортивной команды	сборная Израиля по футболу				2007-01-01	2007-01-01
хаймович	Q2061599	Хаймович, Зеэв	P54	член спортивной команды	Маккаби				2008-01-01	2009-01-01
хаймович	Q2061599	Хаймович, Зеэв	P54	член спортивной команды	Хапоэль				2012-01-01	2014-01-01
хаймович	Q2061599	Хаймович, Зеэв	P54	член спортивной команды	Хапоэль				2013-01-01	2013-01-01
хаймович	Q2061599	Хаймович, Зеэв	P54	член спортивной команды	Israel national under-17 football team				1998-01-01	2000-01-01
хаймович	Q2061599	Хаймович, Зеэв	P54	член спортивной команды	Бней Иегуда				2007-01-01	2008-01-01
хойл	Q183397	Фред Хойл	P463	участник организации или клуба	Национальная академия наук США				1969-01-01	
хэмингуэй	Q23434	Эрнест Хемингуэй	P793	ключевое событие	Сожжение книг в нацистской Германии			1933-01-01		
хэмингуэй	Q23434	Эрнест Хемингуэй	P1411	номинирован на	Нобелевская премия по литературе			1947-01-01		
хэмингуэй	Q23434	Эрнест Хемингуэй	P1411	номинирован на	Нобелевская премия по литературе			1950-01-01		
хэмингуэй	Q23434	Эрнест Хемингуэй	P1411	номинирован на	Нобелевская премия по литературе			1953-01-01		
хэмингуэй	Q23434	Эрнест Хемингуэй	P1411	номинирован на	Нобелевская премия по литературе			1954-01-01		
хэмингуэй	Q23434	Эрнест Хемингуэй	P166	полученные награды	Бронзовая звезда			1947-01-01		
хэмингуэй	Q23434	Эрнест Хемингуэй	P166	полученные награды	Пулицеровская премия за художественную книгу			1953-01-01		
хэмингуэй	Q23434	Эрнест Хемингуэй	P166	полученные награды	Нобелевская премия по литературе			1954-01-01		
ханка	Q201843	Ханка	P1435	статус наследия	Ramsar site				1974-10-12	
хогарт	Q171344	Уильям Хогарт	P937	место активности	Лондон				1712-01-01	1764-01-01
хуши	Q390162	Хуши	P6	глава правительства	Ioan Ciupilan				2008-01-01	
херут	Q1070487	Херут	P571	дата основания / создания / возникновения			1948-06-15			
херут	Q1070487	Херут	P576	дата прекращения существования			1988-01-01			
харлем	Q9920	Харлем	P131	административно-территориальная единица	Голландия				1101-01-01	1795-01-01
харлем	Q9920	Харлем	P6	глава правительства	Bernt Schneiders				2006-07-04	2016-09-02
харлем	Q9920	Харлем	P6	глава правительства	Jos Wienen				2016-09-21	
харлем	Q854141	Харлем	P31	это частный случай понятия	футбольный клуб				1889-10-01	2010-01-25
харлем	Q9920	Харлем	P31	это частный случай понятия	община Нидерландов				1812-01-01	
хуторянин	Q21645208	Хуторянин	P571	дата основания / создания / возникновения			1896-01-01			
хуторянин	Q21645208	Хуторянин	P576	дата прекращения существования			1917-01-01			
ханский	Q1970590	Ханская	P571	дата основания / создания / возникновения			1862-01-01			
хигерович	Q4497466	Рафаил Исаевич Хигерович	P569	дата рождения			1911-07-19			
хигерович	Q4497466	Рафаил Исаевич Хигерович	P570	дата смерти			1994-04-23			
хайлар	Q986724	Хайлар	P131	административно-территориальная единица	Хулун-Буир				1954-05-01	
хайлар	Q986724	Хайлар	P131	административно-территориальная единица	Особый район Восточных провинций				1923-01-01	1935-03-22
хайлар	Q986724	Хайлар	P131	административно-территориальная единица	Маньчжурия под оккупацией СССР				1945-09-03	1946-01-18
хайлар	Q986724	Хайлар	P131	административно-территориальная единица	Хулунбуир (1948-1949)				1948-01-15	1949-04-10
хайлар	Q986724	Хайлар	P131	административно-территориальная единица	Народное автономное правительство Восточной Монголии				1946-01-19	1946-05-27
хайлар	Q986724	Хайлар	P131	административно-территориальная единица	Синъань (1946-1947)				1946-05-28	1947-04-22
хайлар	Q986724	Хайлар	P131	административно-территориальная единица	Хэйлунцзян				1912-01-01	1922-12-31
хайлар	Q986724	Хайлар	P131	административно-территориальная единица	Хулунбуир-Навэньмужэнь				1949-04-11	1953-01-31
хайлар	Q986724	Хайлар	P131	административно-территориальная единица	Северо-Маньчжурский особый район				1935-03-23	1935-12-31
хайлар	Q986724	Хайлар	P131	административно-территориальная единица	Автономное правительство Внутренней Монголии				1947-04-23	1948-01-14
хайлар	Q986724	Хайлар	P131	административно-территориальная единица	Администрация Восточной части Внутренней Монголии				1953-02-01	1954-04-30
хайлар	Q986724	Хайлар	P131	административно-территориальная единица	Объединённая Синъань				1936-01-01	1945-09-02
хрисипп	Q211411	Хрисипп	P39	занимаемая должность	scholarch of the Stoic school				-0229-01-01	-0205-01-01
христианский	Q5043	христианство	P571	дата основания / создания / возникновения			0050-01-01			
хагенау	Q22730	Агно	P131	административно-территориальная единица	Декаполис				1354-01-01	1790-01-01
хасбулатов	Q537251	Руслан Имранович Хасбулатов	P569	дата рождения			1942-11-22			
хасан	Q1010163	Хасан	P571	дата основания / создания / возникновения			1959-01-01			
хасан	Q182914	Хасан ибн Али	P569	дата рождения			0624-03-01			
хасан	Q182914	Хасан ибн Али	P570	дата смерти			0669-01-01			
хусейн	Q146906	Хусейн ибн Талал	P39	занимаемая должность	король Иордании				1952-08-11	1999-02-07
ходосовка	Q4498800	Ходосовка	P571	дата основания / создания / возникновения			1546-01-01			
хулиган	Q1796783	Хулиган	P577	дата публикации			2007-01-01			
хохол	Q4500561	Хохлы	P131	административно-территориальная единица	Кляриновское сельское поселение				2004-12-02	
хмельницкая	Q4498461	Хмельницкая	P131	административно-территориальная единица	Калининский район				1924-07-19	
хомутово	Q766117	Аэропорт Южно-Сахалинск имени Антона Чехова	P1619	дата официального открытия			1945-01-01			
художество	Q3548436	Художество	P577	дата публикации			1886-01-01			
хвостовый	Q19888595	Хвостово	P131	административно-территориальная единица	Андреапольское сельское поселение				2005-01-01	
хэмптон	Q1003851	Хэмптон	P571	дата основания / создания / возникновения			1925-01-01			
хэмптон	Q342043	Хамптон	P571	дата основания / создания / возникновения			1610-01-01			
хэмптон	Q497880	Хэмптон	P571	дата основания / создания / возникновения			1878-01-01			
харджиев	Q4495789	Харджиев, Николай Иванович	P569	дата рождения			1903-06-26			
харджиев	Q4495789	Харджиев, Николай Иванович	P570	дата смерти			1996-06-10			
