Unigram	#Q	Subject	#P	Predicate	Object	Organization	Just Date	Time Point	Start Time	End Time
йосемитский	Q180402	Йосемити	P571	дата основания / создания / возникновения			1890-10-01			
йери	Q19940498	Йери	P463	участник организации или клуба	Red Velvet				2015-03-17	
йенчепинг	Q10484301	Йёнчёпинг	P131	административно-территориальная единица	Энчёпинг				1971-01-01	
йенчепинг	Q103672	Йёнчёпинг	P6	глава правительства	Håkan Sörman				2016-10-01	2017-09-30
йенчепинг	Q103672	Йёнчёпинг	P6	глава правительства	Anneli Wirtén				2017-10-01	2018-01-01
йенчепинг	Q103672	Йёнчёпинг	P6	глава правительства	Helena Jonsson				2018-01-15	
йенчепинг	Q504689	Йёнчёпинг	P6	глава правительства	Ann-Mari Nilsson				2014-01-01	
йена	Q1787356	Йена-Ланд	P131	административно-территориальная единица	Тюрингия				1990-10-03	1994-07-01
йена	Q1787356	Йена-Ланд	P131	административно-территориальная единица	Тюрингия				1950-07-01	1952-07-25
йена	Q1787356	Йена-Ланд	P131	административно-территориальная единица	Гера				1952-07-25	1990-10-03
йосу	Q42125	Йосу	P571	дата основания / создания / возникновения			0940-01-01			
йунус	Q2468262	Иона	P569	дата рождения			-0850-01-01			
йунус	Q2468262	Иона	P1317	годы деятельности			-0800-01-01			
йонг	Q1005607	Янг	P571	дата основания / создания / возникновения			1920-01-01			
йожеф	Q313359	Аттила Йожеф	P166	полученные награды	премия Баумгартена			1938-01-01		
йожеф	Q313359	Аттила Йожеф	P166	полученные награды	премия имени Кошута			1948-01-01		
йожеф	Q313359	Аттила Йожеф	P166	полученные награды	премия «Наследие Венгрии»			2001-01-01		
йокохама	Q38283	Иокогама	P6	глава правительства	Хаяси, Фумико				2009-08-30	
йеркс	Q1066292	Йеркс, Чарлз Тайсон	P569	дата рождения			1837-06-25			
йеркс	Q1066292	Йеркс, Чарлз Тайсон	P570	дата смерти			1905-12-29			
йеркс	Q158494	(990) Йеркс	P575	дата открытия			1922-11-23			
йитс	Q1929926	Йитс, Майкл	P39	занимаемая должность	член Сената Ирландии				1969-11-05	1973-04-30
йитс	Q1929926	Йитс, Майкл	P39	занимаемая должность	председатель Сената Ирландии				1969-11-05	1973-01-03
йитс	Q1929926	Йитс, Майкл	P39	занимаемая должность	член Сената Ирландии				1951-07-14	1954-07-07
йитс	Q1929926	Йитс, Майкл	P39	занимаемая должность	член Сената Ирландии				1965-06-23	1969-07-24
йитс	Q1929926	Йитс, Майкл	P39	занимаемая должность	член Сената Ирландии				1973-06-01	1977-06-22
йитс	Q1929926	Йитс, Майкл	P39	занимаемая должность	член Сената Ирландии				1977-10-27	1980-03-12
йитс	Q1929926	Йитс, Майкл	P39	занимаемая должность	член Сената Ирландии				1961-12-14	1965-04-28
йитс	Q1929926	Йитс, Майкл	P39	занимаемая должность	Substitute of the Parliamentary Assembly of the Council of Europe				1953-05-07	1953-09-01
йар	Q267584	Йеменская Арабская Республика	P571	дата основания / создания / возникновения			1962-09-26			
йар	Q267584	Йеменская Арабская Республика	P576	дата прекращения существования			1990-05-22			
йель	Q49112	Йельский университет	P571	дата основания / создания / возникновения			1701-01-01			
йокаи	Q379621	Йокаи, Мор	P569	дата рождения			1825-02-18			
йокаи	Q379621	Йокаи, Мор	P570	дата смерти			1904-05-05			
йен	Q681482	Йен	P131	административно-территориальная единица	Бюже-Савуайар				2015-03-29	
йен	Q3150	Йена	P131	административно-территориальная единица	Тюрингия				1990-10-03	
йен	Q3150	Йена	P131	административно-территориальная единица	Гера				1952-07-25	1990-10-03
йен	Q3150	Йена	P131	административно-территориальная единица	Апольда				1850-01-01	1922-01-01
йен	Q3150	Йена	P131	административно-территориальная единица	Тюрингия				1920-05-01	1952-07-25
йен	Q3150	Йена	P6	глава правительства	Thomas Nitzsche				2018-07-01	
йен	Q3150	Йена	P6	глава правительства	Peter Röhlinger				1990-01-01	2006-01-01
йен	Q3150	Йена	P6	глава правительства	Albrecht Schröter				2006-01-01	2018-06-30
йен	Q3150	Йена	P17	государство	Германия				1990-10-03	
йен	Q3150	Йена	P17	государство	Саксен-Веймар-Эйзенах				1809-01-01	1866-08-18
йен	Q3150	Йена	P17	государство	Германская империя				1871-01-18	1919-11-08
йен	Q3150	Йена	P17	государство	Саксен-Веймар				1690-01-01	1809-01-01
йен	Q3150	Йена	P17	государство	Северогерманский союз				1866-08-18	1871-01-17
йен	Q3150	Йена	P17	государство	Саксен-Йена				1672-01-01	1690-01-01
йен	Q3150	Йена	P17	государство	ГДР				1949-10-07	1990-10-03
йен	Q3150	Йена	P17	государство	Саксен-Виттенберг				1296-01-01	1356-01-01
йен	Q3150	Йена	P17	государство	Веймарская республика				1919-11-09	1933-01-30
йен	Q3150	Йена	P17	государство	Саксен-Веймар				1572-01-01	1672-01-01
йен	Q3150	Йена	P17	государство	Советская зона оккупации Германии				1945-05-09	1949-10-07
йен	Q3150	Йена	P17	государство	Курфюршество Саксония				1356-01-01	1572-01-01
йен	Q3150	Йена	P17	государство	Третий рейх				1933-01-30	1945-05-08
йен	Q3150	Йена	P463	участник организации или клуба	Мэры за мир				2006-12-01	
йен	Q3150	Йена	P31	это частный случай понятия	университетский город				1558-01-01	
йосемити	Q180402	Йосемити	P1435	статус наследия	всемирное наследие				1984-01-01	
йоро	Q1123380	Йоро	P571	дата основания / создания / возникновения			1825-01-01			
йохан	Q1692193	Йохан	P569	дата рождения			1200-01-01			
йохан	Q1692193	Йохан	P570	дата смерти			1222-01-01			
йохан	Q1692201	Йохан	P569	дата рождения			1335-01-01			
йохан	Q1692201	Йохан	P570	дата смерти			1386-01-01			
йоб	Q381657	Кохен, Йоб	P39	занимаемая должность	председатель парламентской фракции				2010-06-10	2012-02-20
йоб	Q381657	Кохен, Йоб	P39	занимаемая должность	State Secretary				1993-07-02	1994-08-22
йоб	Q381657	Кохен, Йоб	P39	занимаемая должность	State Secretary				1998-08-03	2001-01-01
йоб	Q381657	Кохен, Йоб	P39	занимаемая должность	rector magnificus of Maastricht University				1995-01-01	1998-08-03
йоб	Q381657	Кохен, Йоб	P39	занимаемая должность	мэр Амстердама				2001-01-15	2010-03-12
йоб	Q381657	Кохен, Йоб	P39	занимаемая должность	rector magnificus of Maastricht University				1991-01-01	1993-07-02
йоб	Q381657	Кохен, Йоб	P39	занимаемая должность	член Сената Нидерландов				1995-06-13	1998-08-03
йоб	Q381657	Кохен, Йоб	P39	занимаемая должность	член Второй палаты Генеральных штатов Нидерландов				2010-06-17	2012-02-29
йазид	Q217442	Язид I	P569	дата рождения			0647-07-23			
йазид	Q217442	Язид I	P570	дата смерти			0683-11-14			
йоэнс	Q186237	Йоэнсуу	P571	дата основания / создания / возникновения			1848-01-01			
йевик	Q108031	Йёвик	P1365	заменил	Q11961125			1964-01-01		
йевик	Q108031	Йёвик	P1365	заменил	Snertingdal			1964-01-01		
йевик	Q108031	Йёвик	P1365	заменил	Vardal			1964-01-01		
йосипович	Q4205992	Йосиповичи	P571	дата основания / создания / возникновения			1495-01-01			
йемен	Q805	Йемен	P1365	заменил	Йеменская Арабская Республика			1990-05-22		
йемен	Q805	Йемен	P1365	заменил	Народная Демократическая Республика Йемен			1990-05-22		
йохим	Q2447601	Йохим, Джон	P569	дата рождения			1874-04-08			
йохим	Q2447601	Йохим, Джон	P570	дата смерти			1942-10-21			
йоцов	Q4206044	Йоцов, Борис Иванов	P569	дата рождения			1894-02-20			
йоцов	Q4206044	Йоцов, Борис Иванов	P569	дата рождения			1894-02-21			
йоцов	Q4206044	Йоцов, Борис Иванов	P570	дата смерти			1945-02-01			
йуи	Q988168	Йуи	P576	дата прекращения существования			2008-11-01			
йошпа	Q4312404	Найдук, Осип Михайлович	P569	дата рождения			1934-01-07			
йошпа	Q4312404	Найдук, Осип Михайлович	P570	дата смерти			2015-10-17			
йылдыз	Q911734	Йылдыз	P1435	статус наследия	объект из предварительного списка Всемирного наследия				2015-01-01	
йоганнесбург	Q705848	Йоганнесбург	P88	заказчик произведения	Johann Schweikhard von Kronberg			1604-01-01		
йорк	Q2323126	Йорк	P571	дата основания / создания / возникновения			1652-01-01			
йорк	Q489648	Йорк	P571	дата основания / создания / возникновения			1855-01-01			
йорк	Q490914	Йорк	P571	дата основания / создания / возникновения			1749-08-19			
йорк	Q506187	Йорк	P571	дата основания / создания / возникновения			1634-01-01			
йорк	Q18458	Йорк	P571	дата основания / создания / возникновения			1971-01-01			
йорк	Q42462	Йорк	P17	государство	Королевство Великобритания				1707-05-01	1800-12-31
йорк	Q42462	Йорк	P17	государство	Соединённое королевство Великобритании и Ирландии				1801-01-01	1922-12-05
йорк	Q42462	Йорк	P17	государство	Великобритания				1922-12-06	
йорк	Q520484	Йорк	P31	это частный случай понятия	район города				1998-01-01	
йот	Q2606230	Йотов, Валентин Любомиров	P569	дата рождения			1988-09-06			
йеллоунайф	Q2061	Йеллоунайф	P571	дата основания / создания / возникновения			1936-01-01			
йонд	Q8054918	Йонду	P570	дата смерти			2014-01-01			
йод	Q51730	Йода	P166	полученные награды	кинонаграда MTV за лучшую драку			2003-01-01		
йордановский	Q1363047	Йордановский, Люпчо	P569	дата рождения			1953-02-13			
йордановский	Q1363047	Йордановский, Люпчо	P570	дата смерти			2010-10-07			
йичин	Q656603	Йичин	P31	это частный случай понятия	Q7841907				1990-11-24	
йохо	Q828404	Йохо	P1435	статус наследия	часть объекта всемирного наследия				1984-01-01	
йохум	Q57419	Йохум, Ойген	P569	дата рождения			1902-11-01			
йохум	Q57419	Йохум, Ойген	P570	дата смерти			1987-03-26			
йер	Q319933	Йер	P131	административно-территориальная единица	Сена и Уаза				1790-03-04	1968-01-01
йер	Q319933	Йер	P6	глава правительства	Olivier Clodong				2017-07-02	
йоала	Q276892	Яак Йоала	P569	дата рождения			1950-06-26			
йоала	Q276892	Яак Йоала	P570	дата смерти			2014-09-25			
