Unigram	#Q	Subject	#P	Predicate	Object	Organization	Just Date	Time Point	Start Time	End Time
уба	Q468765	Убе	P571	дата основания / создания / возникновения			1921-11-01			
намя	Q137143	Намён	P1619	дата официального открытия			1974-08-15			
намя	Q134121	Намюр	P6	глава правительства	Maxime Prévot				2017-01-01	
намя	Q134121	Намюр	P17	государство	Габсбургские Нидерланды				1482-01-01	1556-01-01
намя	Q134121	Намюр	P17	государство	Бельгия				1830-10-04	
вон	Q44013	Вон	P6	глава правительства	Maurizio Bevilacqua				2010-12-01	
сечь	Q151552	(3426) Секи	P575	дата открытия			1932-02-05			
рот	Q504019	Рот	P361	часть от	Stimmkreis Roth			2018-10-14		
руб	Q34001	Рубе	P131	административно-территориальная единица	Рубе-2 (кантон)				2015-03-01	
руб	Q34001	Рубе	P131	административно-территориальная единица	Рубе-1 (кантон)				2015-03-01	
руб	Q34001	Рубе	P6	глава правительства	Marcel Guislain				1941-08-19	1941-12-01
руб	Q34001	Рубе	P6	глава правительства	Jean-Baptiste Lebas				1912-05-19	1915-03-07
руб	Q34001	Рубе	P6	глава правительства	Alphonse Verbeurgt				1942-01-21	1942-05-01
руб	Q34001	Рубе	P6	глава правительства	Pierre Prouvost				1977-03-13	1983-03-06
руб	Q34001	Рубе	P6	глава правительства	Victor Provo				1942-07-18	1977-03-13
руб	Q34001	Рубе	P6	глава правительства	Charles Bauduin				1942-05-22	1942-07-01
руб	Q34001	Рубе	P6	глава правительства	Fleuris Vanherpe				1940-06-01	1941-08-17
руб	Q34001	Рубе	P6	глава правительства	Édouard Roussel				1901-12-26	1902-01-26
руб	Q34001	Рубе	P6	глава правительства	Eugène Motte				1902-01-26	1912-05-19
руб	Q34001	Рубе	P6	глава правительства	Henri Carette				1892-05-15	1901-12-17
руб	Q34001	Рубе	P6	глава правительства	Рене Вандьеандонк				1994-05-28	2012-03-13
руб	Q34001	Рубе	P6	глава правительства	Henri Thérin				1915-03-07	1918-10-21
руб	Q34001	Рубе	P6	глава правительства	Пьер Дюбуа				2012-03-22	2014-03-30
руб	Q34001	Рубе	P6	глава правительства	Jean-Baptiste Lebas				1918-10-21	1940-06-01
руб	Q34001	Рубе	P6	глава правительства	André Diligent				1983-03-06	1994-05-18
руб	Q34001	Рубе	P6	глава правительства	Гийом Дельбар				2014-04-06	
руб	Q34001	Рубе	P1376	является столицей	Рубе-1 (кантон)				2015-03-01	
руб	Q34001	Рубе	P1376	является столицей	Рубе-2 (кантон)				2015-03-01	
июль	Q121	июль	P138	названо в честь	Гай Юлий Цезарь				-0044-01-01	
мина	Q1269184	Мина	P570	дата смерти			0552-08-27			
мина	Q13080849	Мин	P569	дата рождения			1499-01-01			
мина	Q13080849	Мин	P570	дата смерти			2006-01-01			
мина	Q705415	Минам	P571	дата основания / создания / возникновения			2001-01-01			
мина	Q705415	Минам	P571	дата основания / создания / возникновения			2005-01-01			
мина	Q705415	Минам	P1619	дата официального открытия			2005-11-28			
мина	Q9903	империя Мин	P571	дата основания / создания / возникновения			1368-01-01			
мина	Q9903	империя Мин	P576	дата прекращения существования			1644-01-01			
мина	Q9903	империя Мин	P36	столица	Интяньская управа				1424-01-01	1441-01-01
мина	Q9903	империя Мин	P36	столица	Интяньская управа				1368-01-01	1421-01-01
мина	Q9903	империя Мин	P36	столица	Шуньтяньская управа				1441-01-01	1644-01-01
мина	Q9903	империя Мин	P36	столица	Шуньтяньская управа				1421-01-01	1424-01-01
сао	Q462016	Северный административный округ	P571	дата основания / создания / возникновения			1991-07-10			
сао	Q500502	Сао	P580	дата начала			-0600-01-01			
сао	Q500502	Сао	P582	дата окончания			1600-01-01			
сао	Q19517	Сао	P575	дата открытия			2002-07-23			
рений	Q737	рений	P575	дата открытия			1925-01-01			
гей	Q136845	(1184) Гея	P575	дата открытия			1926-09-05			
октябрь	Q19193263	Октябрь	P571	дата основания / создания / возникновения			1910-01-01			
октябрь	Q3907364	Октябрь	P571	дата основания / создания / возникновения			1975-01-30			
октябрь	Q4332993	Октябрь	P571	дата основания / создания / возникновения			1949-01-01			
октябрь	Q59164375	Октябрь	P571	дата основания / создания / возникновения			1957-01-01			
октябрь	Q59164375	Октябрь	P1619	дата официального открытия			1957-12-05			
октябрь	Q59164375	Октябрь	P576	дата прекращения существования			2015-01-01			
авод	Q210703	Авода	P571	дата основания / создания / возникновения			1968-01-21			
гера	Q119300	(103) Гера	P575	дата открытия			1868-09-07			
гера	Q3750	Гера	P571	дата основания / создания / возникновения			0995-01-01			
летний	Q4260157	Летня	P571	дата основания / создания / возникновения			1300-01-01			
пепе	Q12737772	Пепе	P569	дата рождения			1979-07-20			
пепе	Q17065744	Пепе	P577	дата публикации			1960-01-01			
пепе	Q2562884	Пепе	P577	дата публикации			1960-01-01			
ого	Q259428	Судзука Ого	P569	дата рождения			1993-08-05			
реха	Q155627	(573) Реха	P575	дата открытия			1905-09-19			
ага	Q4056499	Ага	P571	дата основания / создания / возникновения			1904-01-01			
ага	Q4057004	Агой	P571	дата основания / создания / возникновения			1915-01-01			
декабрь	Q1680241	Декабрь	P571	дата основания / создания / возникновения			1989-01-01			
декабрь	Q1680241	Декабрь	P576	дата прекращения существования			2018-01-01			
летие	Q639592	Летья	P6	глава правительства	Angèle Chiappini				2014-03-29	
око	Q19195446	Очи	P571	дата основания / создания / возникновения			1830-01-01			
око	Q43305998	Ока	P571	дата основания / создания / возникновения			1890-01-01			
око	Q4332436	Ока	P571	дата основания / создания / возникновения			1923-01-01			
око	Q4332436	Ока	P576	дата прекращения существования			1997-01-01			
око	Q4332610	ОКО	P1619	дата официального открытия			2014-01-01			
око	Q4332610	ОКО	P571	дата основания / создания / возникновения			2015-01-01			
око	Q8192275	Ока	P576	дата прекращения существования			1871-01-01			
игт	Q4196595	Текстильный институт Ивановского государственного политехнического университета	P571	дата основания / создания / возникновения			1918-01-01			
ат	Q136379	(1139) Атами	P575	дата открытия			1929-12-01			
анс	Q147240	(2061) Анса	P575	дата открытия			1960-10-22			
анс	Q199881	Анс	P576	дата прекращения существования			2016-12-31			
шах	Q16018640	Шахи	P131	административно-территориальная единица	Шаховский сельсовет				2003-12-02	
шах	Q4521183	Шахи	P131	административно-территориальная единица	Дубровицкий район				1940-01-20	
гап	Q175081	Гап	P166	полученные награды	Alpine Town of the Year			2002-01-01		
март	Q19180869	Март	P571	дата основания / создания / возникновения			1904-03-01			
март	Q19180875	Март	P571	дата основания / создания / возникновения			1922-01-01			
март	Q215505	Мартов, Юлий Осипович	P569	дата рождения			1873-11-24			
март	Q215505	Мартов, Юлий Осипович	P570	дата смерти			1923-04-04			
март	Q4282465	Март	P571	дата основания / создания / возникновения			1895-01-01			
атьма	Q4072324	Атьма	P571	дата основания / создания / возникновения			1918-01-01			
атьма	Q4072324	Атьма	P1619	дата официального открытия			1918-01-01			
нго	Q703919	Династия Нго	P571	дата основания / создания / возникновения			0939-01-01			
нго	Q703919	Династия Нго	P576	дата прекращения существования			0967-01-01			
нра	Q467864	Народная Социалистическая Республика Албания	P571	дата основания / создания / возникновения			1946-01-11			
нра	Q467864	Народная Социалистическая Республика Албания	P576	дата прекращения существования			1992-03-22			
нра	Q714843	Национально-революционная армия	P571	дата основания / создания / возникновения			1924-06-16			
нра	Q714843	Национально-революционная армия	P576	дата прекращения существования			1947-12-24			
гат	Q160981	Тайха	P1249	первое письменное упоминание			1600-01-01			
гот	Q138250	(1346) Гота	P575	дата открытия			1929-02-05			
гот	Q1787302	Гота	P576	дата прекращения существования			1994-07-01			
гот	Q182823	Гота	P571	дата основания / создания / возникновения			1926-01-01			
гот	Q182823	Гота	P576	дата прекращения существования			2007-01-01			
гот	Q28154963	Готами	P577	дата публикации			1920-01-01			
апр	Q18634039	Апр	P1317	годы деятельности			0300-01-01			
апр	Q396170	Аграрная партия России	P571	дата основания / создания / возникновения			1993-01-01			
апр	Q396170	Аграрная партия России	P576	дата прекращения существования			2008-01-01			
апр	Q396170	Аграрная партия России	P571	дата основания / создания / возникновения			2012-01-01			
апр	Q855669	Американский народно-революционный альянс	P571	дата основания / создания / возникновения			1924-05-07			
тихий	Q155636	(5757) Тиха	P575	дата открытия			1967-05-06			
тихий	Q4458539	Тихое	P576	дата прекращения существования			1987-01-01			
тихий	Q749870	Тихий	P571	дата основания / создания / возникновения			1599-01-01			
тихий	Q211079	Тихая	P1619	дата официального открытия			1928-01-01			
егу	Q1377393	Европейский гуманитарный университет	P571	дата основания / создания / возникновения			1992-01-01			
егу	Q1474624	Ереванский государственный университет	P571	дата основания / создания / возникновения			1919-05-16			
асс	Q7916239	Арабский социалистический союз	P571	дата основания / создания / возникновения			1973-01-01			
асс	Q8897236	Арабский социалистический союз	P571	дата основания / создания / возникновения			1971-06-11			
асс	Q8897236	Арабский социалистический союз	P576	дата прекращения существования			1977-03-03			
асс	Q624111	Арабский социалистический союз	P571	дата основания / создания / возникновения			1962-01-01			
асс	Q624111	Арабский социалистический союз	P576	дата прекращения существования			1978-07-01			
асс	Q738399	Асса	P577	дата публикации			1987-01-01			
пора	Q1984506	Пора	P571	дата основания / создания / возникновения			2005-01-12			
пора	Q28935	Пор	P569	дата рождения			-0400-01-01			
пора	Q28935	Пор	P570	дата смерти			-0315-01-01			
пора	Q2104371	Пора!	P571	дата основания / создания / возникновения			2004-01-01			
пора	Q2104371	Пора!	P576	дата прекращения существования			2005-12-14			
наш	Q3877786	Наши	P577	дата публикации			1983-01-01			
наш	Q866632	Наши	P571	дата основания / создания / возникновения			2005-03-01			
наш	Q866632	Наши	P576	дата прекращения существования			2013-01-01			
сом	Q487888	узбекский сум	P580	дата начала			1994-07-01			
сом	Q731081	(3334) Сомов	P575	дата открытия			1981-12-20			
сор	Q2738954	Сора	P571	дата основания / создания / возникновения			1443-01-01			
сор	Q2089970	Сора	P571	дата основания / создания / возникновения			2002-01-01			
сор	Q21151	Сорё	P571	дата основания / создания / возникновения			2007-01-01			
февр	Q156999	Люсьен Февр	P166	полученные награды	кавалер ордена Почётного легиона			1924-11-07		
февр	Q156999	Люсьен Февр	P166	полученные награды	офицер ордена Почётного легиона			1936-07-31		
февр	Q156999	Люсьен Февр	P166	полученные награды	командор ордена Почётного легиона			1948-02-06		
рес	Q243474	Рес	P131	административно-территориальная единица	Рес				1816-04-23	1974-12-31
рес	Q1759911	Рес	P131	административно-территориальная единица	Административный округ Клеве				1816-04-23	1822-01-01
рес	Q1759911	Рес	P131	административно-территориальная единица	Дюссельдорф				1822-01-01	1974-12-31
рес	Q243474	Рес	P131	административно-территориальная единица	Клеве				1975-01-01	
рес	Q1759911	Рес	P36	столица	Везель				1842-05-20	
рес	Q243474	Рес	P463	участник организации или клуба	Q627637				2008-01-01	
рес	Q1759911	Рес	P31	это частный случай понятия	район Германии				1946-08-23	1974-12-31
рес	Q1759911	Рес	P31	это частный случай понятия	район в Пруссии				1816-04-23	1946-08-22
агз	Q4059230	Академия гражданской защиты МЧС России	P571	дата основания / создания / возникновения			1992-01-01			
тот	Q2534721	Тоте	P569	дата рождения			1978-11-23			
тот	Q2534721	Тоте	P2031	начало периода активности			1999-01-01			
тот	Q2534721	Тоте	P2032	окончание периода активности			2013-01-01			
лойя	Q944697	Лоха	P571	дата основания / создания / возникновения			1548-12-18			
упа	Q737212	Украинская повстанческая армия	P571	дата основания / создания / возникновения			1942-01-01			
упа	Q737212	Украинская повстанческая армия	P576	дата прекращения существования			1954-01-01			
тор	Q4461192	Тором	P571	дата основания / создания / возникновения			1932-01-01			
тор	Q33581	Славянск	P571	дата основания / создания / возникновения			1645-01-01			
тор	Q34990	Тора	P1319	не ранее			-1311-01-01			
тор	Q217020	Тор	P793	ключевое событие	съёмочный период				2010-01-11	2010-05-06
има	Q27923720	Императорский Московский университет	P1075	ректор	Алексей Васильевич Болдырев				1833-01-01	1836-01-01
има	Q27923720	Императорский Московский университет	P1075	ректор	Павел Иванович Фонвизин				1784-01-01	1796-01-01
има	Q27923720	Императорский Московский университет	P1075	ректор	Сергей Иванович Баршев				1863-01-01	1870-01-01
има	Q27923720	Императорский Московский университет	P1075	ректор	Александр Андреевич Тихомиров				1899-01-01	1904-01-01
има	Q27923720	Императорский Московский университет	P1075	ректор	Аргамаков, Алексей Михайлович				1755-01-01	1757-01-01
има	Q27923720	Императорский Московский университет	P1075	ректор	Матвей Кузьмич Любавский				1911-01-01	1917-01-01
има	Q27923720	Императорский Московский университет	P1075	ректор	Иван Андреевич Гейм				1808-01-01	1819-01-01
има	Q27923720	Императорский Московский университет	P1075	ректор	Михаил Матвеевич Херасков				1763-01-01	1770-01-01
има	Q27923720	Императорский Московский университет	P1075	ректор	Николай Павлович Боголепов				1891-01-01	1893-01-01
има	Q27923720	Императорский Московский университет	P1075	ректор	Гавриил Афанасьевич Иванов				1887-01-01	1891-01-01
има	Q27923720	Императорский Московский университет	P1075	ректор	Николай Саввич Тихонравов				1877-01-01	1883-01-01
има	Q27923720	Императорский Московский университет	P1075	ректор	Аркадий Алексеевич Альфонский				1842-01-01	1848-01-01
има	Q27923720	Императорский Московский университет	P1075	ректор	Фёдор Григорьевич Баузе				1807-01-01	1808-01-01
има	Q27923720	Императорский Московский университет	P1075	ректор	Николай Павлович Боголепов				1883-01-01	1887-01-01
има	Q27923720	Императорский Московский университет	P1075	ректор	Леонид Кузьмич Лахтин				1904-01-01	1905-01-01
има	Q27923720	Императорский Московский университет	P1075	ректор	Сергей Николаевич Трубецкой				1905-09-02	1905-09-29
има	Q27923720	Императорский Московский университет	P1075	ректор	Иван Иванович Мелиссино				1757-01-01	1763-01-01
има	Q27923720	Императорский Московский университет	P1075	ректор	Дмитрий Николаевич Зернов				1898-01-01	1899-01-01
има	Q27923720	Императорский Московский университет	P1075	ректор	Приклонский, Михаил Васильевич				1771-01-01	1784-01-01
има	Q27923720	Императорский Московский университет	P1075	ректор	Иван Алексеевич Двигубский				1826-01-01	1833-01-01
има	Q27923720	Императорский Московский университет	P1075	ректор	Иван Петрович Тургенев				1796-01-01	1803-01-01
има	Q27923720	Императорский Московский университет	P1075	ректор	Харитон Андреевич Чеботарёв				1803-01-01	1805-01-01
има	Q27923720	Императорский Московский университет	P1075	ректор	Михаил Трофимович Каченовский				1837-01-01	1842-01-01
има	Q27923720	Императорский Московский университет	P1075	ректор	Аркадий Алексеевич Альфонский				1850-01-01	1863-01-01
има	Q27923720	Императорский Московский университет	P1075	ректор	Сергей Михайлович Соловьёв				1871-01-01	1877-01-01
има	Q27923720	Императорский Московский университет	P1075	ректор	Антон Антонович Тейльс				1770-01-01	1771-01-01
има	Q27923720	Императорский Московский университет	P1075	ректор	Николай Андреевич Зверев				1898-03-22	1898-07-10
има	Q27923720	Императорский Московский университет	P1075	ректор	Павел Алексеевич Некрасов				1893-01-01	1898-01-01
има	Q27923720	Императорский Московский университет	P1075	ректор	Пётр Иванович Страхов				1805-01-01	1807-01-01
има	Q27923720	Императорский Московский университет	P1075	ректор	Прокопович-Антонский, Антон Антонович				1819-01-01	1826-01-01
има	Q27923720	Императорский Московский университет	P1075	ректор	Дмитрий Матвеевич Перевощиков				1848-01-01	1850-01-01
има	Q27923720	Императорский Московский университет	P1075	ректор	Александр Аполлонович Мануйлов				1905-01-01	1911-01-01
том	Q696401	Томе	P571	дата основания / создания / возникновения			2005-04-01			
том	Q200934	Томе	P571	дата основания / создания / возникновения			1544-01-01			
тина	Q18397706	Тина	P569	дата рождения			1982-08-16			
тина	Q18397706	Тина	P2031	начало периода активности			1999-01-01			
май	Q21103750	Май	P576	дата прекращения существования			2004-10-15			
май	Q990403	Мая	P571	дата основания / создания / возникновения			1519-01-01			
май	Q119	май	P138	названо в честь	Махтумкули				2002-08-10	2008-07-01
май	Q151662	(348) Май	P575	дата открытия			1892-11-28			
май	Q4274679	Май	P571	дата основания / создания / возникновения			1930-01-01			
дания	Q35	Дания	P166	полученные награды	Victoria Medal of Honour			1964-01-01		
дания	Q35	Дания	P166	полученные награды	Премия Конрада Дудена			1966-01-01		
дания	Q35	Дания	P166	полученные награды	премия Пауля Эрлиха и Людвига Дармштедтера			1975-01-01		
пзу	Q2415479	Партия зелёных Украины	P488	руководитель	Кононов, Виталий Николаевич				2014-01-01	
сентябрь	Q123	сентябрь	P138	названо в честь	Рухнама				2002-08-10	2008-07-01
там	Q1201902	Тама	P569	дата рождения			1999-04-29			
там	Q1201902	Тама	P570	дата смерти			2015-06-22			
там	Q1858443	Там	P577	дата публикации			2000-01-01			
там	Q1858443	Там	P580	дата начала			2005-07-27			
там	Q19223545	Там	P571	дата основания / создания / возникновения			1926-01-01			
там	Q135789	(1089) Тама	P575	дата открытия			1927-11-17			
там	Q982473	Тама	P571	дата основания / создания / возникновения			1923-04-01			
там	Q1076769	Тама	P571	дата основания / создания / возникновения			1972-04-01			
там	Q21531153	Там	P571	дата основания / создания / возникновения			1830-01-01			
нания	Q4312847	Наний, Фома Петрович	P569	дата рождения			1769-01-01			
нания	Q4312847	Наний, Фома Петрович	P570	дата смерти			1853-01-01			
пак	Q2307507	Пака	P580	дата начала			1997-11-28			
пак	Q2307507	Пака	P582	дата окончания			1997-12-23			
пак	Q15662	Пак	P575	дата открытия			1985-12-30			
нара	Q169134	Нара	P571	дата основания / создания / возникновения			1898-02-01			
нара	Q747165	(7253) Нара	P575	дата открытия			1993-02-13			
ася	Q3625043	Ася	P571	дата основания / создания / возникновения			1857-01-01			
ася	Q3625043	Ася	P577	дата публикации			1858-01-01			
ася	Q4071867	Ася	P577	дата публикации			1977-01-01			
ася	Q4071867	Ася	P577	дата публикации			1978-01-01			
ася	Q1283086	Аси	P580	дата начала			2007-10-26			
ася	Q1283086	Аси	P582	дата окончания			2009-06-19			
рап	Q7381992	Российский государственный университет правосудия	P571	дата основания / создания / возникновения			1998-01-01			
лом	Q15363599	Лома	P131	административно-территориальная единица	Ичетовкинское сельское поселение				2006-01-01	
лом	Q4266372	Ломы	P131	административно-территориальная единица	Караваевское сельское поселение				2004-12-02	
рига	Q1773	Рига	P131	административно-территориальная единица	Латвия				1991-09-06	
рига	Q18798912	Рига	P131	административно-территориальная единица	Свечинское сельское поселение				2010-12-23	
рига	Q1773	Рига	P131	административно-территориальная единица	Латвийская Советская Социалистическая Республика				1940-07-21	1941-07-01
рига	Q1773	Рига	P131	административно-территориальная единица	Рижская губерния				1713-07-17	1783-07-03
рига	Q1773	Рига	P131	административно-территориальная единица	Латвийская Советская Социалистическая Республика				1944-10-15	1991-09-06
рига	Q1773	Рига	P131	административно-территориальная единица	Задвинское герцогство				1582-01-01	1629-01-01
рига	Q1773	Рига	P131	административно-территориальная единица	Лифляндская губерния				1796-11-28	1920-08-11
рига	Q1773	Рига	P131	административно-территориальная единица	Рижское наместничество				1783-07-03	1796-11-28
рига	Q1773	Рига	P131	административно-территориальная единица	Вольный город Рига				1561-01-01	1582-01-01
рига	Q1773	Рига	P131	административно-территориальная единица	Латвия				1920-08-11	1940-07-21
рига	Q1773	Рига	P131	административно-территориальная единица	Рижское архиепископство				1186-01-01	1561-01-01
рига	Q1773	Рига	P131	административно-территориальная единица	Шведская Ливония				1629-01-01	1713-07-17
рига	Q1773	Рига	P6	глава правительства	Олег Буров				2019-08-19	
рига	Q1773	Рига	P17	государство	Латвия				1990-05-04	
рига	Q1773	Рига	P17	государство	Балтийское герцогство				1918-03-03	1918-11-17
рига	Q1773	Рига	P17	государство	Священная Римская империя				1561-01-01	1581-01-23
рига	Q1773	Рига	P17	государство	СССР				1944-10-13	1990-05-03
рига	Q1773	Рига	P17	государство	РСФСР				1917-11-07	1918-03-02
рига	Q1773	Рига	P17	государство	СССР				1940-08-05	1941-07-28
рига	Q1773	Рига	P17	государство	Латвия				1918-11-18	1940-08-04
рига	Q1773	Рига	P17	государство	Российская империя				1721-11-02	1917-03-14
рига	Q1773	Рига	P17	государство	Российская республика				1917-03-15	1917-11-06
рига	Q1773	Рига	P17	государство	Рейхскомиссариат Остланд				1941-07-29	1944-10-13
рига	Q1773	Рига	P17	государство	Речь Посполитая				1581-01-24	1621-09-24
рига	Q1773	Рига	P17	государство	Шведская империя				1621-09-25	1710-10-14
рига	Q1773	Рига	P17	государство	Русское царство				1710-07-26	1721-11-01
рига	Q1773	Рига	P31	это частный случай понятия	ганзейский город				1282-01-01	
рига	Q1773	Рига	P1376	является столицей	Рижская губерния				1713-07-28	1796-12-23
иго	Q2429253	Исламское государство	P355	дочерние компании (организации, учреждения)	Боко харам				2015-03-01	
иго	Q2429253	Исламское государство	P3461	признаётся террористической организацией по версии	США				2004-12-17	
иго	Q2429253	Исламское государство	P488	руководитель	Абу Бакр аль-Багдади				2013-04-07	2019-10-26
иго	Q2429253	Исламское государство	P488	руководитель	Abu Ibrahim al Hashimi al-Qurayshi				2019-10-31	
иго	Q2429253	Исламское государство	P36	столица	Меядин				2017-06-16	
иго	Q2429253	Исламское государство	P361	часть от	Аль-Каида				2000-01-01	2013-01-01
иго	Q2429253	Исламское государство	P31	это частный случай понятия	халифат				2014-06-01	
итт	Q259551	Итта	P569	дата рождения			0592-01-01			
итт	Q259551	Итта	P570	дата смерти			0652-05-11			
ата	Q136047	(111) Ата	P575	дата открытия			1870-08-14			
тим	Q2433757	Тим	P569	дата рождения			1960-01-01			
тим	Q2433757	Тим	P2031	начало периода активности			1979-01-01			
тим	Q2475786	Падуа Лима, Элба де	P569	дата рождения			1915-02-20			
тим	Q2475786	Падуа Лима, Элба де	P2031	начало периода активности			1931-01-01			
тим	Q2475786	Падуа Лима, Элба де	P570	дата смерти			1984-07-07			
тим	Q546256	Тим	P577	дата публикации			1979-01-01			
тим	Q7800104	ТИМ	P571	дата основания / создания / возникновения			2002-07-03			
она	Q1614501	Она	P577	дата публикации			1965-01-01			
она	Q19544495	Она	P577	дата публикации			2016-05-21			
она	Q172625	Нея	P571	дата основания / создания / возникновения			1906-01-01			
так	Q1092554	Таке	P138	названо в честь	Андре Таке				1935-01-01	
аша	Q104262	Аша	P1376	является столицей	Ашинский район				1960-11-12	
рез	Q228998	Резаи, Араван	P569	дата рождения			1987-03-14			
рез	Q25105	Али ар-Рида	P569	дата рождения			0770-04-16			
рез	Q25105	Али ар-Рида	P570	дата смерти			0818-09-08			
рез	Q228998	Резаи, Араван	P106	род занятий	теннисист				2005-01-01	
ной	Q1475053	Ной	P577	дата публикации			1850-01-01			
ной	Q1475053	Ной	P1191	первое исполнение			1885-04-05			
ной	Q188161	Голландская Ост-Индия	P571	дата основания / создания / возникновения			1800-01-01			
ной	Q188161	Голландская Ост-Индия	P576	дата прекращения существования			1945-08-17			
ной	Q188161	Голландская Ост-Индия	P576	дата прекращения существования			1949-12-27			
ной	Q286868	Ной	P577	дата публикации			2014-03-10			
ной	Q286868	Ной	P577	дата публикации			2014-03-26			
ной	Q286868	Ной	P577	дата публикации			2014-03-27			
ной	Q286868	Ной	P577	дата публикации			2014-03-28			
ной	Q286868	Ной	P577	дата публикации			2014-04-03			
ной	Q81422	Ной	P569	дата рождения			-2704-01-01			
ной	Q81422	Ной	P570	дата смерти			-1754-01-01			
