Year or Period	Unigram	#Q	Subject	#P	Predicate	Object	Organization	Just Date	Start Time	End Time	Time Point	growth_speed
[1986, 1990]	жальце	Q631387	Жалец	P1435	статус наследия	словенский памятник локального значения	0	0	1989-06-10	0	0	-0.2818184813207687
[2000, 2002]	жан	Q15988	Жан	P39	занимаемая должность	великий герцог Люксембурга	0	0	1964-11-12	2000-10-07	0	0.028677664011587112
[1996, 1997]	жаржо	Q630345	Жаржо	P131	административно-территориальная единица	Q2988083	0	0	1996-01-01	0	0	-0.32941892440825915
[2005, 2006]	жарь	Q19830337	Жари	P131	административно-территориальная единица	Каринское сельское поселение	0	0	2005-05-16	0	0	-0.4967419038177521
1978	жасмен	Q16381637	Жасмен	P570	дата смерти	0	0	1978-01-18	0	0	0	3.458658662117698
[1988, 1998]	жасмин	Q13562064	Жасмин	P569	дата рождения	0	0	1994-09-01	0	0	0	-0.1438099822322455
[1988, 1998]	жасмин	Q509814	Жасмин	P569	дата рождения	0	0	1989-05-19	0	0	0	-0.1438099822322455
[1992, 2003]	жезказган	Q740832	Жезказган	P131	административно-территориальная единица	Карагандинская область	0	0	1997-05-01	0	0	0.3438575005221359
[1992, 2003]	жезказган	Q740832	Жезказган	P131	административно-территориальная единица	Джезказганская область	0	0	1973-03-20	1997-05-01	0	0.3438575005221359
[1939, 1940]	жеймо	Q1974278	Янина Болеславовна Жеймо	P166	полученные награды	орден «Знак Почёта»	0	0	0	0	1939-02-01	0.3858694721276301
[1961, 1991]	железяка	Q1230682	Железяки	P577	дата публикации	0	0	1990-11-08	0	0	0	-0.03611460953511712
[1961, 1991]	железяка	Q1230682	Железяки	P577	дата публикации	0	0	1990-01-01	0	0	0	-0.03611460953511712
[2004, 2005]	желябово	Q21669239	Желябово	P131	административно-территориальная единица	Сельское поселение «Село Ульяново»	0	0	2004-10-04	0	0	-0.09202858768505576
[2004, 2005]	желябово	Q21669239	Желябово	P131	административно-территориальная единица	Ульяновский район	0	0	1929-10-01	2004-10-04	0	-0.09202858768505576
[1965, 1966]	желязный	Q295406	Роджер Желязны	P166	полученные награды	премия «Небьюла» за лучшую повесть	0	0	0	0	1965-01-01	-0.4302734832348179
[1968, 1969]	желязный	Q295406	Роджер Желязны	P166	полученные награды	премия «Хьюго» за лучший роман	0	0	0	0	1968-01-01	-0.6460906855893632
[1965, 1966]	желязный	Q295406	Роджер Желязны	P166	полученные награды	премия «Небьюла» за лучшую короткую повесть	0	0	0	0	1965-01-01	-0.4302734832348179
1968	женвилья	Q221968	Женвилье	P131	административно-территориальная единица	О-де-Сен	0	0	1968-01-01	0	0	2.996257711238829
1968	женвилья	Q221968	Женвилье	P131	административно-территориальная единица	Сена	0	0	1790-03-04	1968-01-01	0	2.996257711238829
[1957, 1960]	женесс	Q1387210	Женесс	P571	дата основания / создания / возникновения	0	0	1957-01-01	0	0	0	-0.37423075704893916
1957	жервез	Q225553	Жервеза	P577	дата публикации	0	0	1956-01-01	0	0	0	5.831218442528734
[2003, 2005]	жеребцовый	Q4179609	Жеребцово	P131	административно-территориальная единица	Хлепенское сельское поселение	0	0	2004-12-02	0	0	-0.3048601628860604
[1948, 1950]	жерлов	Q4179653	Жерлов, Георгий Кириллович	P569	дата рождения	0	0	1949-02-12	0	0	0	-0.20982830172403102
[1959, 1963]	жерсон	Q280306	Жерсон	P2031	начало периода активности	0	0	1959-01-01	0	0	0	-0.44321119102739726
[1971, 1974]	жерсон	Q280306	Жерсон	P2032	окончание периода активности	0	0	1973-01-01	0	0	0	-0.38174196890422657
[1977, 1979]	живетьев	Q4179819	Живетьева, Инна Александровна	P569	дата рождения	0	0	1977-08-18	0	0	0	-0.2963695433797966
[1964, 1968]	живить	Q4179828	Живило, Михаил Юрьевич	P569	дата рождения	0	0	1966-07-28	0	0	0	-0.4094398264090957
[1998, 1999]	живков	Q28517	Тодор Живков	P570	дата смерти	0	0	1998-08-05	0	0	0	-0.5141867689827702
1995	жилберто	Q311335	Силва Мело, Жилберто да	P2031	начало периода активности	0	0	1993-01-01	0	0	0	3.497261764385329
[1946, 1948]	жиленков	Q443365	Жиленков, Георгий Николаевич	P570	дата смерти	0	0	1946-08-01	0	0	0	-0.26269264404777126
[1943, 1947]	жимерский	Q1813369	Роля-Жимерский, Михал	P166	полученные награды	орден «Победа»	0	0	0	0	1945-08-09	1.8776726997189281
1944	жимерский	Q1813369	Роля-Жимерский, Михал	P598	командовал	Армия людова	0	0	0	0	1944-07-21	3.457705145814332
[1941, 1942]	жирода	Q309974	Жироду, Жан	P39	занимаемая должность	Inspector general of Diplomatics and Consulars	0	0	1934-01-01	1941-01-01	0	0.008127709543093192
[1989, 1990]	жиронда	Q172476	Бордо	P286	тренер	Жаке, Эме	0	0	1980-01-01	1989-01-01	0	0.0739785100120311
[1978, 1979]	жиронда	Q172476	Бордо	P488	руководитель	Claude Bez	0	0	1978-01-01	1991-01-01	0	-0.6691054690379776
[1978, 1979]	жиронда	Q172476	Бордо	P488	руководитель	Jean Roureau	0	0	1972-01-01	1978-01-01	0	-0.6691054690379776
[1960, 1961]	житинкин	Q4180647	Житинкин, Андрей Альбертович	P569	дата рождения	0	0	1960-11-18	0	0	0	-0.7232551137401375
[1978, 2000]	жить	Q151784	Жить	P166	полученные награды	Гран-при Каннского кинофестиваля	0	0	0	0	1994-01-01	0.24267541405976867
[1989, 1990]	жичжао	Q373101	Жичжао	P131	административно-территориальная единица	Специальный район Линьи	0	0	1956-03-01	1989-06-11	0	-0.16739922960302414
[1989, 1990]	жичжао	Q373101	Жичжао	P131	административно-территориальная единица	Шаньдун	0	0	1989-06-12	0	0	-0.16739922960302414
1940	жнин	Q324941	Жнин	P17	государство	Третий рейх	0	0	1939-09-01	1945-05-07	0	2.149560709673328
1940	жнин	Q324941	Жнин	P17	государство	Польша	0	0	1919-01-15	1939-08-31	0	2.149560709673328
[1957, 1979]	жодино	Q200905	Жодино	P31	это частный случай понятия	город	0	0	1963-01-01	0	0	-0.13922959778659666
[2003, 2005]	жозуэ	Q161039	Жозуэ	P54	член спортивной команды	Гояс	0	0	1997-01-01	2004-01-01	0	-0.5947689098240017
2001	жоран	Q468714	Жоран	P2031	начало периода активности	0	0	1999-01-01	0	0	0	2.1104994666262025
1950	жугао	Q1023796	Жугао	P131	административно-территориальная единица	Специальный район Наньтун	0	0	1949-09-01	1982-12-31	0	3.4543255021926984
[1948, 1953]	жук	Q808777	Жука	P54	член спортивной команды	Спортинг	0	0	1949-01-01	1958-01-01	0	0.6657022552005103
[1948, 1953]	жук	Q808777	Жука	P54	член спортивной команды	сборная Португалии по футболу	0	0	1952-01-01	1956-01-01	0	0.6657022552005103
[1973, 1978]	жуково	Q136383	Жуков	P138	названо в честь	Георгий Константинович Жуков	0	0	1974-09-24	0	0	-0.3839103408629608
[1962, 1964]	жуково	Q136383	Жуков	P131	административно-территориальная единица	Малоярославецкий район	0	0	1962-04-01	1966-12-30	0	-0.331359971228614
[1993, 1997]	жуково	Q136383	Жуков	P31	это частный случай понятия	город	0	0	1996-01-01	0	0	2.32872840048998
[1962, 1964]	жуково	Q136383	Жуков	P131	административно-территориальная единица	Жуковский район	0	0	1929-07-12	1962-03-31	0	-0.331359971228614
1937	жуковский	Q136435	Жуковский	P571	дата основания / создания / возникновения	0	0	1935-01-01	0	0	0	2.657834007401566
[1975, 1989]	журавль	Q59707350	Журавли	P571	дата основания / создания / возникновения	0	0	1978-01-01	0	0	0	-0.2030577987033567
2006	журавный	Q4181822	Журавна	P131	административно-территориальная единица	Сельское поселение Струпненское	0	0	2005-02-28	2017-01-10	0	1.7443413473107514
2006	журавный	Q4181822	Журавна	P131	административно-территориальная единица	Зарайский район	0	0	1929-10-01	2005-02-28	0	1.7443413473107514
1952	журбин	Q4181867	Журбин, Александр Борисович	P2031	начало периода активности	0	0	1950-01-01	0	0	0	6.064911199036846
[1945, 1946]	журбин	Q4181867	Журбин, Александр Борисович	P569	дата рождения	0	0	1945-08-07	0	0	0	-0.2961775801606831
[1935, 1939]	журдный	Q1517347	Журден	P571	дата основания / создания / возникновения	0	0	1935-01-01	0	0	0	-0.35536131911989577
[1935, 1939]	журдный	Q1517347	Журден	P1619	дата официального открытия	0	0	1935-04-28	0	0	0	-0.35536131911989577
[1968, 1969]	жюд	Q3291971	Жюд, Мари Жозефа	P569	дата рождения	0	0	1968-02-25	0	0	0	-0.013573492911710085
[1993, 1998]	жюпп	Q215569	Ален Жюппе	P39	занимаемая должность	депутат Национального собрания Франции	0	0	1993-04-02	1993-05-01	0	0.8698144815812752
1996	жюпп	Q215569	Ален Жюппе	P39	занимаемая должность	Mayor of Bordeaux	0	0	1995-06-19	2004-12-13	0	1.9321780318169137
[1989, 1991]	жюпп	Q215569	Ален Жюппе	P39	занимаемая должность	депутат Европейского парламента	0	0	1989-07-25	1989-10-15	0	-0.7063195312981071
[2006, 2007]	жюпп	Q215569	Ален Жюппе	P39	занимаемая должность	Mayor of Bordeaux	0	0	2006-10-08	2019-01-01	0	-0.6680279141672161
1996	жюпп	Q215569	Ален Жюппе	P39	занимаемая должность	министр иностранных дел Франции	0	0	1993-03-29	1995-05-17	0	1.9321780318169137
[1993, 1998]	жюпп	Q215569	Ален Жюппе	P39	занимаемая должность	депутат Национального собрания Франции	0	0	1988-06-23	1993-04-01	0	0.8698144815812752
1996	жюпп	Q215569	Ален Жюппе	P39	занимаемая должность	премьер-министр Франции	0	0	1995-05-17	1997-06-02	0	1.9321780318169137
1998	жюпп	Q215569	Ален Жюппе	P39	занимаемая должность	депутат Национального собрания Франции	0	0	1997-06-12	2002-06-18	0	2.237141290167089
2000	забайкальский	Q13637835	Забайкальский	P571	дата основания / создания / возникновения	0	0	1950-01-01	0	0	0	4.249062496087018
[2002, 2003]	забж	Q103892	Забже	P6	глава правительства	Roman Urbańczyk	0	0	1991-01-23	2002-11-19	0	-0.4707850731817429
[2002, 2003]	забж	Q103892	Забже	P6	глава правительства	Jerzy Gołubowicz	0	0	2002-11-19	2006-12-06	0	-0.4707850731817429
[2004, 2005]	заболотье	Q4182607	Заболотье	P131	административно-территориальная единица	Савеевское сельское поселение	0	0	2004-12-02	0	0	-0.07270515906701121
1954	заболотье	Q6490976	Заболотье	P131	административно-территориальная единица	Рясненский сельсовет (Брестская область)	0	0	1954-07-16	0	0	2.097012065235415
[2004, 2005]	заболотье	Q20469012	Заболотье	P131	административно-территориальная единица	Ветринский сельсовет	0	0	2004-04-08	0	0	-0.07270515906701121
1954	заболотье	Q6490976	Заболотье	P131	административно-территориальная единица	Q6467808	0	0	1940-10-12	1954-07-16	0	2.097012065235415
[2004, 2006]	заборовок	Q27588665	Заборовка	P131	административно-территориальная единица	Чайкинское сельское поселение	0	0	2005-01-01	0	0	-0.12290108001658077
[2003, 2005]	заборье	Q4182704	Заборье	P131	административно-территориальная единица	Кругловское сельское поселение	0	0	2004-12-02	0	0	-0.029482988623865097
[1924, 1928]	заборье	Q4182710	Заборье	P131	административно-территориальная единица	Хиславичская волость	0	0	1777-01-01	1924-01-01	0	-0.4817764978790483
[2003, 2005]	заборье	Q4182710	Заборье	P131	административно-территориальная единица	Печерское сельское поселение	0	0	2004-12-22	0	0	-0.029482988623865097
[1955, 1962]	завенягин	Q4182966	Авраамий Павлович Завенягин	P570	дата смерти	0	0	1956-12-31	0	0	0	-0.3120516943003681
[1926, 1928]	завитневич	Q4183081	Завитневич, Владимир Зенонович	P570	дата смерти	0	0	1927-01-01	0	0	0	-0.017727654995125113
[1946, 1951]	завиша	Q167781	Завиша	P571	дата основания / создания / возникновения	0	0	1946-01-01	0	0	0	-0.17056325748527668
[1953, 1958]	заводской	Q4183205	Заводской	P571	дата основания / создания / возникновения	0	0	1957-01-01	0	0	0	0.36167965732629453
[1939, 1946]	завороженный	Q497311	Заворожённый	P1411	номинирован на	Премия «Оскар» за лучший фильм	0	0	0	0	1945-01-01	0.9299742677359228
1939	загребать	Q1275570	Загреб	P729	дата принятия в эксплуатацию	0	0	1938-03-30	0	0	0	2.8079440963470557
1942	загребать	Q1275570	Загреб	P730	дата вывода из эксплуатации	0	0	1941-04-17	0	0	0	3.867111712286876
[1978, 1983]	загребать	Q1718684	Загреб	P571	дата основания / создания / возникновения	0	0	1982-01-01	0	0	0	-0.3207743984236878
1994	заднестровье	Q167641	Губернаторство Транснистрия	P576	дата прекращения существования	0	0	1944-04-01	0	0	0	1.6662894755696391
1942	заднестровье	Q167641	Губернаторство Транснистрия	P571	дата основания / создания / возникновения	0	0	1941-08-19	0	0	0	2.503691392435878
1937	заинск	Q136576	Заинск	P131	административно-территориальная единица	Заинский район	0	0	1935-02-10	0	0	2.080551129963198
1942	зайкевич	Q4184276	Зайкевич, Анастасий Егорович	P569	дата рождения	0	0	1842-01-01	0	0	0	3.7320523365401956
[1928, 1932]	зайкевич	Q4184276	Зайкевич, Анастасий Егорович	P570	дата смерти	0	0	1931-01-01	0	0	0	-0.2670624882431147
[1935, 1939]	зайцевый	Q4184477	Зайцево	P571	дата основания / создания / возникновения	0	0	1938-01-01	0	0	0	-0.030670888250170746
[1923, 1927]	зайцевый	Q4184473	Зайцево	P131	административно-территориальная единица	Бахмутский район	0	0	1923-03-07	0	0	-0.21158058487231637
[2003, 2007]	зайцевый	Q4184486	Зайцево	P131	административно-территориальная единица	Зайцевское сельское поселение	0	0	2004-12-02	0	0	-0.37640125554144366
2005	закарлюк	Q2656793	Закарлюка, Сергей Владимирович	P54	член спортивной команды	Металлург	0	0	2002-01-01	2003-01-01	0	1.8343001792174463
2005	закарлюк	Q2656793	Закарлюка, Сергей Владимирович	P54	член спортивной команды	сборная Украины по футболу	0	0	2002-01-01	2004-01-01	0	1.8343001792174463
2005	закарлюк	Q2656793	Закарлюка, Сергей Владимирович	P54	член спортивной команды	Мариуполь	0	0	2004-01-01	2005-01-01	0	1.8343001792174463
[1997, 2002]	закарлюк	Q2656793	Закарлюка, Сергей Владимирович	P54	член спортивной команды	Арсенал-Киев	0	0	1996-01-01	2001-01-01	0	0.2925302692476055
2005	закарлюк	Q2656793	Закарлюка, Сергей Владимирович	P54	член спортивной команды	Шахтёр	0	0	2003-01-01	2003-01-01	0	1.8343001792174463
[1959, 1961]	закер	Q3869957	Закеров, Наиль Набиулович	P569	дата рождения	0	0	1959-10-28	0	0	0	0.7503609279703992
[1928, 1933]	заклинский	Q4184705	Заклинский, Роман	P570	дата смерти	0	0	1931-03-20	0	0	0	-0.35899499709504973
[1998, 2004]	заклунная	Q4184723	Валерия Гаврииловна Заклунная	P39	занимаемая должность	народный депутат Украины	0	0	1998-05-12	2002-05-14	0	-0.4944592326538852
[1998, 2004]	заклунная	Q4184723	Валерия Гаврииловна Заклунная	P39	занимаемая должность	народный депутат Украины	0	0	2002-05-14	2006-05-25	0	-0.4944592326538852
[1936, 1938]	заключать	Q4184722	Заключённые	P577	дата публикации	0	0	1936-01-01	0	0	0	0.29245087545831
[1969, 1974]	закупной	Q1973656	Закупное	P31	это частный случай понятия	посёлок городского типа Украины	0	0	1972-01-01	0	0	-0.4412000796465206
[1986, 1991]	зал	Q702558	Зале	P131	административно-территориальная единица	Саксония-Анхальт	0	0	1990-10-03	2007-07-01	0	-0.04271358784125334
[1996, 2007]	зал	Q80630	Залах	P463	участник организации или клуба	Мэры за мир	0	0	2006-12-01	0	0	0.10429005590636066
[1923, 1931]	залка	Q12105874	Запорожский алюминиевый комбинат	P571	дата основания / создания / возникновения	0	0	1930-01-01	0	0	0	-0.4178211249794042
[1937, 1939]	заменгоф	Q139489	(1462) Заменгоф	P575	дата открытия	0	0	1938-02-06	0	0	0	-0.33630345713722565
[2001, 2005]	замоший	Q4185984	Замошье	P131	административно-территориальная единица	Кожуховичское сельское поселение	0	0	2004-12-22	0	0	0.01840199546853587
2005	замятино	Q19934854	Замятино	P131	административно-территориальная единица	Титовское сельское поселение	0	0	2005-01-01	0	0	3.4815221636251024
1923	занавес	Q19166141	Занавес	P571	дата основания / создания / возникновения	0	0	1923-06-23	0	0	0	2.726617282612229
[2002, 2006]	зангерхаузен	Q502434	Зангерхаузен	P463	участник организации или клуба	Мэры за мир	0	0	2005-01-01	0	0	-0.1782962480881765
1983	занда	Q636202	(5047) Занда	P575	дата открытия	0	0	1981-03-02	0	0	0	1.6629002486328233
[1965, 1998]	зануда	Q998396	Зануда	P577	дата публикации	0	0	1973-01-01	0	0	0	-0.09115844294926657
[2005, 2006]	заовражье	Q19922454	Заовражье	P131	административно-территориальная единица	Верхневолжское сельское поселение	0	0	2005-01-01	0	0	0.5814018048525729
[1958, 1962]	заозерск	Q136629	Заозёрск	P571	дата основания / создания / возникновения	0	0	1958-01-01	0	0	0	0.16016693839294452
1937	заокский	Q2474296	Заокский	P571	дата основания / создания / возникновения	0	0	1935-01-01	0	0	0	2.8410021967230654
[1986, 2000]	западник	Q873985	Западник	P577	дата публикации	0	0	1987-05-28	0	0	0	0.32110543397651997
[1965, 1967]	западня	Q4186605	Западня	P577	дата публикации	0	0	1966-01-01	0	0	0	-0.4233412119168465
[2004, 2009]	запесочие	Q21336302	Запесочье	P131	административно-территориальная единица	Витемлянское сельское поселение	0	0	2005-01-01	0	0	0.056201863418589425
1947	запорожсталь	Q2360847	Запорожсталь	P166	полученные награды	орден Ленина	0	0	0	0	1947-12-02	3.795025835453498
1957	запорожье	Q4186976	Запорожье	P571	дата основания / создания / возникновения	0	0	1907-01-01	0	0	0	1.8263899942413764
1957	запотоцкий	Q371854	Антонин Запотоцкий	P570	дата смерти	0	0	1957-11-13	0	0	0	2.245919849227389
1928	запрудный	Q18777504	Запрудное	P571	дата основания / создания / возникновения	0	0	1928-01-01	0	0	0	1.9232020352343873
[2004, 2005]	запрудня	Q4187055	Запрудня	P131	административно-территориальная единица	Акатовское сельское поселение	0	0	2004-12-02	0	0	-0.21189415652345023
[1931, 1932]	зарево	Q19813037	Зарево	P571	дата основания / создания / возникновения	0	0	1931-01-01	0	0	0	-0.3092128815961592
1970	зарембо	Q4187168	Зарембо, Эдуард Дмитриевич	P54	член спортивной команды	Динамо	0	0	1959-01-01	1969-01-01	0	2.359892485595078
[1989, 1991]	зареча	Q162636	Зарич	P17	государство	Германия	0	0	1990-10-03	0	0	-0.41311560315840906
[1993, 1994]	зареча	Q162636	Зарич	P31	это частный случай понятия	община Германии	0	0	1990-10-03	1993-01-01	0	-0.28598536530607055
[1993, 1994]	зареча	Q162636	Зарич	P131	административно-территориальная единица	Нешвиц	0	0	1993-01-01	0	0	-0.28598536530607055
[1993, 1994]	зареча	Q162636	Зарич	P31	это частный случай понятия	бывший муниципалитет	0	0	1993-01-01	0	0	-0.28598536530607055
[1989, 1991]	зареча	Q162636	Зарич	P17	государство	ГДР	0	0	1949-10-07	1990-10-03	0	-0.41311560315840906
[2004, 2005]	заречный	Q4187282	Заречное	P131	административно-территориальная единица	Зареченский сельсовет	0	0	2004-07-02	0	0	-0.9617504302908602
[2004, 2005]	заречный	Q15241565	Заречное	P131	административно-территориальная единица	Покровское сельское поселение	0	0	2004-11-10	0	0	-0.9617504302908602
[2004, 2005]	заречный	Q4187282	Заречное	P131	административно-территориальная единица	Тербунский район	0	0	1963-02-01	2004-07-01	0	-0.9617504302908602
[2004, 2005]	заречный	Q18777542	Заречный	P131	административно-территориальная единица	Ночкинский сельсовет	0	0	2004-11-02	0	0	-0.9617504302908602
[2004, 2005]	заречный	Q18777542	Заречный	P131	административно-территориальная единица	Никольский район	0	0	1964-03-03	2004-11-01	0	-0.9617504302908602
1923	заречье	Q4187404	Заречье	P17	государство	СССР	0	0	1922-01-01	1991-01-01	0	2.485409472644719
[1978, 1985]	заринск	Q136792	Заринск	P571	дата основания / создания / возникновения	0	0	1979-01-01	0	0	0	-0.4889011864714019
1988	зарисский	Q381307	Оскар Зарисский	P570	дата смерти	0	0	1986-07-04	0	0	0	3.2125695354966197
[1979, 1980]	зарудие	Q4187664	Зарудье	P131	административно-территориальная единица	Оратовский район	0	0	1979-12-07	0	0	0.07948937689406677
[1994, 1999]	заря	Q331785	Заря	P793	ключевое событие	запуск ракеты	0	0	0	0	1998-11-20	-0.4784595725403508
[1965, 1973]	заря	Q4187770	Заря	P131	административно-территориальная единица	Мирнинский район	0	0	1965-01-12	0	0	-0.5093791703098829
[2004, 2005]	засека	Q4187842	Засека	P131	административно-территориальная единица	Муниципальное образование «Толшменское»	0	0	2004-12-06	0	0	-0.1846970596657373
[1998, 2006]	засосный	Q12106021	Засосна	P131	административно-территориальная единица	Засосенское сельское поселение	0	0	2004-12-20	0	0	0.07218682303861433
[1998, 2006]	засосный	Q12106021	Засосна	P131	административно-территориальная единица	Красногвардейский район	0	0	1928-07-30	2004-12-19	0	0.07218682303861433
[2008, 2009]	застава	Q15770	Застава	P576	дата прекращения существования	0	0	2008-01-01	0	0	0	-0.6518405198196338
1993	засухин	Q4188306	Николай Николаевич Засухин	P570	дата смерти	0	0	1992-08-25	0	0	0	2.140313768828541
[2004, 2005]	затес	Q4188360	Затесы	P131	административно-территориальная единица	Кругловское сельское поселение	0	0	2004-12-02	0	0	0.07687306610994747
[1988, 1990]	затопек	Q744777	(5910) Затопек	P575	дата открытия	0	0	1989-11-29	0	0	0	-0.5899799104423434
[1991, 1993]	зать	Q2507663	Павловский автобус	P138	названо в честь	Андрей Александрович Жданов	0	0	1952-01-01	1991-01-01	0	0.047538648869213274
1943	заукель	Q77093	Заукель, Фриц	P39	занимаемая должность	Q48755079	0	0	1942-01-01	1945-01-01	0	3.8867775301996343
[1988, 1989]	захарик	Q4188571	Захариков, Александр Михайлович	P54	член спортивной команды	Динамо	0	0	1986-01-01	1988-01-01	0	-0.23684398854240662
1929	захаровка	Q4188714	Захаровка	P571	дата основания / создания / возникновения	0	0	1928-01-01	0	0	0	1.9540675093923392
[2004, 2006]	захаровка	Q19847977	Захаровка	P131	административно-территориальная единица	Паустовское сельское поселение	0	0	2005-05-16	0	0	-0.3836910201197988
1943	заходский	Q4188932	Заходский, Александр Иванович	P570	дата смерти	0	0	1941-07-10	0	0	0	5.7075759309965255
[2004, 2009]	заяц	Q19693578	Зайцы	P131	административно-территориальная единица	Сретенское сельское поселение	0	0	2006-01-01	0	0	-0.44633139643901004
[1995, 2001]	збруев	Q1958260	Александр Викторович Збруев	P166	полученные награды	медаль «В память 850-летия Москвы»	0	0	0	0	1997-01-01	-0.010313780995043511
[1995, 2001]	збруев	Q1958260	Александр Викторович Збруев	P166	полученные награды	орден Почёта	0	0	0	0	1997-01-01	-0.010313780995043511
1947	звездинский	Q4189420	Звездинский, Михаил Михайлович	P569	дата рождения	0	0	1945-03-06	0	0	0	1.6553177718383922
[1937, 1939]	звездный	Q20730182	Звёздный	P571	дата основания / создания / возникновения	0	0	1937-01-01	0	0	0	-0.1964211484211722
1929	звенигора	Q1964744	Звенигора	P577	дата публикации	0	0	1928-01-01	0	0	0	3.1821340088862673
[2004, 2005]	звенигород	Q136834	Звенигород	P131	административно-территориальная единица	Московская область	0	0	1929-01-14	2004-12-31	0	-1.2299796465916129
[1976, 1978]	зверев	Q729821	(2323) Зверев	P575	дата открытия	0	0	1976-09-24	0	0	0	-0.3062030395928316
[1930, 1937]	зверосовхоз	Q4189623	Зверосовхоз	P571	дата основания / создания / возникновения	0	0	1930-01-01	0	0	0	0.23209718955212896
[1979, 1995]	зверь	Q13613919	Тварь	P577	дата публикации	0	0	1991-01-01	0	0	0	-0.2577379314019566
[1991, 1996]	звиадист	Q2469722	Звиадисты	P571	дата основания / создания / возникновения	0	0	1991-01-01	0	0	0	0.27420652127171774
[1978, 1995]	звонок	Q1344207	Звонок	P577	дата публикации	0	0	1991-01-01	0	0	0	-0.17774912208416582
[1978, 1995]	звонок	Q1344207	Звонок	P577	дата публикации	0	0	1991-06-01	0	0	0	-0.17774912208416582
1967	звязда	Q2666654	Звязда	P571	дата основания / создания / возникновения	0	0	1917-08-09	0	0	0	4.501492552893296
[1988, 1989]	здравневый	Q1995505	Музей-усадьба И. Е. Репина «Здравнёво»	P571	дата основания / создания / возникновения	0	0	1988-01-01	0	0	0	-0.39649174689949035
[1996, 1997]	зебра	Q4190083	Зебра	P582	дата окончания	0	0	1996-01-01	0	0	0	-0.13203927814859473
[1991, 1995]	зейлик	Q4595107	Зейлик	P17	государство	Азербайджан	0	0	1991-08-30	0	0	-0.2789185419167481
[1959, 1964]	зейн	Q8066091	Зейн	P569	дата рождения	0	0	1960-01-01	0	0	0	-0.40292502588099827
[1959, 1964]	зейтунцян	Q4190214	Зейтунцян, Перч Арменакович	P69	учебное заведение	Высшие курсы сценаристов и режиссёров	0	0	1963-01-01	1964-01-01	0	-0.44782186489569087
[1934, 1937]	зеландия	Q138178	(1336) Зеландия	P575	дата открытия	0	0	1934-09-09	0	0	0	-0.3452555465044027
[1924, 1928]	зеленка	Q21648363	Зелёнки	P131	административно-территориальная единица	Осовецкий сельсовет (Минская область)	0	0	1924-07-17	0	0	0.284127561273961
[1984, 1999]	зеленогорск	Q46850	Зеленогорск	P1435	статус наследия	часть объекта всемирного наследия	0	0	1990-01-01	0	0	0.2426073036671904
1997	зеленогорск	Q46850	Зеленогорск	P131	административно-территориальная единица	Санкт-Петербург	0	0	1997-01-01	0	0	1.837091154218861
1997	зеленогорск	Q46850	Зеленогорск	P131	административно-территориальная единица	Курортный район	0	0	1997-01-01	0	0	1.837091154218861
2005	зеленогорский	Q19888423	Зеленогорское	P131	административно-территориальная единица	Андреапольское сельское поселение	0	0	2005-01-01	0	0	2.048174578633129
[1991, 2001]	зеленодольск	Q139743	Зеленодольск	P17	государство	Россия	0	0	1991-01-01	0	0	0.9839346493411442
1942	землянка	Q1965924	В землянке	P577	дата публикации	0	0	1942-01-01	0	0	0	4.929397645446541
1929	землянск	Q2269363	Землянск	P131	административно-территориальная единица	Землянский район	0	0	1928-07-30	1963-02-01	0	2.5472974149599694
1929	землянск	Q2269363	Землянск	P1376	является столицей	Землянский район	0	0	1928-07-30	1963-02-01	0	2.5472974149599694
1994	земно	Q189372	Земно	P17	государство	Словакия	0	0	1993-01-01	0	0	1.779263759807499
[1925, 1926]	зенит	Q29108	Зенит	P571	дата основания / создания / возникновения	0	0	1925-01-01	0	0	0	0.47077481600714766
[1925, 1926]	зенит	Q29108	Зенит	P571	дата основания / создания / возникновения	0	0	1925-05-30	0	0	0	0.47077481600714766
[2001, 2003]	зерко	Q937669	Зерка, Монсеф	P54	член спортивной команды	сборная Марокко по футболу	0	0	2001-01-01	2008-01-01	0	-0.4376750956003878
[2001, 2003]	зерко	Q937669	Зерка, Монсеф	P54	член спортивной команды	сборная Марокко по футболу	0	0	2002-01-01	0	0	-0.4376750956003878
[1990, 1993]	зиа	Q234814	Халеда Зиа	P39	занимаемая должность	премьер-министр Бангладеш	0	0	1991-03-20	1996-03-30	0	-0.46426606322273956
[2008, 2009]	зиа	Q234814	Халеда Зиа	P39	занимаемая должность	лидер оппозиции Бангладеш	0	0	2008-12-29	2014-01-09	0	-0.42717352029815725
[2000, 2003]	зиа	Q234814	Халеда Зиа	P39	занимаемая должность	премьер-министр Бангладеш	0	0	2001-10-10	2006-10-29	0	-0.5508168238124908
1992	зиген	Q3167	Зиген	P17	государство	Федеративная Республика Германии	0	0	1949-05-23	1990-10-02	0	1.7499900448660546
1986	зиген	Q3167	Зиген	P463	участник организации или клуба	Мэры за мир	0	0	1986-05-01	0	0	2.83885947979884
1992	зиген	Q3167	Зиген	P17	государство	Германия	0	0	1990-10-03	0	0	1.7499900448660546
[1923, 1932]	зигфрид	Q3483395	Зигфрид	P1191	первое исполнение	0	0	1928-05-03	0	0	0	-0.38205570749531464
1985	зик	Q485019	Зику, Янис	P569	дата рождения	0	0	1983-10-23	0	0	0	2.957489090550826
[1998, 2000]	зикмунд	Q326424	Зикмунд, Мирослав	P166	полученные награды	почёный гражданин Пльзеня	0	0	0	0	1999-09-16	-0.53886959119354
1935	зилля	Q2635179	Зилли, Джеймс	P570	дата смерти	0	0	1934-01-01	0	0	0	1.7369884801074105
[1944, 1948]	зилоть	Q366536	Александр Ильич Зилоти	P570	дата смерти	0	0	1945-12-08	0	0	0	0.043195733848348294
1963	зилоть	Q366536	Александр Ильич Зилоти	P569	дата рождения	0	0	1863-10-09	0	0	0	5.66200271960466
1980	зимбабве	Q954	Зимбабве	P1365	заменил	Южная Родезия	0	0	0	0	1980-04-18	2.4323634117303126
2004	зимбардо	Q296042	Филип Зимбардо	P166	полученные награды	Шнобелевская премия	0	0	0	0	2003-01-01	4.174516024430455
2004	зимбардо	Q296042	Филип Зимбардо	P166	полученные награды	премия Карла Сагана	0	0	0	0	2002-01-01	4.174516024430455
2004	зимбардо	Q296042	Филип Зимбардо	P166	полученные награды	медаль Уилбура Кросса	0	0	0	0	2004-01-01	4.174516024430455
[2004, 2006]	зимник	Q575403	Зимник	P131	административно-территориальная единица	Прудковское сельское поселение	0	0	2004-12-02	0	0	-0.07911404811553496
1924	зимница	Q4192030	Зимницы	P1376	является столицей	Маклаковская волость	0	0	1924-01-01	0	0	3.8517816006968144
1924	зимница	Q4192030	Зимницы	P131	административно-территориальная единица	Сельское поселение «Село Новослободск»	0	0	1924-01-01	0	0	3.8517816006968144
2008	зимородок	Q79915	Обыкновенный зимородок	P166	полученные награды	Q1970703	0	0	0	0	2006-01-01	1.6962804384580736
[2000, 2005]	зингерман	Q4192123	Зингерман, Борис Исаакович	P570	дата смерти	0	0	2000-11-16	0	0	0	-0.016009117326147976
[2002, 2008]	зинзивер	Q25394773	Зинзивер	P571	дата основания / создания / возникновения	0	0	2004-01-01	0	0	0	0.15082396239678733
1995	зип	Q4182159	ЗИП	P571	дата основания / создания / возникновения	0	0	1995-01-01	0	0	0	3.161199297744878
[1930, 1940]	зис	Q638156	Завод имени Лихачёва	P138	названо в честь	Иосиф Виссарионович Сталин	0	0	1931-10-01	1956-06-26	0	1.0477664408276668
[1964, 1968]	зито	Q372092	Зито	P54	член спортивной команды	сборная Бразилии по футболу	0	0	1955-01-01	1964-01-01	0	-0.7851448739796414
[1964, 1968]	зито	Q372092	Зито	P54	член спортивной команды	Сантос	0	0	1952-01-01	1967-01-01	0	-0.7851448739796414
[1964, 1970]	златов	Q4192381	Златов, Семён Владимирович	P570	дата смерти	0	0	1969-10-23	0	0	0	0.4188755727984242
1996	зленко	Q488198	Анатолий Максимович Зленко	P39	занимаемая должность	министр иностранных дел Украины	0	0	1990-07-01	1994-08-25	0	2.6926668347598683
1996	зленко	Q488198	Анатолий Максимович Зленко	P39	занимаемая должность	министр иностранных дел Украины	0	0	1991-08-24	1994-08-25	0	2.6926668347598683
[2002, 2004]	зленко	Q488198	Анатолий Максимович Зленко	P39	занимаемая должность	министр иностранных дел Украины	0	0	2000-10-02	2003-09-02	0	-0.04656797594521402
[1924, 1933]	злотый	Q123213	польский злотый	P580	дата начала	0	0	1924-01-11	0	0	0	0.11633286114709533
[2005, 2008]	знаменка	Q19868447	Знаменка	P131	административно-территориальная единица	Малышевское сельское поселение	0	0	2005-05-13	0	0	-0.4123999086335467
2004	знаменское	Q18778048	Знаменское	P131	административно-территориальная единица	Знаменский сельсовет	0	0	2004-11-02	0	0	2.127555820596937
[1928, 1929]	знаменское	Q18778048	Знаменское	P131	административно-территориальная единица	Нижнеломовский уезд	0	0	1925-01-01	1928-07-15	0	0.16414636200398594
2004	знаменское	Q18778048	Знаменское	P131	административно-территориальная единица	Башмаковский район	0	0	1928-07-16	2004-11-01	0	2.127555820596937
[1937, 1946]	знамя	Q2631158	Текстильщик	P571	дата основания / создания / возникновения	0	0	1937-01-01	0	0	0	1.0633322914401135
1954	золотник	Q988467	Золотники	P131	административно-территориальная единица	Q12106954	0	0	1854-01-01	1867-01-01	0	4.571351000134229
1954	золотник	Q988467	Золотники	P1376	является столицей	Q12106954	0	0	1854-01-01	1867-01-01	0	4.571351000134229
[2003, 2007]	золотой	Q4193403	Золотое	P131	административно-территориальная единица	Золотовское муниципальное образование	0	0	2004-12-27	0	0	-0.7272001795429197
[1954, 1955]	золотоноша	Q219769	Золотоноша	P131	административно-территориальная единица	Черкасская область	0	0	1954-01-07	0	0	-0.6784543492569401
1926	золотоноша	Q219769	Золотоноша	P131	административно-территориальная единица	Золотоношский район	0	0	1925-06-03	1954-01-07	0	1.8358775616149872
1926	золотоноша	Q219769	Золотоноша	P131	административно-территориальная единица	Золотоношский округ	0	0	1923-03-07	1925-06-03	0	1.8358775616149872
[2003, 2009]	золототысячник	Q157703	Золототысячник	P166	полученные награды	pustyrnik	0	0	0	0	2004-01-01	0.12426700484628157
1973	зоммерфельд	Q2300493	Зоммерфельд	P131	административно-территориальная единица	Энгельсдорф	0	0	1923-01-01	0	0	3.180580620695631
1973	зоммерфельд	Q2300493	Зоммерфельд	P131	административно-территориальная единица	Лейпциг	0	0	1874-01-01	1923-01-01	0	3.180580620695631
[1972, 1973]	зоннен	Q504251	Зоннен	P131	административно-территориальная единица	Пассау	0	0	1972-07-01	0	0	-0.5698055321828556
[1979, 1984]	зорб	Q8074442	Зорба	P569	дата рождения	0	0	1981-09-26	0	0	0	-0.23404705048726407
[2006, 2009]	зоркий	Q521643	Зоркий	P571	дата основания / создания / возникновения	0	0	2006-01-01	0	0	0	-0.20333538041659577
[2006, 2009]	зоркий	Q4193997	Зоркая, Нея Марковна	P570	дата смерти	0	0	2006-10-16	0	0	0	-0.20333538041659577
1923	зоря	Q754307	Заря	P571	дата основания / создания / возникновения	0	0	1923-01-01	0	0	0	2.337760756175477
[2004, 2008]	зотов	Q15341697	Зотовы	P131	административно-территориальная единица	Стуловское сельское поселение	0	0	2006-01-01	0	0	-0.49770721189184314
[2004, 2008]	зотов	Q19693549	Зотовы	P131	административно-территориальная единица	Александровское сельское поселение	0	0	2006-01-01	0	0	-0.49770721189184314
[1979, 1981]	зощенко	Q1080743	(5759) Зощенко	P575	дата открытия	0	0	1980-01-22	0	0	0	-0.8005843444739374
[1997, 1998]	зоя	Q16943861	Зои	P577	дата публикации	0	0	1997-01-01	0	0	0	0.223108341447277
[1988, 1989]	зоя	Q3576196	Зоя	P577	дата публикации	0	0	1988-01-01	0	0	0	-0.5212793765339749
[1946, 1950]	зражевский	Q4194164	Александр Иванович Зражевский	P166	полученные награды	Сталинская премия	0	0	0	0	1946-01-01	0.15649527312056694
[1946, 1950]	зражевский	Q4194164	Александр Иванович Зражевский	P166	полученные награды	орден Трудового Красного Знамени	0	0	0	0	1949-10-26	0.15649527312056694
[1946, 1950]	зражевский	Q4194164	Александр Иванович Зражевский	P166	полученные награды	Сталинская премия	0	0	0	0	1947-01-01	0.15649527312056694
1938	зражевский	Q4194164	Александр Иванович Зражевский	P166	полученные награды	орден «Знак Почёта»	0	0	0	0	1937-01-01	1.7088690568968143
[1946, 1950]	зражевский	Q4194164	Александр Иванович Зражевский	P166	полученные награды	народный артист СССР	0	0	0	0	1949-10-26	0.15649527312056694
[2004, 2009]	зуб	Q1208193	Зубы	P577	дата публикации	0	0	2007-01-01	0	0	0	-0.5182841924397364
[1943, 1945]	зубаков	Q4194212	Зубаков, Юрий Антонович	P569	дата рождения	0	0	1943-11-27	0	0	0	-0.47178997751355983
1962	зубрицкий	Q1959007	Зубрицкий, Денис Иванович	P570	дата смерти	0	0	1862-01-04	0	0	0	2.105805132568787
1943	зуз	Q3576189	Зузу	P569	дата рождения	0	0	1943-11-29	0	0	0	3.30501445070723
[1962, 1963]	зуз	Q3576189	Зузу	P2031	начало периода активности	0	0	1962-01-01	0	0	0	0.0562964421046257
[1947, 1951]	зулу	Q145995	(1922) Зулу	P575	дата открытия	0	0	1949-04-25	0	0	0	0.9581168585700711
1926	зыков	Q27582033	Зыковы	P131	административно-территориальная единица	Шалеевское сельское поселение	0	0	1924-04-10	2011-07-05	0	4.775171456758227
[1924, 1931]	зырянка	Q27586169	Зырянка	P131	административно-территориальная единица	Юргамышский район	0	0	1926-01-01	1963-02-01	0	-0.017148261936235656
[1992, 1994]	зюраткуль	Q26137	Зюраткуль	P571	дата основания / создания / возникновения	0	0	1993-01-01	0	0	0	-0.4107397936947333
[1934, 1938]	зюсс	Q1292203	Зюсс	P138	названо в честь	Эдуард Зюсс	0	0	1935-01-01	0	0	0.45304652148164964
1948	зюсс	Q156941	Эдуард Зюсс	P463	участник организации или клуба	Национальная академия наук США	0	0	1898-01-01	0	0	2.5474588314315514
1938	зюсс	Q156941	Эдуард Зюсс	P463	участник организации или клуба	Королевское физиографическое общество в Лунде	0	0	1888-01-01	0	0	1.749561234276942
2008	зябликово	Q4194997	Зябликово	P131	административно-территориальная единица	Муниципальное образование Сошневское	0	0	2006-01-01	0	0	3.438559674574783
