Year or Period	Unigram	#Q	Subject	#P	Predicate	Object	Organization	Just Date	Start Time	End Time	Time Point	growth_speed
1965	оае	Q191703	Организация африканского единства	P571	дата основания / создания / возникновения	0	0	1963-01-01	0	0	0	3.017157808094687
[1971, 1986]	оаэ	Q878	Объединённые Арабские Эмираты	P463	участник организации или клуба	Международный центр по урегулированию инвестиционных споров	0	0	1982-01-22	0	0	0.4905388650381923
[1971, 1986]	оаэ	Q878	Объединённые Арабские Эмираты	P463	участник организации или клуба	Международный банк реконструкции и развития	0	0	1972-09-22	0	0	0.4905388650381923
[1971, 1986]	оаэ	Q878	Объединённые Арабские Эмираты	P463	участник организации или клуба	Международная финансовая корпорация	0	0	1977-09-30	0	0	0.4905388650381923
[1971, 1986]	оаэ	Q878	Объединённые Арабские Эмираты	P463	участник организации или клуба	Международный союз электросвязи	0	0	1972-06-27	0	0	0.4905388650381923
[1971, 1986]	оаэ	Q878	Объединённые Арабские Эмираты	P463	участник организации или клуба	Организация Объединённых Наций	0	0	1971-12-09	0	0	0.4905388650381923
[1971, 1986]	оаэ	Q878	Объединённые Арабские Эмираты	P463	участник организации или клуба	ЮНЕСКО	0	0	1972-04-20	0	0	0.4905388650381923
[1971, 1986]	оаэ	Q878	Объединённые Арабские Эмираты	P463	участник организации или клуба	Лига арабских государств	0	0	1971-12-06	0	0	0.4905388650381923
[1971, 1986]	оаэ	Q878	Объединённые Арабские Эмираты	P463	участник организации или клуба	Международная ассоциация развития	0	0	1981-12-23	0	0	0.4905388650381923
[1971, 1986]	оаэ	Q878	Объединённые Арабские Эмираты	P530	дипломатические отношения	Германия	0	0	1972-05-01	0	0	0.4905388650381923
[1977, 1980]	обама	Q76	Барак Обама	P69	учебное заведение	Западный колледж	0	0	1979-01-01	1981-01-01	0	-0.20574652221303885
[1977, 1980]	обама	Q76	Барак Обама	P69	учебное заведение	Школа Пунахоу	0	0	1971-01-01	1979-01-01	0	-0.20574652221303885
2008	обама	Q76	Барак Обама	P39	занимаемая должность	Сенатор США	0	0	2005-01-03	2008-11-16	0	2.41144017376375
2009	обама	Q76	Барак Обама	P410	воинское звание	главнокомандующий	0	0	2009-01-20	2017-01-20	0	5.865702682107794
2009	обама	Q76	Барак Обама	P39	занимаемая должность	президент США	0	0	2009-01-20	2017-01-20	0	5.865702682107794
[2004, 2009]	обертываться	Q30896129	Обернись	P577	дата публикации	0	0	2007-01-01	0	0	0	-0.3190691775983958
[1986, 1992]	обладать	Q428581	Обладать	P577	дата публикации	0	0	1990-01-01	0	0	0	-0.30274110919756725
[1979, 1983]	обломов	Q1964231	Несколько дней из жизни И. И. Обломова	P577	дата публикации	0	0	1979-01-01	0	0	0	-0.2742957141157466
[1979, 1983]	обломов	Q1964231	Несколько дней из жизни И. И. Обломова	P577	дата публикации	0	0	1980-01-01	0	0	0	-0.2742957141157466
[1994, 2002]	ободзинский	Q4329463	Ободзинский, Валерий Владимирович	P570	дата смерти	0	0	1997-04-26	0	0	0	-0.22285380226928087
[1994, 2002]	ободзинский	Q4329463	Ободзинский, Валерий Владимирович	P2032	окончание периода активности	0	0	1997-01-01	0	0	0	-0.22285380226928087
[1999, 2001]	обольстительница	Q4987214	Обольстительница	P577	дата публикации	0	0	2000-01-01	0	0	0	-0.6946930327859245
1931	огиз	Q4328909	ОГИЗ	P571	дата основания / создания / возникновения	0	0	1930-01-01	0	0	0	4.684506934861057
[1964, 1970]	огонь	Q13459982	Огонь!	P577	дата публикации	0	0	1968-01-01	0	0	0	-0.30214299489442437
[1993, 1997]	огонь	Q1418833	Огонь	P577	дата публикации	0	0	1996-01-01	0	0	0	-0.15052016731076726
[1979, 1997]	одержимый	Q1773078	Одержимая	P577	дата публикации	0	0	1981-05-25	0	0	0	0.2016005345855933
[1985, 1988]	озерянский	Q4332180	Озерянский, Сергей Александрович	P569	дата рождения	0	0	1985-04-22	0	0	0	0.6388185849168282
[1960, 1968]	озу	Q430618	Озу	P138	названо в честь	Озу, Адриен	0	0	1961-01-01	0	0	0.43339838563777333
1971	ойлер	Q237142	Ульф фон Эйлер	P166	полученные награды	Нобелевская премия по физиологии и медицине	0	0	0	0	1970-01-01	3.4568807275672064
1971	ойлер	Q237142	Ульф фон Эйлер	P166	полученные награды	почётный доктор	0	0	0	0	1971-01-01	3.4568807275672064
1952	ойлер	Q237142	Ульф фон Эйлер	P1411	номинирован на	Нобелевская премия по физиологии и медицине	0	0	0	0	1952-01-01	3.233256671204404
[1959, 1965]	ойлер	Q237142	Ульф фон Эйлер	P166	полученные награды	международная премия Гайрднера	0	0	0	0	1961-01-01	-0.398616997014644
2008	океанприбор	Q30892556	Океанприбор	P571	дата основания / создания / возникновения	0	0	2006-01-01	0	0	0	2.929627894273019
[1931, 1936]	окен	Q1090956	Окен	P138	названо в честь	Окен, Лоренц	0	0	1935-01-01	0	0	-0.2284615502391001
1969	окинава	Q766445	Окинава	P6	глава правительства	Яра, Тёбё	0	0	1968-12-01	1976-06-24	0	4.1741732739446755
[2008, 2009]	око	Q16682694	Ока	P571	дата основания / создания / возникновения	0	0	2008-01-01	0	0	0	-0.22879138878746128
[1949, 1951]	октябрьский	Q25745	Октябрьский	P571	дата основания / создания / возникновения	0	0	1950-01-01	0	0	0	-0.21992959093507033
[1937, 1943]	октябрьский	Q12135494	Октябрьский	P571	дата основания / создания / возникновения	0	0	1942-01-01	0	0	0	-0.026784723065622566
1957	октябрьский	Q16682810	Октябрьское	P571	дата основания / создания / возникновения	0	0	1955-01-01	0	0	0	2.3322817132101727
1977	октябрьский	Q2017643	Октябрьский	P571	дата основания / создания / возникновения	0	0	1927-01-01	0	0	0	2.655023155432155
[1937, 1943]	октябрьский	Q24729007	Октябрьский	P571	дата основания / создания / возникновения	0	0	1939-01-01	0	0	0	-0.026784723065622566
[1957, 1961]	октябрьский	Q4333050	Октябрьский	P571	дата основания / создания / возникновения	0	0	1959-01-01	0	0	0	0.44588887781599357
[1957, 1961]	октябрьский	Q4333050	Октябрьский	P1249	первое письменное упоминание	0	0	1959-01-01	0	0	0	0.44588887781599357
1979	олексич	Q4333536	Олексич, Геннадий Анатольевич	P569	дата рождения	0	0	1978-08-23	0	0	0	2.6252297218767513
[1996, 2008]	олимпиада	Q1673779	Олимпиад	P1619	дата официального открытия	0	0	2007-06-26	0	0	0	0.21348947251517278
[1996, 2008]	олимпиада	Q1673779	Олимпиад	P571	дата основания / создания / возникновения	0	0	2007-06-26	0	0	0	0.21348947251517278
[1937, 1939]	олимпийский	Q159884	Олимпийский стадион	P571	дата основания / создания / возникновения	0	0	1937-01-01	0	0	0	-0.5275264508102957
[1937, 1939]	олимпийский	Q159884	Олимпийский стадион	P1619	дата официального открытия	0	0	1937-01-01	0	0	0	-0.5275264508102957
[1978, 1982]	олимпийский	Q2387897	Олимпийская	P1619	дата официального открытия	0	0	1981-12-19	0	0	0	1.8552583860360847
[1978, 1982]	олимпийский	Q2387897	Олимпийская	P571	дата основания / создания / возникновения	0	0	1981-01-01	0	0	0	1.8552583860360847
[1978, 1983]	олимпионика	Q4333898	Олимпионики	P577	дата публикации	0	0	1982-01-01	0	0	0	-0.15130103166667494
[1963, 1970]	олпорт	Q310741	Олпорт, Гордон	P570	дата смерти	0	0	1967-10-09	0	0	0	0.5105645301879237
[1963, 1964]	ольша	Q4334367	Ольша	P131	административно-территориальная единица	Смоленский район	0	0	1963-01-01	1965-01-01	0	-0.39691242459116777
1929	ольша	Q4334367	Ольша	P131	административно-территориальная единица	Смоленский уезд	0	0	1919-06-30	1929-09-30	0	3.1990338030465297
1929	ольша	Q4334367	Ольша	P131	административно-территориальная единица	Краснинский район	0	0	1929-10-01	1963-01-01	0	3.1990338030465297
[1928, 1932]	ольшанка	Q19814716	Ольшанка	P131	административно-территориальная единица	Башмаковский район	0	0	1928-07-16	2004-11-01	0	0.20038594842121676
[1928, 1932]	ольшанка	Q19814716	Ольшанка	P131	административно-территориальная единица	Нижнеломовский уезд	0	0	1925-01-01	1928-07-15	0	0.20038594842121676
1990	онс	Q69040	Онсу	P1619	дата официального открытия	0	0	1988-01-16	0	0	0	1.68202249742212
1990	онс	Q69040	Онсу	P571	дата основания / создания / возникновения	0	0	1988-01-16	0	0	0	1.68202249742212
[1986, 1987]	оппенхайм	Q518690	Оппенхайм	P463	участник организации или клуба	Мэры за мир	0	0	1986-12-01	0	0	-0.31078936017217185
[1990, 2002]	орда	Q21451677	Орда	P571	дата основания / создания / возникновения	0	0	2000-01-01	0	0	0	0.05417711251163075
[1954, 1955]	орден	Q28671272	Орден	P577	дата публикации	0	0	1954-01-01	0	0	0	-0.8186015539572393
1938	ориб	Q467987	Орибе, Мануэль	P39	занимаемая должность	президент Уругвая	0	0	1835-03-01	1838-10-24	0	2.270070567351372
[2000, 2001]	орисса	Q22048	Орисса	P6	глава правительства	Naveen Patnaik	0	0	2000-03-05	0	0	-0.911319762640644
[1993, 1995]	орлеан	Q206768	Орлеан	P571	дата основания / создания / возникновения	0	0	1993-01-01	0	0	0	-0.5468879649207414
[1993, 1997]	орлянка	Q18794647	Орлянка	P131	административно-территориальная единица	Субботинский сельсовет	0	0	1996-08-15	0	0	0.06163099250521166
1924	орлянка	Q18794647	Орлянка	P131	административно-территориальная единица	Курский уезд	0	0	1924-05-12	1928-07-29	0	2.080680207577058
[1993, 1997]	орлянка	Q18794647	Орлянка	P131	административно-территориальная единица	Солнцевский район	0	0	1928-07-30	1996-08-14	0	0.06163099250521166
[1995, 2002]	орт	Q330067	Первый канал	P571	дата основания / создания / возникновения	0	0	1995-01-01	0	0	0	1.0907524387767098
[1974, 1979]	орт	Q2964258	Орта	P569	дата рождения	0	0	1977-11-02	0	0	0	-0.5494533890118566
[1958, 1963]	орт	Q2964258	Орта	P569	дата рождения	0	0	1960-11-28	0	0	0	-0.09603772682841231
[1987, 1994]	осел	Q748427	Осёл	P571	дата основания / создания / возникновения	0	0	1990-01-01	0	0	0	0.21569475266920793
1929	осел	Q19194418	Осёл	P571	дата основания / создания / возникновения	0	0	1829-01-01	0	0	0	2.9632848173857127
[2006, 2008]	осинка	Q15361116	Осинки	P131	административно-территориальная единица	Юрьевское сельское поселение	0	0	2006-01-01	0	0	-0.5197537686651663
[2003, 2005]	осипов	Q4337924	Осипово	P131	административно-территориальная единица	Кикинское сельское поселение	0	0	2004-12-01	0	0	-0.744358282545612
[2005, 2009]	оскар	Q19497	Оскар	P54	член спортивной команды	Сан-Паулу	0	0	2008-01-01	2010-01-01	0	-0.27791816453876167
1928	осоавиахим	Q1419838	Осоавиахим	P571	дата основания / создания / возникновения	0	0	1927-01-01	0	0	0	2.663718013991496
1932	осодмила	Q4096441	Бригадмил	P571	дата основания / создания / возникновения	0	0	1932-01-01	0	0	0	5.523875523335432
[1957, 1993]	осознание	Q3427511	Осознание	P577	дата публикации	0	0	1982-01-01	0	0	0	-0.059681233703930664
1996	осокино	Q32362847	Осокино	P571	дата основания / создания / возникновения	0	0	1896-01-01	0	0	0	5.200604704719953
[1981, 1983]	островной	Q177723	Островной	P571	дата основания / создания / возникновения	0	0	1981-01-01	0	0	0	0.24917478163537451
1932	островной	Q4338977	Островное	P571	дата основания / создания / возникновения	0	0	1930-01-01	0	0	0	2.0695807201453484
1946	ось	Q43056	страны «оси» и их союзники	P576	дата прекращения существования	0	0	1945-01-01	0	0	0	1.9915295994209232
[1963, 1969]	отель	Q1630805	Отель	P577	дата публикации	0	0	1965-01-01	0	0	0	-0.17629441001518953
[1963, 1969]	отель	Q2396492	Отель	P577	дата публикации	0	0	1967-01-01	0	0	0	-0.17629441001518953
[1963, 1969]	отель	Q1630805	Отель	P571	дата основания / создания / возникновения	0	0	1965-01-01	0	0	0	-0.17629441001518953
[1999, 2009]	отель	Q689230	Отель	P577	дата публикации	0	0	2001-01-01	0	0	0	0.23470948486380816
[2004, 2005]	отраднов	Q4339956	Отраднов, Анатолий Сергеевич	P2031	начало периода активности	0	0	2004-01-01	0	0	0	1.271615586834038
1924	отрадов	Q4340012	Отрадово	P571	дата основания / создания / возникновения	0	0	1924-01-01	0	0	0	3.084180038293794
2003	оул	Q1131604	Оулу	P571	дата основания / создания / возникновения	0	0	1953-06-30	0	0	0	6.950369593658228
[1938, 1940]	оул	Q140315	(1512) Оулу	P575	дата открытия	0	0	1939-03-18	0	0	0	-0.25123180191285116
2003	оул	Q1131604	Оулу	P1619	дата официального открытия	0	0	1953-06-30	0	0	0	6.950369593658228
[1987, 1994]	очаков	Q850072	Очаков	P131	административно-территориальная единица	Одесская область	0	0	1991-01-01	0	0	-0.17009607957725503
[1987, 1994]	очаков	Q850072	Очаков	P131	административно-территориальная единица	Очаковский район	0	0	1923-03-07	1991-01-01	0	-0.17009607957725503
1991	очищение	Q25394885	Очищение	P577	дата публикации	0	0	1990-01-01	0	0	0	1.7465271571395227
[2004, 2005]	ошевенское	Q4307324	Ошевенское сельское поселение	P571	дата основания / создания / возникновения	0	0	2004-09-23	0	0	0	0.3003839109836107
[1980, 1985]	ошенька	Q1873145	Ошенька	P577	дата публикации	0	0	1980-01-01	0	0	0	0.24435494278546246
