Year or Period	Unigram	#Q	Subject	#P	Predicate	Object	Organization	Just Date	Start Time	End Time	Time Point	growth_speed
[1992, 1996]	сабинов	Q747926	Сабинов	P17	государство	Словакия	0	0	1993-01-01	0	0	0.15863213487807676
[1992, 1996]	сабинов	Q837478	Сабинов	P17	государство	Словакия	0	0	1993-01-01	0	0	0.15863213487807676
[1992, 1996]	сабинов	Q837478	Сабинов	P131	административно-территориальная единица	Сабинов	0	0	1993-01-01	0	0	0.15863213487807676
1942	сава	Q20574511	Сава	P131	административно-территориальная единица	Савский сельсовет	0	0	1940-01-01	0	0	2.5407835988663994
[1924, 1926]	сава	Q20574511	Сава	P131	административно-территориальная единица	Горецкий уезд	0	0	1861-01-01	1924-07-17	0	-0.09267162392207234
2009	савватий	Q12149957	Савватий	P570	дата смерти	0	0	1959-12-14	0	0	0	2.3511004195940406
2008	саввиди	Q1978876	Саввиди, Иван Игнатьевич	P39	занимаемая должность	Substitute of the Parliamentary Assembly of the Council of Europe	0	0	2008-04-14	2012-01-23	0	3.18699183845776
[2002, 2003]	савио	Q372451	Савио	P54	член спортивной команды	Реал Мадрид	0	0	1997-01-01	2002-01-01	0	-0.23888032962786693
[1994, 1996]	савио	Q372451	Савио	P54	член спортивной команды	сборная Бразилии по футболу	0	0	1994-01-01	2000-01-01	0	-0.16001590108790573
[2002, 2003]	савио	Q372451	Савио	P54	член спортивной команды	Бордо	0	0	2002-01-01	2003-01-01	0	-0.23888032962786693
1942	савич	Q21615904	Савичи	P131	административно-территориальная единица	Дятловский район	0	0	1940-01-15	0	0	1.6559134498126244
[1939, 1946]	савич	Q21615904	Савичи	P131	административно-территориальная единица	Q9273609	0	0	1919-01-01	1939-01-01	0	0.3758901197343975
[1993, 1998]	сад	Q1193703	Сад	P166	полученные награды	премия «Чешский лев» за лучший фильм	0	0	0	0	1995-01-01	-0.48658860720802033
[1993, 1998]	сад	Q1193703	Сад	P577	дата публикации	0	0	1996-11-14	0	0	0	-0.48658860720802033
[1989, 1991]	сад	Q936052	Сад	P577	дата публикации	0	0	1990-01-01	0	0	0	-0.6964770765586342
[1993, 1998]	сад	Q1193703	Сад	P577	дата публикации	0	0	1995-01-01	0	0	0	-0.48658860720802033
[1952, 1954]	садовская	Q4404810	Борис Александрович Садовской	P570	дата смерти	0	0	1952-04-03	0	0	0	-0.03606398027087903
[1991, 1995]	сайгин	Q4405169	Сайгин, Владимир Сергеевич	P570	дата смерти	0	0	1992-01-01	0	0	0	0.3582786068202126
[1935, 1937]	сакага	Q5771047	Сакагами, Хироси	P569	дата рождения	0	0	1936-02-13	0	0	0	0.08322007671277735
[2003, 2004]	сакартветь	Q230	Грузия	P35	глава государства	Нино Анзоровна Бурджанадзе	0	0	2003-11-23	2004-01-25	0	-0.44916145444355593
[2003, 2004]	сакартветь	Q230	Грузия	P35	глава государства	Эдуард Амвросиевич Шеварднадзе	0	0	1995-05-26	2003-11-23	0	-0.44916145444355593
[2000, 2001]	сакартветь	Q230	Грузия	P463	участник организации или клуба	Всемирная торговая организация	0	0	2000-06-14	0	0	-0.8956124172161872
1930	саке	Q1321832	Сакё	P571	дата основания / создания / возникновения	0	0	1929-01-01	0	0	0	1.75012956323031
1948	саксония	Q340210	Саксония	P576	дата прекращения существования	0	0	1946-01-01	0	0	0	2.146176966151449
[1940, 1946]	саксония	Q340210	Саксония	P576	дата прекращения существования	0	0	1944-07-01	0	0	0	0.03945037744717218
[1971, 1978]	салем	Q10660418	Салемская сельская коммуна	P576	дата прекращения существования	0	0	1973-12-31	0	0	0	0.057159555556315536
1987	саленко	Q295746	Саленко, Олег Анатольевич	P54	член спортивной команды	Зенит	0	0	1986-01-01	1988-01-01	0	3.8611061867156407
1989	саленко	Q295746	Саленко, Олег Анатольевич	P54	член спортивной команды	Динамо	0	0	1989-01-01	1992-01-01	0	3.223194304947792
[1995, 1997]	саленко	Q295746	Саленко, Олег Анатольевич	P54	член спортивной команды	ФК Валенсия	0	0	1994-01-01	1995-01-01	0	0.2603006725169898
[1995, 1997]	саленко	Q295746	Саленко, Олег Анатольевич	P54	член спортивной команды	Рейнджерс	0	0	1995-01-01	1995-01-01	0	0.2603006725169898
[1995, 1997]	саленко	Q295746	Саленко, Олег Анатольевич	P54	член спортивной команды	Истанбулспор	0	0	1996-01-01	1998-01-01	0	0.2603006725169898
[1971, 1972]	сало	Q10660317	Сала	P131	административно-территориальная единица	Сала	0	0	1971-01-01	0	0	-0.6302459690645978
2004	саловка	Q4405944	Саловка	P131	административно-территориальная единица	Шмаковское сельское поселение	0	0	2004-12-02	0	0	1.7554356247554377
2004	саловка	Q21343168	Саловка	P131	административно-территориальная единица	Айдарское сельское поселение	0	0	2004-12-20	0	0	1.7554356247554377
1942	салтыково	Q4406071	Салтыково	P131	административно-территориальная единица	Салтыковский район	0	0	1941-04-24	1958-09-29	0	1.758262966334627
1942	салтыково	Q4406071	Салтыково	P131	административно-территориальная единица	Земетчинский район	0	0	1928-07-16	1941-04-23	0	1.758262966334627
[1987, 1990]	салугин	Q4406093	Салугин, Александр Сергеевич	P569	дата рождения	0	0	1988-10-23	0	0	0	-0.048660329602758984
1987	сальков	Q4406153	Сальков, Владимир Максимович	P569	дата рождения	0	0	1937-04-01	0	0	0	3.6068658596234004
1962	сальтшебаден	Q990771	Сальтшёбаден	P31	это частный случай понятия	населённый пункт Швеции	0	0	1960-11-01	0	0	2.229609199825454
[1970, 1971]	сальтшебаден	Q990771	Сальтшёбаден	P131	административно-территориальная единица	Сальтшёбаден	0	0	1634-01-01	1970-12-31	0	-0.8990503450380687
[1976, 1984]	самаранч	Q171166	Хуан Антонио Самаранч	P39	занимаемая должность	депутат франкистских кортесов	0	0	1967-01-01	1977-01-01	0	-0.15846095112461503
1981	самаранч	Q171166	Хуан Антонио Самаранч	P39	занимаемая должность	президент МОК	0	0	1980-01-01	2001-07-16	0	1.749083226025933
[1976, 1984]	самаранч	Q171166	Хуан Антонио Самаранч	P39	занимаемая должность	председатель Собрания провинции Барселона	0	0	1973-01-01	1977-01-01	0	-0.15846095112461503
[1980, 1982]	самоа	Q683	Самоа	P463	участник организации или клуба	ЮНЕСКО	0	0	1981-04-03	0	0	0.6330606377970194
1974	самоа	Q683	Самоа	P463	участник организации или клуба	Международная ассоциация развития	0	0	1974-06-28	0	0	2.2849488620899248
[2007, 2008]	самоа	Q683	Самоа	P35	глава государства	Туиатуа Тупуа Тамасесе Эфи	0	0	2007-06-16	2017-07-21	0	-0.6107548805038503
1966	самоа	Q683	Самоа	P463	участник организации или клуба	Азиатский банк развития	0	0	1966-01-01	0	0	1.6700687288735239
1974	самоа	Q683	Самоа	P463	участник организации или клуба	Международная финансовая корпорация	0	0	1974-06-28	0	0	2.2849488620899248
1974	самоа	Q683	Самоа	P463	участник организации или клуба	Международный банк реконструкции и развития	0	0	1974-06-28	0	0	2.2849488620899248
2005	самозванка	Q2964510	Самозванка	P577	дата публикации	0	0	2003-01-01	0	0	0	1.7985758867260646
[1992, 1995]	саморез	Q4406860	Саморезов, Виктор Константинович	P570	дата смерти	0	0	1993-01-13	0	0	0	-0.41470760900423626
[2004, 2008]	сандалов	Q15378520	Сандаловы	P131	административно-территориальная единица	Кстининское сельское поселение	0	0	2006-01-01	0	0	0.5854320470086251
1975	сандерленд	Q188304	Сандерленд	P131	административно-территориальная единица	Сандерленд	0	0	1974-04-01	0	0	4.770250447745695
1975	сандерленд	Q1280897	Сандерленд	P131	административно-территориальная единица	Тайн-энд-Уир	0	0	1974-04-01	0	0	4.770250447745695
2001	сандин	Q2117368	Сандин	P31	это частный случай понятия	малый город Португалии	0	0	2001-07-20	0	0	1.6520834844476566
1984	сандино	Q213746	Аугусто Сесар Сандино	P570	дата смерти	0	0	1934-02-21	0	0	0	4.845026859932759
1984	сандино	Q213746	Аугусто Сесар Сандино	P570	дата смерти	0	0	1934-02-23	0	0	0	4.845026859932759
2005	сандрин	Q3471970	Сандрин	P2031	начало периода активности	0	0	2003-01-01	0	0	0	3.167047348415945
[1952, 1957]	сандстрем	Q1682189	Сандстрём, Ян	P569	дата рождения	0	0	1954-01-25	0	0	0	-0.09634411819828881
[1988, 1994]	санз	Q276170	Санс, Алехандро	P2031	начало периода активности	0	0	1989-01-01	0	0	0	-0.1083527842627683
2007	санкино	Q4407627	Санкино	P576	дата прекращения существования	0	0	2006-01-01	0	0	0	3.232171520203737
[2006, 2009]	санников	Q3178909	Санниково	P131	административно-территориальная единица	Старокаксинское сельское поселение	0	0	2006-01-01	0	0	-0.10970992072417599
[2001, 2004]	санников	Q4407791	Санниково	P131	административно-территориальная единица	Санниковский сельсовет	0	0	2003-12-01	0	0	-0.1504644685693541
[2005, 2008]	сантандер	Q12233	Сантандер	P6	глава правительства	Иньиго де ла Серна	0	0	2007-06-16	2016-11-04	0	0.04299147675184299
[1988, 1990]	сантильяна	Q32763	Сантильяна	P2032	окончание периода активности	0	0	1988-05-22	0	0	0	-0.17646014403545518
1936	санхурхо	Q436763	Хосе Санхурхо	P570	дата смерти	0	0	1936-07-20	0	0	0	3.2044120454866425
[1986, 1987]	саньмэнься	Q404636	Саньмэнься	P131	административно-территориальная единица	Округ Лоян	0	0	1968-01-01	1986-02-28	0	-0.7147933384060545
[1986, 1987]	саньмэнься	Q404636	Саньмэнься	P131	административно-территориальная единица	Хэнань	0	0	1986-03-01	0	0	-0.7147933384060545
[1955, 1958]	сарко	Q329	Николя Саркози	P569	дата рождения	0	0	1955-01-28	0	0	0	-0.3836214388904702
[1996, 2007]	сартори	Q358529	Сартори, Джованни	P166	полученные награды	почётный доктор Мадридского университета Комплутенсе	0	0	0	0	2001-01-01	0.03678294852466185
[1947, 1948]	сатар	Q1135612	Сатара	P131	административно-территориальная единица	Бомбей	0	0	1947-08-15	1960-04-30	0	0.25869418931490934
[1947, 1948]	сатар	Q1135612	Сатара	P131	административно-территориальная единица	Бомбейское президентство	0	0	1687-01-01	1947-08-14	0	0.25869418931490934
1990	сатон	Q45744	Сатон	P571	дата основания / создания / возникновения	0	0	1989-11-09	0	0	0	3.882060307959101
[1978, 1980]	сатьяграха	Q3057300	Сатьяграха	P571	дата основания / создания / возникновения	0	0	1979-01-01	0	0	0	-0.48318777609373914
[2004, 2009]	сауна	Q772900	Сауна	P577	дата публикации	0	0	2008-01-01	0	0	0	1.3271289982197356
1943	саути	Q216838	Роберт Саути	P570	дата смерти	0	0	1843-03-21	0	0	0	1.7535486074035822
1994	саха	Q483119	Саха	P1619	дата официального открытия	0	0	1994-06-23	0	0	0	2.674092318345515
1994	саха	Q483119	Саха	P571	дата основания / создания / возникновения	0	0	1994-01-01	0	0	0	2.674092318345515
[2002, 2007]	сахалин	Q2631868	Сахалин	P571	дата основания / создания / возникновения	0	0	2004-01-01	0	0	0	-0.33676785412553717
[2002, 2007]	сахалин	Q28541481	Сахалин	P131	административно-территориальная единица	Михайловский сельсовет	0	0	2003-12-01	0	0	-0.33676785412553717
[1949, 1953]	сведать	Q10684631	Сведала	P576	дата прекращения существования	0	0	1950-01-01	0	0	0	0.09738577364484845
[2007, 2009]	свеколкин	Q4410056	Свеколкин, Владимир Валентинович	P570	дата смерти	0	0	2008-04-04	0	0	0	-0.3542794991657609
1931	свенгали	Q1858039	Свенгали	P577	дата публикации	0	0	1931-01-01	0	0	0	5.513077000058084
[1991, 1992]	свердловск	Q887	Екатеринбург	P17	государство	Россия	0	0	1991-01-01	0	0	-0.17021932629924846
[1923, 1935]	свердловск	Q887	Екатеринбург	P131	административно-территориальная единица	Уральская область	0	0	1923-11-03	1923-11-12	0	0.2609566000689577
[1991, 1992]	свердловск	Q887	Екатеринбург	P138	названо в честь	Екатерина I	0	0	1991-01-01	0	0	-0.17021932629924846
[1991, 1992]	свердловск	Q887	Екатеринбург	P138	названо в честь	Яков Михайлович Свердлов	0	0	1924-01-01	1991-01-01	0	-0.17021932629924846
[1923, 1935]	свердловск	Q887	Екатеринбург	P138	названо в честь	Екатерина I	0	0	1723-01-01	1924-01-01	0	0.2609566000689577
[1923, 1935]	свердловск	Q887	Екатеринбург	P31	это частный случай понятия	первый по величине город	Свердловская область	0	1934-11-17	0	0	0.2609566000689577
[1923, 1935]	свердловск	Q887	Екатеринбург	P131	административно-территориальная единица	Екатеринбургский уезд	0	0	1781-02-07	1923-11-03	0	0.2609566000689577
[1923, 1935]	свердловск	Q887	Екатеринбург	P31	это частный случай понятия	первый по величине город	Уральская область	0	1923-11-03	1934-11-16	0	0.2609566000689577
[1991, 1992]	свердловск	Q887	Екатеринбург	P17	государство	СССР	0	0	1922-01-01	1991-01-01	0	-0.17021932629924846
[2004, 2005]	свердловск	Q887	Екатеринбург	P131	административно-территориальная единица	Свердловская область	0	0	1934-01-17	2004-12-31	0	-1.00769755314813
[1923, 1935]	свердловск	Q887	Екатеринбург	P131	административно-территориальная единица	Свердловский округ	0	0	1923-11-12	1930-08-09	0	0.2609566000689577
[1923, 1935]	свердловск	Q887	Екатеринбург	P131	административно-территориальная единица	Уральская область	0	0	1930-08-09	1934-01-17	0	0.2609566000689577
[1988, 1996]	свет	Q2335016	Свет	P577	дата публикации	0	0	1988-11-03	0	0	0	-0.40239804027670484
[1988, 1996]	свет	Q2335016	Свет	P577	дата публикации	0	0	1988-02-19	0	0	0	-0.40239804027670484
[1958, 1969]	светлогорский	Q4410390	Светлогорское	P571	дата основания / создания / возникновения	0	0	1961-01-01	0	0	0	-0.38934893898398243
[2006, 2009]	светлый	Q15360610	Светлый	P131	административно-территориальная единица	Светловское сельское поселение	0	0	2006-01-01	0	0	-0.6065581732756123
[1993, 1997]	свидник	Q833845	Свидник	P17	государство	Словакия	0	0	1993-01-01	0	0	-0.071071029928818
[1993, 2001]	святогор	Q281147	Красин	P131	административно-территориальная единица	Санкт-Петербург	0	0	1999-01-01	0	0	-0.3487901108804261
[2005, 2006]	себровый	Q3953841	Себрово	P131	административно-территориальная единица	Городской округ город Михайловка	0	0	2005-03-25	0	0	-0.2019153214056841
[1999, 2001]	севастиан	Q18277407	Севастиан	P570	дата смерти	0	0	1999-02-11	0	0	0	-0.023253010955350355
[2004, 2007]	севастьяновка	Q18782345	Кременские Выселки	P131	административно-территориальная единица	Прибрежненское сельское поселение	0	0	2005-05-29	0	0	-0.3147436534673218
[1991, 2002]	северодвинск	Q190499	Северодвинск	P131	административно-территориальная единица	Муниципальное образование «Северодвинск»	0	0	2000-01-01	0	0	1.171524034748443
[2001, 2004]	севилья	Q8717	Севилья	P276	местонахождение	Большая Севилья	0	0	2003-03-27	0	0	-0.32517440878559817
[2001, 2002]	сегар	Q238465	Сегара, Элен	P166	полученные награды	Виктуар де ля мюзик лучшей исполнительнице года	0	0	0	0	2001-01-01	-0.6775057319001172
1964	сегежа	Q193922	Сегежа	P571	дата основания / создания / возникновения	0	0	1914-01-01	0	0	0	1.8497200698446565
1937	сегель	Q1554208	Яков Александрович Сегель	P2031	начало периода активности	0	0	1936-01-01	0	0	0	2.4697050032241856
[1994, 1998]	сегель	Q1554208	Яков Александрович Сегель	P570	дата смерти	0	0	1995-05-19	0	0	0	-0.0424755906172599
[1996, 2002]	сегоднячко	Q4412806	Сегоднячко	P272	производящая компания	НТВ	0	0	0	0	1997-01-01	0.3658863289925557
[1996, 2002]	сегоднячко	Q4412806	Сегоднячко	P449	первоначальная телесеть	НТВ	0	0	0	0	1997-01-01	0.3658863289925557
[1996, 2002]	сегоднячко	Q4412806	Сегоднячко	P86	композитор	Антон Батагов	0	0	0	0	1997-01-01	0.3658863289925557
2001	сегоднячко	Q4412806	Сегоднячко	P272	производящая компания	ТНТ	0	0	0	0	2000-01-01	2.350805789717599
2001	сегоднячко	Q4412806	Сегоднячко	P449	первоначальная телесеть	ТНТ	0	0	0	0	2000-01-01	2.350805789717599
[1992, 1996]	сейди	Q2660326	Сейди	P131	административно-территориальная единица	Лебапский велаят	0	0	1992-12-14	2017-11-24	0	-0.37715804413697507
[1939, 1946]	секвойя	Q152660	Секвойя	P571	дата основания / создания / возникновения	0	0	1940-03-04	0	0	0	0.2396426630598394
[1956, 1970]	секор	Q1378361	Секор, Кайл	P569	дата рождения	0	0	1957-05-31	0	0	0	-0.25106493071986563
1992	секуритат	Q208980	Секуритате	P576	дата прекращения существования	0	0	1990-01-01	0	0	0	3.483019374032966
[1989, 1994]	селеша	Q173633	Селеш, Моника	P106	род занятий	теннисист	0	0	1989-01-01	2008-01-01	0	0.3007503949878769
[1989, 1994]	селеша	Q173633	Селеш, Моника	P286	тренер	Ник Боллетьери	0	0	1986-01-01	1990-01-01	0	0.3007503949878769
[1964, 1973]	селимович	Q315677	Меша Селимович	P166	полученные награды	премия журнала НИН	0	0	0	0	1966-01-01	-0.15687705011917413
[2004, 2007]	село	Q4413927	Село (Толшменское сельское поселение)	P131	административно-территориальная единица	Муниципальное образование «Толшменское»	0	0	2004-12-06	0	0	-0.4271055085731966
[1989, 1991]	сельцо	Q193930	Сельцо	P131	административно-территориальная единица	Брянский район	0	0	1929-10-01	1990-08-05	0	-0.5525543349757592
[2004, 2009]	сельцо	Q29404231	Сельцо	P131	административно-территориальная единица	Городецкое сельское поселение	0	0	2005-11-11	2010-04-12	0	-0.5307026584409514
[2004, 2009]	сельцо	Q193930	Сельцо	P131	административно-территориальная единица	Городской округ город Сельцо	0	0	2005-03-09	0	0	-0.5307026584409514
[2004, 2009]	сельцо	Q19848391	Сельцо	P131	административно-территориальная единица	Фоминское сельское поселение	0	0	2005-05-13	0	0	-0.5307026584409514
[2004, 2009]	сельцо	Q4414959	Сельцо	P131	административно-территориальная единица	Кикинское сельское поселение	0	0	2004-12-01	0	0	-0.5307026584409514
[2004, 2009]	сельцо	Q29567661	Сельцо	P131	административно-территориальная единица	Борковское сельское поселение	0	0	2005-01-01	0	0	-0.5307026584409514
[2004, 2009]	сельцо	Q4414954	Сельцо	P131	административно-территориальная единица	Кляриновское сельское поселение	0	0	2004-12-02	0	0	-0.5307026584409514
[2004, 2009]	сельцо	Q4414964	Сельцо	P131	административно-территориальная единица	Сельское поселение Домшинское	0	0	2006-01-01	0	0	-0.5307026584409514
[2004, 2009]	сельцо	Q29404968	Сельцо	P131	административно-территориальная единица	Батецкое сельское поселение	0	0	2005-01-01	0	0	-0.5307026584409514
[2004, 2009]	сельцо	Q193930	Сельцо	P131	административно-территориальная единица	Брянская область	0	0	1990-08-06	2005-03-08	0	-0.5307026584409514
[1951, 1961]	семенюк	Q4415380	Семенюков, Александр Константинович	P569	дата рождения	0	0	1958-03-09	0	0	0	-0.11426106106697226
1941	семерной	Q4415398	Семерной, Виктор Петрович	P569	дата рождения	0	0	1939-04-29	0	0	0	4.769249713109753
1940	семина	Q1316416	Сёмина, Тамара Петровна	P569	дата рождения	0	0	1938-10-25	0	0	0	4.9438434290343505
[1954, 1963]	семина	Q1316416	Сёмина, Тамара Петровна	P2031	начало периода активности	0	0	1957-01-01	0	0	0	0.42450956895809827
[1980, 2008]	семья	Q3307927	Семья	P577	дата публикации	0	0	2001-10-01	0	0	0	0.2592403386551716
1989	семья	Q7137543	Семья	P577	дата публикации	0	0	1987-06-12	0	0	0	1.8292068522570726
1928	сенгилей	Q194001	Сенгилей	P131	административно-территориальная единица	Сенгилеевский район	0	0	1928-07-16	2004-07-12	0	3.05008664073899
2004	сенгилей	Q194001	Сенгилей	P1376	является столицей	Сенгилеевское городское поселение	0	0	2004-07-13	0	0	3.633268951318512
1928	сенгилей	Q194001	Сенгилей	P1376	является столицей	Сенгилеевский район	0	0	1928-07-16	0	0	3.05008664073899
2004	сенгилей	Q194001	Сенгилей	P131	административно-территориальная единица	Сенгилеевское городское поселение	0	0	2004-07-13	0	0	3.633268951318512
1947	сенокос	Q57017436	Сенокос (картина Пластова)	P571	дата основания / создания / возникновения	0	0	1945-01-01	0	0	0	2.3508620480295517
[2003, 2005]	сергеевка	Q25508324	Сергеевка	P131	административно-территориальная единица	Златополинский сельсовет	0	0	2003-12-01	0	0	-0.08478416742164614
[2003, 2005]	сергеевка	Q4416914	Сергеевка	P131	административно-территориальная единица	Крапивенское сельское поселение	0	0	2004-12-02	0	0	-0.08478416742164614
[2003, 2005]	сергеево	Q4416944	Сергеево	P131	административно-территориальная единица	Стригинское сельское поселение	0	0	2004-12-02	0	0	-0.07113319519661289
[2000, 2005]	сергеенка	Q4416979	Сергеенки	P131	административно-территориальная единица	Аносовское сельское поселение	0	0	2004-12-02	0	0	-0.3006799053581353
[2000, 2002]	середник	Q4417515	Середник	P571	дата основания / создания / возникновения	0	0	2001-01-01	0	0	0	-0.4050168050950396
[2008, 2009]	серена	Q16961818	Серена	P577	дата публикации	0	0	2008-01-01	0	0	0	-0.6485977514624086
2005	сертей	Q4417835	Сертея	P131	административно-территориальная единица	Селезнёвское сельское поселение	0	0	2004-01-01	0	0	3.4862299110883255
[2003, 2008]	сестра	Q1346583	Сёстры	P577	дата публикации	0	0	2005-01-01	0	0	0	-0.3892536342927347
1992	сефард	Q102251	сефарды	P166	полученные награды	премия принцессы Астурийской «Согласие»	0	0	0	0	1990-01-01	2.715517974613567
[2002, 2007]	сибирский	Q24728359	Сибирский	P131	административно-территориальная единица	Сибирский сельсовет	0	0	2003-12-01	0	0	-0.5520890519855942
1945	сибоц	Q904898	Зелёный	P17	государство	СССР	0	0	1945-01-01	1991-01-01	0	3.16947903844323
[1927, 1928]	сибуй	Q428811	Сибуя	P580	дата начала	0	0	1927-08-28	0	0	0	-0.19995779715408718
[1999, 2005]	сивинуть	Q18400537	Сивинь	P131	административно-территориальная единица	Сивиньское сельское поселение	0	0	2004-12-28	0	0	-0.1778616122318319
[1999, 2005]	сивинуть	Q18400537	Сивинь	P131	административно-территориальная единица	Краснослободский район	0	0	1928-07-16	2004-12-27	0	-0.1778616122318319
1956	сидер	Q351040	Сидеров, Волен Николов	P569	дата рождения	0	0	1956-04-19	0	0	0	1.6580415162990314
1925	сие	Q1990209	Металлург	P571	дата основания / создания / возникновения	0	0	1923-01-01	0	0	0	3.6074085317098663
[1959, 1963]	сиида	Q946264	Сиида	P571	дата основания / создания / возникновения	0	0	1959-01-01	0	0	0	-0.28723646523740626
[1955, 1969]	сикейрос	Q315647	Альфаро Сикейрос, Хосе Давид	P166	полученные награды	Национальная премия в области искусств и науки	0	0	0	0	1966-01-01	-0.010657650447619486
[1972, 1976]	сикким	Q1505	Сикким	P571	дата основания / создания / возникновения	0	0	1975-05-16	0	0	0	-0.14543658730893333
[2004, 2007]	симонов	Q19848411	Симоново	P131	административно-территориальная единица	Муниципальное образование Пенкинское	0	0	2005-05-11	0	0	-0.3533496137629304
[1993, 2001]	симпатия	Q4419832	Симпатии	P577	дата публикации	0	0	2000-01-01	0	0	0	-0.14335344781879666
[1933, 1934]	синг	Q823526	Сингу	P571	дата основания / создания / возникновения	0	0	1933-10-01	0	0	0	0.11440130638825918
1957	синг	Q179185	Сингу	P571	дата основания / создания / возникновения	0	0	1955-04-01	0	0	0	1.7303337164519355
1993	синди	Q730707	Синди	P131	административно-территориальная единица	Sindi City	0	0	1991-09-26	2017-01-01	0	2.785346693656296
[2002, 2007]	синематограф	Q4420238	Синематографъ	P571	дата основания / создания / возникновения	0	0	2006-01-01	0	0	0	0.09482408628418294
1991	синесия	Q16697856	Синесий	P570	дата смерти	0	0	1991-03-05	0	0	0	5.881283751421358
1923	синий	Q19219033	Синее	P577	дата публикации	0	0	1923-01-01	0	0	0	5.202830554036881
1969	синьян	Q404873	Синьян	P131	административно-территориальная единица	Округ Синьян	0	0	1969-01-01	1998-06-08	0	2.0615569796760953
1969	синьян	Q404873	Синьян	P131	административно-территориальная единица	Специальный район Синьян	0	0	1949-10-01	1968-12-31	0	2.0615569796760953
1957	сирануйши	Q4420722	Сирануш	P569	дата рождения	0	0	1857-05-25	0	0	0	3.157232353860671
1957	сирол	Q2443418	Сирола, Юрьё Элиас	P39	занимаемая должность	депутат Эдускунты Финляндии	0	0	1907-05-22	0	0	1.7747045810099498
[1972, 1973]	сискея	Q379042	Сискей	P571	дата основания / создания / возникновения	0	0	1972-08-01	0	0	0	-0.7057648083743284
2003	сисси	Q898237	Сисси	P54	член спортивной команды	San Jose CyberRays	0	0	2001-01-01	2003-01-01	0	2.0390625631686476
1923	ситковец	Q1999919	Ситковцы	P131	административно-территориальная единица	Ситковецкий район	0	0	1923-03-07	1959-01-21	0	2.065897153732583
[1933, 1934]	сиявуш	Q1532725	Сиявуш	P571	дата основания / создания / возникновения	0	0	1933-01-01	0	0	0	-0.524161175898774
[1964, 1972]	ска	Q3755081	СКА	P576	дата прекращения существования	0	0	1970-01-01	0	0	0	-0.340903573932941
[1941, 1945]	ска	Q2525070	СК Одесса	P571	дата основания / создания / возникновения	0	0	1944-01-01	0	0	0	1.0388402557362704
1929	ска	Q16715095	СКА	P1619	дата официального открытия	0	0	1927-10-01	0	0	0	1.7847640166227348
[1964, 1972]	ска	Q16715095	СКА	P571	дата основания / создания / возникновения	0	0	1966-01-01	0	0	0	-0.340903573932941
[1971, 1977]	скайлаб	Q190776	Скайлэб	P619	дата запуска космического корабля	0	0	1973-05-14	0	0	0	0.5050940344060583
1989	скобарихин	Q4421976	Скобарихин, Витт Фёдорович	P570	дата смерти	0	0	1989-08-25	0	0	0	3.8883971149227645
1949	скобельцын	Q2623088	Дмитрий Скобельцын	P1411	номинирован на	Нобелевская премия по физике	0	0	0	0	1947-01-01	1.7813852407446025
[1938, 1942]	скок	Q3919196	Скоки	P131	административно-территориальная единица	Мотыкальский сельсовет	0	0	1940-01-01	0	0	0.8150832875500681
[2006, 2007]	скопинец	Q15364356	Скопинцы	P131	административно-территориальная единица	Пасеговское сельское поселение	0	0	2006-01-01	0	0	-0.46516150011034946
1929	скопье	Q384	Скопье	P131	административно-территориальная единица	Вардарская бановина	0	0	1929-01-01	1941-01-01	0	6.1639164351812745
1929	скопье	Q384	Скопье	P131	административно-территориальная единица	Королевство Югославия	0	0	1922-01-01	1929-01-01	0	6.1639164351812745
[1944, 1945]	скопье	Q384	Скопье	P17	государство	Болгария	0	0	1941-04-22	1944-11-13	0	0.39149473995710143
[1944, 1945]	скопье	Q384	Скопье	P131	административно-территориальная единица	Третье Болгарское царство	0	0	1941-01-01	1944-01-01	0	0.39149473995710143
[1944, 1945]	скопье	Q384	Скопье	P131	административно-территориальная единица	СР Македония	0	0	1944-01-01	1991-01-01	0	0.39149473995710143
[1944, 1945]	скопье	Q384	Скопье	P17	государство	Королевство Югославия	0	0	1944-11-13	1945-11-29	0	0.39149473995710143
[1935, 1937]	скорсби	Q1333078	Скорсби	P138	названо в честь	Скорсби, Уильям	0	0	1935-01-01	0	0	0.21932133395927242
2004	скоч	Q4422468	Скоч, Андрей Владимирович	P39	занимаемая должность	Substitute of the Parliamentary Assembly of the Council of Europe	0	0	2004-03-01	2006-01-12	0	2.97515402532754
[1990, 1994]	скребнев	Q4422494	Скребнев, Юрий Максимович	P570	дата смерти	0	0	1993-01-01	0	0	0	-0.28317366095573493
1944	скулень	Q2633540	Скулень	P17	государство	Румыния	0	0	1941-07-02	1944-09-12	0	3.345900729337651
1944	скулень	Q2633540	Скулень	P17	государство	СССР	0	0	1944-09-12	1991-08-27	0	3.345900729337651
1991	скулень	Q2633540	Скулень	P17	государство	Молдавия	0	0	1991-08-27	0	0	2.395201354019098
1991	скулень	Q2633540	Скулень	P17	государство	СССР	0	0	1940-06-28	1941-07-02	0	2.395201354019098
1925	скшиньский	Q542627	Александр Скшиньский	P39	занимаемая должность	премьер-министр Польши	0	0	1925-11-20	1926-05-05	0	4.622068375919661
[1984, 1985]	славия	Q194393	Славия	P286	тренер	Jaroslav Jareš	0	0	1984-07-01	1986-06-30	0	-0.4572705241136794
[1965, 1968]	славия	Q194393	Славия	P286	тренер	Mirko Paráček	0	0	1966-09-01	1966-11-30	0	-0.47238984377843674
[1991, 2001]	славия	Q194393	Славия	P286	тренер	Pavel Tobiáš	0	0	1997-10-03	1998-04-30	0	-0.24391052991602047
[1991, 2001]	славия	Q194393	Славия	P286	тренер	Рада, Петр	0	0	1998-05-01	1998-06-30	0	-0.24391052991602047
[1991, 2001]	славия	Q194393	Славия	P286	тренер	Яролим, Карел	0	0	2000-11-05	2001-06-15	0	-0.24391052991602047
[1991, 2001]	славия	Q194393	Славия	P286	тренер	František Cipro	0	0	1999-07-30	2000-11-05	0	-0.24391052991602047
[1984, 1985]	славия	Q194393	Славия	P286	тренер	Мачала, Милан	0	0	1982-01-01	1984-06-30	0	-0.4572705241136794
[2003, 2004]	славия	Q194393	Славия	P286	тренер	Josef Csaplár	0	0	2003-12-11	2005-04-13	0	-0.20925273131712868
[1991, 2001]	славия	Q194393	Славия	P286	тренер	Гржебик, Ярослав	0	0	1998-07-01	1999-06-30	0	-0.24391052991602047
[1965, 1968]	славия	Q194393	Славия	P286	тренер	Франтишек Гавранек	0	0	1966-12-01	1968-10-31	0	-0.47238984377843674
[1965, 1968]	славия	Q194393	Славия	P286	тренер	Vratislav Fikejz	0	0	1966-08-01	1966-09-01	0	-0.47238984377843674
[1991, 2001]	славия	Q194393	Славия	P286	тренер	Мирослав Беранек	0	0	1994-07-01	1995-06-30	0	-0.24391052991602047
[1991, 2001]	славия	Q194393	Славия	P286	тренер	Jozef Jarabinský	0	0	1992-10-01	1993-10-31	0	-0.24391052991602047
[1991, 2001]	славия	Q194393	Славия	P118	выступает в лиге	Чемпионат Чехии по футболу	0	0	1993-01-01	0	0	-0.24391052991602047
[1965, 1968]	славия	Q194393	Славия	P286	тренер	František Ipser	0	0	1964-09-01	1966-08-01	0	-0.47238984377843674
[2003, 2004]	славия	Q194393	Славия	P286	тренер	Мирослав Беранек	0	0	2001-12-10	2003-12-10	0	-0.20925273131712868
[1952, 1953]	славия	Q194393	Славия	P286	тренер	Emil Seifert	0	0	1952-01-01	1953-12-31	0	-0.49882286279595517
[1991, 2001]	славия	Q194393	Славия	P286	тренер	František Cipro	0	0	1995-07-01	1997-10-03	0	-0.24391052991602047
[1991, 2001]	славия	Q194393	Славия	P286	тренер	Петржела, Властимил	0	0	1990-01-01	1992-09-30	0	-0.24391052991602047
[1991, 2001]	славия	Q194393	Славия	P286	тренер	Jindřich Dejmal	0	0	1993-11-01	1994-06-30	0	-0.24391052991602047
1942	славянин	Q4423011	Славяне	P571	дата основания / создания / возникновения	0	0	1942-01-01	0	0	0	3.0062252915574676
2007	слаповский	Q4423186	Слаповский, Алексей Иванович	P569	дата рождения	0	0	1957-07-29	0	0	0	2.1183213661503992
1955	сливкин	Q4423417	Сливкин, Евгений Александрович	P569	дата рождения	0	0	1955-01-01	0	0	0	3.8019829287236697
2005	слободище	Q19935493	Слободище	P131	административно-территориальная единица	Фёдоровское сельское поселение	0	0	2005-01-01	0	0	2.300417057532667
[1923, 1924]	слободище	Q4423595	Слободище	P131	административно-территориальная единица	Ильинецкий район	0	0	1923-01-01	0	0	0.9257811354458735
[1960, 1962]	слобожанский	Q4230273	Слобожанское	P571	дата основания / создания / возникновения	0	0	1960-01-01	0	0	0	-0.49425220613292414
1949	служанка	Q2068744	Служанки	P1191	первое исполнение	0	0	1947-04-01	0	0	0	2.296386822967296
1933	слюдянка	Q4424131	Слюдянка	P571	дата основания / создания / возникновения	0	0	1931-01-01	0	0	0	3.51172445801455
[2003, 2009]	смелый	Q13637057	Смелый	P131	административно-территориальная единица	Гордеевское сельское поселение	0	0	2005-01-01	0	0	-0.5806327401042547
[1923, 1935]	смена	Q4424291	Смена	P571	дата основания / создания / возникновения	0	0	1924-01-01	0	0	0	1.0653514302901845
1935	смена	Q1974896	Смена	P571	дата основания / создания / возникновения	0	0	1935-01-01	0	0	0	1.6545268854585424
[1995, 1997]	смерч	Q683663	Смерч	P577	дата публикации	0	0	1996-05-10	0	0	0	-0.2628114602641752
[1995, 1997]	смерч	Q683663	Смерч	P577	дата публикации	0	0	1996-09-05	0	0	0	-0.2628114602641752
[1993, 2001]	смехопанорама	Q4424482	Смехопанорама	P449	первоначальная телесеть	1-й канал Останкино	0	0	0	0	1994-01-01	-0.1438347882918553
[1993, 2001]	смехопанорама	Q4424482	Смехопанорама	P580	дата начала	0	0	1994-01-09	0	0	0	-0.1438347882918553
2004	смехопанорама	Q4424482	Смехопанорама	P86	композитор	Гарнизов, Алексей Альбертович	0	0	0	0	2004-01-01	2.0542313011143727
2004	смехопанорама	Q4424482	Смехопанорама	P449	первоначальная телесеть	Россия-1	0	0	0	0	2004-01-01	2.0542313011143727
[1974, 1978]	смилевский	Q918941	(2580) Смилевския	P575	дата открытия	0	0	1977-08-18	0	0	0	-0.34831416982805613
[1967, 1968]	смуул	Q1711542	Смуул, Юхан	P166	полученные награды	орден Ленина	0	0	0	0	1967-01-01	-0.3123055867075658
[2001, 2006]	смыч	Q4425327	Смыч	P131	административно-территориальная единица	Передольское сельское поселение	0	0	2005-01-01	0	0	-0.47067882178536996
[1974, 1976]	снайпер	Q2460914	Снайпер	P577	дата публикации	0	0	1975-01-01	0	0	0	-0.28449544346469874
1992	снг	Q7779	Содружество Независимых Государств	P571	дата основания / создания / возникновения	0	0	1991-12-08	0	0	0	2.607048445941284
[1957, 1964]	снегга	Q176772	Северус Снегг	P569	дата рождения	0	0	1960-01-09	0	0	0	-0.25803688588564944
1923	снегурочка	Q502153	Снегурочка	P577	дата публикации	0	0	1873-01-01	0	0	0	2.2636335952165783
1923	снегурочка	Q502153	Снегурочка	P571	дата основания / создания / возникновения	0	0	1873-01-01	0	0	0	2.2636335952165783
1953	снегурочка	Q2033042	Снегурочка	P577	дата публикации	0	0	1952-01-01	0	0	0	2.4315501963111585
1923	снегурочка	Q502153	Снегурочка	P1191	первое исполнение	0	0	1873-05-11	0	0	0	2.2636335952165783
1936	снеллиус	Q1338462	Снеллиус	P138	названо в честь	Снелл, Виллеброрд	0	0	1935-01-01	0	0	2.047147045693198
[1956, 1967]	снииггимс	Q4418276	Сибирский НИИ геологии, геофизики и минерального сырья	P571	дата основания / создания / возникновения	0	0	1957-01-01	0	0	0	0.14215012638442304
[1970, 1973]	сниткин	Q4425601	Сниткин, Сергей Владимирович	P569	дата рождения	0	0	1970-03-27	0	0	0	-0.42588946060643773
2009	снукер	Q2165733	Снукер Плюс	P585	момент времени	0	0	1959-01-01	0	0	0	2.9579114689918713
1930	совкин	Q3492475	Совкино	P576	дата прекращения существования	0	0	1930-01-01	0	0	0	1.6535717378034172
[1928, 1933]	соглядатай	Q2354427	Соглядатай	P577	дата публикации	0	0	1930-01-01	0	0	0	-0.4092586846870898
1966	сойбельман	Q4426845	Сойбельман, Леонид	P569	дата рождения	0	0	1966-07-20	0	0	0	3.3180114092553463
[1987, 1988]	сойбельман	Q4426845	Сойбельман, Леонид	P2031	начало периода активности	0	0	1987-01-01	0	0	0	-0.6623937747645293
[1979, 1987]	сокол	Q1150923	Бережаны	P571	дата основания / создания / возникновения	0	0	1982-01-01	0	0	0	-0.43436349601673996
1940	сокол	Q7733165	Сокол	P571	дата основания / создания / возникновения	0	0	1940-01-01	0	0	0	2.2540484714912905
1938	сокол	Q19916572	Сокол	P571	дата основания / создания / возникновения	0	0	1938-01-01	0	0	0	3.8813230851848157
[2006, 2007]	соколова	Q15409578	Соколовы	P131	административно-территориальная единица	Вонданское сельское поселение	0	0	2006-01-01	0	0	-0.6191134487189036
[2002, 2005]	соколовка	Q25731142	Соколовка	P131	административно-территориальная единица	Называевский район	0	0	1925-05-25	2004-07-30	0	-0.2753771126722039
[2002, 2005]	соколовка	Q25731142	Соколовка	P131	административно-территориальная единица	Большепесчанское сельское поселение	0	0	2004-07-30	0	0	-0.2753771126722039
[1981, 1988]	сократес	Q102331	Сократес	P54	член спортивной команды	Фиорентина	0	0	1984-01-01	1985-01-01	0	-0.0735494182170511
[1981, 1988]	сократес	Q102331	Сократес	P54	член спортивной команды	Фламенго	0	0	1986-01-01	1987-01-01	0	-0.0735494182170511
[1981, 1988]	сократес	Q102331	Сократес	P54	член спортивной команды	сборная Бразилии по футболу	0	0	1979-01-01	1986-01-01	0	-0.0735494182170511
[2002, 2009]	сократес	Q102331	Сократес	P54	член спортивной команды	Гарфорт Таун	0	0	2004-01-01	2004-01-01	0	0.4371918203310637
[1981, 1988]	сократес	Q102331	Сократес	P54	член спортивной команды	Коринтианс	0	0	1978-01-01	1984-01-01	0	-0.0735494182170511
[1974, 1975]	сократес	Q102331	Сократес	P54	член спортивной команды	Ботафого	0	0	1974-01-01	1978-01-01	0	-0.32992957087918995
[2002, 2005]	солдатово	Q24728332	Солдатово	P131	административно-территориальная единица	Акутихинский сельсовет	0	0	2003-12-01	0	0	-0.3576166059608287
1978	солиев	Q1589321	Солиев, Анвар Ахмаджонович	P569	дата рождения	0	0	1978-02-05	0	0	0	2.718144676027068
[1973, 1981]	солнечный	Q4427840	Солнечный	P571	дата основания / создания / возникновения	0	0	1974-01-01	0	0	0	-0.6866646632222921
[2002, 2003]	соловки	Q21343394	Соловки	P571	дата основания / создания / возникновения	0	0	2002-01-01	0	0	0	0.9764767967784875
[1998, 2006]	соловьяненко	Q488006	Анатолий Борисович Соловьяненко	P570	дата смерти	0	0	1999-07-29	0	0	0	0.43490012793520777
[1981, 1982]	солотурн	Q68965	Золотурн	P6	глава правительства	Urs Scheidegger	0	0	1981-01-01	1992-01-01	0	-0.7125790769728837
[1981, 1982]	солотурн	Q68965	Золотурн	P6	глава правительства	Фриц Шнайдер	0	0	1969-01-01	1981-01-01	0	-0.7125790769728837
[1966, 1969]	солотурн	Q68965	Золотурн	P6	глава правительства	Robert Kurt	0	0	1953-01-01	1968-01-01	0	-0.500618193834196
1973	сольный	Q10673304	Сольна	P131	административно-территориальная единица	Сольна	0	0	1971-01-01	0	0	3.2942063588864383
1930	соляной	Q4428607	Соляные	P1249	первое письменное упоминание	0	0	1880-01-01	0	0	0	2.3391496038808866
[1974, 1975]	сомали	Q1045	Сомали	P463	участник организации или клуба	Лига арабских государств	0	0	1974-02-14	0	0	0.17951270271570285
1961	сомали	Q1045	Сомали	P463	участник организации или клуба	Организация Объединённых Наций	0	0	1960-09-20	0	0	2.689718587847848
1961	сомали	Q1045	Сомали	P463	участник организации или клуба	ЮНЕСКО	0	0	1960-11-15	0	0	2.689718587847848
1962	сомали	Q1045	Сомали	P463	участник организации или клуба	Международный банк реконструкции и развития	0	0	1962-08-31	0	0	2.527924878867916
1962	сомали	Q1045	Сомали	P463	участник организации или клуба	Международная финансовая корпорация	0	0	1962-08-31	0	0	2.527924878867916
1962	сомали	Q1045	Сомали	P463	участник организации или клуба	Международная ассоциация развития	0	0	1962-08-31	0	0	2.527924878867916
1962	сомали	Q1045	Сомали	P463	участник организации или клуба	Международный союз электросвязи	0	0	1962-09-28	0	0	2.527924878867916
1964	сомало	Q2273865	Сомало	P582	дата окончания	0	0	1963-12-31	0	0	0	2.507375926985182
[1985, 1986]	сомный	Q483212	Сомён	P571	дата основания / создания / возникновения	0	0	1985-01-01	0	0	0	-0.24851981611124774
[1985, 1986]	сомный	Q483212	Сомён	P1619	дата официального открытия	0	0	1985-07-19	0	0	0	-0.24851981611124774
1923	сонет	Q31776878	Спешите к мёртвым вы! Что там найдёте	P577	дата публикации	0	0	1823-01-01	0	0	0	1.7053319811383385
[1983, 1987]	сонет	Q615589	(3821) Сонет	P575	дата открытия	0	0	1985-09-06	0	0	0	0.1669705261697446
[1973, 1974]	соня	Q131045	Соня	P166	полученные награды	орден Слона	0	0	0	0	1973-01-01	-0.281058327387543
[1982, 1983]	соня	Q131045	Соня	P166	полученные награды	премия Нансена	0	0	0	0	1982-01-01	-0.4999974967902412
[2007, 2009]	соня	Q131045	Соня	P166	полученные награды	медаль Хольменколлена	0	0	0	0	2007-01-01	0.6047290335371613
[2007, 2009]	соня	Q131045	Соня	P166	полученные награды	Grand Cross of the Military Order of Christ	0	0	0	0	2008-05-26	0.6047290335371613
[1997, 2003]	соня	Q131045	Соня	P166	полученные награды	Q11965232	0	0	0	0	2000-01-01	-0.5476838013311754
[2006, 2009]	сор	Q21151	Сорё	P6	глава правительства	Иван Хансен	0	0	2007-01-01	2013-12-31	0	-0.5562208904048744
[2006, 2009]	сор	Q21151	Сорё	P131	административно-территориальная единица	Зеландия	0	0	2007-01-01	0	0	-0.5562208904048744
[1991, 2002]	сорм	Q914521	СОРМ	P571	дата основания / создания / возникновения	0	0	1995-01-01	0	0	0	0.2471626713052787
1940	сосна	Q43376284	Сосны	P571	дата основания / создания / возникновения	0	0	1890-01-01	0	0	0	2.3483307197776675
[1939, 1940]	сосновка	Q24728353	Сосновка	P571	дата основания / создания / возникновения	0	0	1939-01-01	0	0	0	-0.3853764599777546
[1964, 1979]	сотников	Q6535256	Сотников	P571	дата основания / создания / возникновения	0	0	1969-01-01	0	0	0	0.20632463243217325
[1964, 1979]	сотников	Q6535256	Сотников	P577	дата публикации	0	0	1970-01-01	0	0	0	0.20632463243217325
[1947, 1948]	софиевка	Q4429970	Софиевка	P571	дата основания / создания / возникновения	0	0	1947-01-01	0	0	0	-0.2357717818405493
[1950, 1958]	софиевка	Q4429972	Софиевка	P571	дата основания / создания / возникновения	0	0	1950-01-01	0	0	0	-0.16447070315930137
1945	софия	Q18278038	София	P569	дата рождения	0	0	1845-01-01	0	0	0	3.137056430040293
[1968, 1972]	софия	Q10673010	София	P131	административно-территориальная единица	Стокгольм	0	0	1971-01-01	0	0	-0.5865200689284338
[1952, 1960]	сохань	Q4430134	Сохань, Игорь Павлович	P569	дата рождения	0	0	1957-01-01	0	0	0	-0.3754811133379479
1931	сошальский	Q4430400	Владимир Борисович Сошальский	P569	дата рождения	0	0	1929-06-14	0	0	0	4.074152432089151
[1946, 1949]	сошальский	Q4430400	Владимир Борисович Сошальский	P2031	начало периода активности	0	0	1948-01-01	0	0	0	0.0034363893693136194
[1937, 1945]	союзник	Q329888	Антигитлеровская коалиция	P571	дата основания / создания / возникновения	0	0	1939-01-01	0	0	0	1.1486455543472276
1933	спавента	Q828653	Спавента, Бертрандо	P570	дата смерти	0	0	1883-09-20	0	0	0	4.7160806294984
[2006, 2009]	спартак	Q2093921	Спартак	P571	дата основания / создания / возникновения	0	0	2007-01-01	0	0	0	-0.2662173724244449
[2005, 2009]	спасать	Q1692920	Спас	P571	дата основания / создания / возникновения	0	0	2005-01-01	0	0	0	-0.4270935171463254
[1985, 1987]	спасский	Q3597027	(11268) Спасский	P575	дата открытия	0	0	1985-10-22	0	0	0	-0.828706227197818
[1924, 1930]	спасское	Q18801803	Спасское	P131	административно-территориальная единица	Медвенский район	0	0	1928-07-30	2010-04-26	0	0.08976327014683443
[1979, 1980]	спиди	Q1792492	Спиди	P569	дата рождения	0	0	1979-09-10	0	0	0	-0.6789050389017888
[1999, 2000]	спиди	Q1792492	Спиди	P2031	начало периода активности	0	0	1999-01-01	0	0	0	-0.41924841538336
[1990, 1996]	спиноза	Q758595	(7142) Спиноза	P575	дата открытия	0	0	1994-08-12	0	0	0	-0.15991830580564623
[2000, 2009]	сплетница	Q2020597	Сплетница	P577	дата публикации	0	0	2002-01-01	0	0	0	-0.1915812905545835
[2000, 2009]	сплетница	Q199853	Сплетница	P1191	первое исполнение	0	0	2007-09-18	0	0	0	-0.1915812905545835
[2000, 2009]	сплетница	Q199853	Сплетница	P577	дата публикации	0	0	2000-01-01	0	0	0	-0.1915812905545835
[2000, 2009]	сплетница	Q199853	Сплетница	P580	дата начала	0	0	2007-09-19	0	0	0	-0.1915812905545835
[1959, 1963]	сподумен	Q120547	сподумен	P579	IMA-статус	вспомогательный статус: опубликован до 1959 года	0	0	1800-01-01	1962-01-01	0	0.832041825044308
2009	спортивный	Q2352075	Спортивная	P81	железнодорожная линия	Правобережная линия	0	0	1997-09-15	2009-03-07	0	2.565208786440161
2009	спортивный	Q2352075	Спортивная	P81	железнодорожная линия	Фрунзенско-Приморская линия	0	0	2009-03-07	0	0	2.565208786440161
1961	спортинг	Q12278	Спортинг	P118	выступает в лиге	Вторая лига Испании по футболу	0	0	1959-01-01	1970-01-01	0	5.157713183107643
1961	спортинг	Q12278	Спортинг	P118	выступает в лиге	Ла Лига	0	0	1957-01-01	1959-01-01	0	5.157713183107643
[2008, 2009]	спортинг	Q12278	Спортинг	P118	выступает в лиге	Ла Лига	0	0	2008-01-01	2012-01-01	0	0.5332234180830212
[2008, 2009]	спортинг	Q12278	Спортинг	P118	выступает в лиге	Вторая лига Испании по футболу	0	0	1998-01-01	2008-01-01	0	0.5332234180830212
[1997, 2000]	спортинг	Q12278	Спортинг	P118	выступает в лиге	Ла Лига	0	0	1977-01-01	1998-01-01	0	0.35793947705453044
[2002, 2004]	срог	Q3597293	(128062) Срог	P575	дата открытия	0	0	2003-07-06	0	0	0	-0.4214789612047523
1924	ссср	Q15180	СССР	P793	ключевое событие	Договор об образовании СССР	0	0	0	0	1922-12-30	3.5125121366631182
[1985, 1989]	ставрополь	Q1341	Тольятти	P166	полученные награды	орден Трудового Красного Знамени	0	0	0	0	1987-12-30	-0.5937756640228893
[1962, 1968]	стажер	Q2107668	Стажёры	P577	дата публикации	0	0	1962-01-01	0	0	0	-0.07922448772881673
[2003, 2008]	старейшина	Q1517662	Старейшины	P571	дата основания / создания / возникновения	0	0	2007-01-01	0	0	0	-0.41877594210511954
[1978, 1985]	старик	Q3873258	Старики	P577	дата публикации	0	0	1979-01-01	0	0	0	-0.32648222696219587
[2002, 2009]	старинка	Q19830503	Старинки	P131	административно-территориальная единица	Каринское сельское поселение	0	0	2005-05-16	0	0	-0.5964509243343112
[1923, 1927]	староселье	Q4440632	Староселье	P131	административно-территориальная единица	Городищенский район	0	0	1923-03-07	0	0	-0.3348192640170421
[2004, 2008]	старый	Q18401740	Старая	P131	административно-территориальная единица	Торопацкое сельское поселение	0	0	2005-01-01	0	0	-0.5428090989146218
1975	стаффорд	Q678347	Стаффорд	P571	дата основания / создания / возникновения	0	0	1974-04-01	0	0	0	4.071207788917956
1962	стейнбек	Q39212	Джон Стейнбек	P1411	номинирован на	Нобелевская премия по литературе	0	0	0	0	1962-01-01	1.7474129440936554
1943	стейнбек	Q39212	Джон Стейнбек	P1411	номинирован на	Нобелевская премия по литературе	0	0	0	0	1943-01-01	2.068422501078656
1940	стейнбек	Q39212	Джон Стейнбек	P166	полученные награды	Пулицеровская премия за художественную книгу	0	0	0	0	1940-01-01	4.239070406917978
1962	стейнбек	Q39212	Джон Стейнбек	P166	полученные награды	Нобелевская премия по литературе	0	0	0	0	1962-01-01	1.7474129440936554
[1959, 1966]	стейнбек	Q39212	Джон Стейнбек	P166	полученные награды	Президентская медаль Свободы	0	0	0	0	1964-09-01	0.5843248669734962
[1959, 1966]	стейнбек	Q39212	Джон Стейнбек	P1411	номинирован на	Нобелевская премия по литературе	0	0	0	0	1959-01-01	0.5843248669734962
1940	стейнбек	Q39212	Джон Стейнбек	P166	полученные награды	Национальная книжная премия за лучшее фантастическое  произведение	0	0	0	0	1939-01-01	4.239070406917978
1962	стейнбек	Q39212	Джон Стейнбек	P1411	номинирован на	Нобелевская премия по литературе	0	0	0	0	1961-01-01	1.7474129440936554
1962	стейнбек	Q39212	Джон Стейнбек	P1411	номинирован на	Нобелевская премия по литературе	0	0	0	0	1960-01-01	1.7474129440936554
[1984, 1985]	стеллинг	Q1704075	Стеллинг, Йос	P166	полученные награды	Golden Calf for Best Feature Film	0	0	0	0	1984-01-01	-0.321160603391764
1992	степанакерт	Q129352	Степанакерт	P131	административно-территориальная единица	Азербайджан	0	0	1991-12-26	0	0	2.664123965681608
1992	степанакерт	Q129352	Степанакерт	P131	административно-территориальная единица	Нагорно-Карабахская автономная область	0	0	1923-07-07	1991-12-26	0	2.664123965681608
1992	степанакерт	Q129352	Степанакерт	P131	административно-территориальная единица	Нагорно-Карабахская Республика	0	0	1991-01-01	0	0	2.664123965681608
[2003, 2005]	степановка	Q21644573	Степановка	P576	дата прекращения существования	0	0	2004-01-01	0	0	0	-0.6026441988016532
1928	степановка	Q4441932	Степановка	P131	административно-территориальная единица	Степановский район	0	0	1923-03-07	1927-01-01	0	2.8015194411369597
1928	степановка	Q25509403	Степановка	P571	дата основания / создания / возникновения	0	0	1926-01-01	0	0	0	2.8015194411369597
1928	степановка	Q4441932	Степановка	P131	административно-территориальная единица	Сумский район	0	0	1927-01-01	0	0	2.8015194411369597
2008	степановка	Q13649245	Степановка	P131	административно-территориальная единица	Александровское сельское поселение	0	0	2006-07-07	0	0	3.674969729557302
[2006, 2007]	степной	Q19694262	Степная	P131	административно-территориальная единица	Канахинское сельское поселение	0	0	2006-01-01	0	0	-0.9781125172062952
[1923, 1925]	степовой	Q4442208	Степовое	P571	дата основания / создания / возникновения	0	0	1924-01-01	0	0	0	-0.4600268533353698
[1927, 1931]	степовой	Q4125301	Степовое	P571	дата основания / создания / возникновения	0	0	1930-01-01	0	0	0	0.22967805146197434
[2000, 2002]	стерва	Q198451	Стерва	P577	дата публикации	0	0	2001-11-01	0	0	0	-0.30239834376714536
[2000, 2002]	стерва	Q198451	Стерва	P577	дата публикации	0	0	2001-01-01	0	0	0	-0.30239834376714536
1942	стервятник	Q20001724	Стервятники	P577	дата публикации	0	0	1941-01-01	0	0	0	5.982541990033224
1947	стилуэлл	Q1992906	Стилуэлл	P571	дата основания / создания / возникновения	0	0	1897-01-01	0	0	0	2.640863163097154
[1955, 1957]	стип	Q4442631	Стип, Фредерик	P570	дата смерти	0	0	1956-09-14	0	0	0	-0.053425826440571374
[1972, 1974]	стих	Q7207367	Стихи	P577	дата публикации	0	0	1973-10-01	0	0	0	-0.19529604773587195
[1962, 1976]	стокс	Q2802033	Стокс	P138	названо в честь	Джордж Габриель Стокс	0	0	1964-01-01	0	0	0.05913096392236101
2001	столтенберг	Q57665	Йенс Столтенберг	P39	занимаемая должность	член стортинга	0	0	1997-01-01	2001-01-01	0	3.343945153305065
2001	столтенберг	Q57665	Йенс Столтенберг	P39	занимаемая должность	премьер-министр Норвегии	0	0	2000-03-17	2001-10-19	0	3.343945153305065
[1988, 1995]	столтенберг	Q57665	Йенс Столтенберг	P39	занимаемая должность	член стортинга	0	0	1991-11-22	1993-09-30	0	0.12689457162873663
[1988, 1995]	столтенберг	Q57665	Йенс Столтенберг	P39	занимаемая должность	Minister of Petroleum and Energy	0	0	1993-10-07	1996-10-24	0	0.12689457162873663
[1988, 1995]	столтенберг	Q57665	Йенс Столтенберг	P39	занимаемая должность	заместитель члена стортинга Норвегии	0	0	1989-01-01	1993-01-01	0	0.12689457162873663
[1988, 1995]	столтенберг	Q57665	Йенс Столтенберг	P39	занимаемая должность	член стортинга	0	0	1993-01-01	1997-01-01	0	0.12689457162873663
2001	столтенберг	Q57665	Йенс Столтенберг	P39	занимаемая должность	член стортинга	0	0	2001-01-01	2005-01-01	0	3.343945153305065
1940	стопчатов	Q4443083	Стопчатов	P131	административно-территориальная единица	Q9270216	0	0	1934-08-01	1940-01-01	0	2.1358776047351204
1940	стопчатов	Q4443083	Стопчатов	P131	административно-территориальная единица	Косовский район	0	0	1940-01-01	0	0	2.1358776047351204
[1982, 1983]	стоцкая	Q1091701	Анастасия Стоцкая	P569	дата рождения	0	0	1982-10-07	0	0	0	-0.3744218671420879
2004	страг	Q1353687	Страговский стадион	P1435	статус наследия	памятник культуры Чехии	0	0	2003-03-06	0	0	3.831717805665898
[1995, 1999]	странджа	Q12295654	Странджа	P571	дата основания / создания / возникновения	0	0	1995-01-01	0	0	0	0.22585064418740947
1994	странник	Q1214683	Странник	P582	дата окончания	0	0	1994-12-07	0	0	0	1.8664944389641127
[1988, 1997]	странник	Q390467	Странник	P577	дата публикации	0	0	1991-01-01	0	0	0	0.825871943942816
1994	странник	Q1214683	Странник	P580	дата начала	0	0	1994-09-14	0	0	0	1.8664944389641127
1995	страуб	Q364189	Страуб, Питер	P1411	номинирован на	Всемирная премия фэнтези за лучшую повесть	0	0	0	0	1995-01-01	3.2401090895692053
1994	страуб	Q364189	Страуб, Питер	P166	полученные награды	Всемирная премия фэнтези за лучшую повесть	0	0	0	0	1993-01-01	1.9762351204877666
1994	страуб	Q364189	Страуб, Питер	P166	полученные награды	премия Брэма Стокера за лучший роман	0	0	0	0	1993-01-01	1.9762351204877666
[1984, 1985]	страуб	Q364189	Страуб, Питер	P1411	номинирован на	премия «Локус» за лучший роман фэнтези	0	0	0	0	1984-01-01	-0.6061974975028999
[1984, 1985]	страуб	Q364189	Страуб, Питер	P166	полученные награды	премия Августа Дерлета	0	0	0	0	1984-01-01	-0.6061974975028999
1994	страуб	Q364189	Страуб, Питер	P1411	номинирован на	Всемирная премия фэнтези за лучшую повесть	0	0	0	0	1993-01-01	1.9762351204877666
1994	страуб	Q364189	Страуб, Питер	P1411	номинирован на	Всемирная премия фэнтези за лучший роман	0	0	0	0	1994-01-01	1.9762351204877666
1953	страусс	Q156343	Ливай Страусс	P828	причиной является	Q2932466	0	0	0	0	1853-01-01	2.313554134098506
[1975, 1977]	стрельский	Q17249885	Стрельское	P571	дата основания / создания / возникновения	0	0	1975-01-01	0	0	0	-0.5547141607155315
[1947, 1955]	строитель	Q4318155	Нефтяник	P571	дата основания / создания / возникновения	0	0	1947-01-01	0	0	0	0.5108243533708869
[1974, 1980]	строитель	Q4444128	Строитель	P571	дата основания / создания / возникновения	0	0	1979-01-01	0	0	0	-0.30902494015372667
[1972, 1976]	строка	Q4444192	Оскар Строк	P570	дата смерти	0	0	1975-06-22	0	0	0	-0.43211905580777793
1987	стэнтон	Q377035	Стэнтон	P571	дата основания / создания / возникновения	0	0	1887-06-17	0	0	0	2.5576124985378956
1942	суворов	Q4445162	Суворов	P577	дата публикации	0	0	1941-01-01	0	0	0	2.036609650122727
[1949, 1951]	суворов	Q196501	Суворов	P571	дата основания / создания / возникновения	0	0	1949-01-01	0	0	0	0.1833554549918417
[1960, 1964]	судан	Q508014	Французский Судан	P576	дата прекращения существования	0	0	1960-01-01	0	0	0	0.4994494514575196
1925	суданка	Q4445347	Суданка	P571	дата основания / создания / возникновения	0	0	1925-01-01	0	0	0	2.2266386843155987
1924	судачий	Q4445361	Судачье	P571	дата основания / создания / возникновения	0	0	1923-01-01	0	0	0	5.26682838473123
1999	сузана	Q737670	Сузану	P571	дата основания / создания / возникновения	0	0	1949-04-02	0	0	0	4.511240352568623
1957	суйдэ	Q1201296	Суйдэ	P131	административно-территориальная единица	Специальный район Юйлинь	0	0	1956-01-01	1968-12-31	0	2.2317268796711875
1957	суйдэ	Q1201296	Суйдэ	P131	административно-территориальная единица	Специальный район Суйдэ	0	0	1950-01-01	1955-12-31	0	2.2317268796711875
1986	султангазин	Q4445698	Султангазин, Умирзак Махмутович	P569	дата рождения	0	0	1936-10-04	0	0	0	2.946793211230744
[1965, 1966]	сум	Q3976948	Сумов	P571	дата основания / создания / возникновения	0	0	1965-01-01	0	0	0	-0.15154195021733094
[1991, 2001]	сум	Q487888	узбекский сум	P580	дата начала	0	0	1994-07-01	0	0	0	0.03351555632434458
[2006, 2007]	сун	Q18802908	Суна	P131	административно-территориальная единица	Сунское сельское поселение	0	0	2006-01-01	0	0	-0.6267919238152602
1946	сундукян	Q2379482	Сундукян, Габриел Мкртичевич	P69	учебное заведение	Санкт-Петербургский государственный университет	0	0	1846-01-01	1850-01-01	0	2.3228411344217603
2005	сунна	Q501205	Сунне	P361	часть от	Q61569850	0	0	2005-02-07	0	0	2.5038178809238767
[1988, 1992]	суоменлинн	Q1292442	Свеаборг	P1435	статус наследия	всемирное наследие	0	0	1991-01-01	0	0	-0.5137693329698618
[1926, 1927]	супрематизм	Q27508711	Супрематизм	P276	местонахождение	Государственный Русский музей	0	0	1926-01-01	0	0	-0.21101040156767698
[1926, 1927]	супрематизм	Q27518196	Супрематизм	P276	местонахождение	Государственный Русский музей	0	0	1926-01-01	0	0	-0.21101040156767698
[1994, 2003]	сургутнефтегаз	Q16703453	Сургутнефтегаз	P571	дата основания / создания / возникновения	0	0	1996-01-01	0	0	0	0.8746249611352624
[1960, 1993]	суть	Q3417248	Суть	P577	дата публикации	0	0	1984-01-01	0	0	0	0.11586450452524003
[1973, 1977]	сутьеска	Q648289	Сутьеска	P577	дата публикации	0	0	1973-01-01	0	0	0	0.23313563226667283
1940	суховолить	Q547381	Суховоля	P131	административно-территориальная единица	Q29957707	0	0	1920-01-01	1940-01-15	0	2.6687827036201313
[2003, 2007]	суходол	Q19884905	Суходол	P131	административно-территориальная единица	Павловское сельское поселение	0	0	2004-11-26	0	0	-0.21296514438957267
[1969, 1976]	сухомлинский	Q2390339	Сухомлинский, Василий Александрович	P570	дата смерти	0	0	1970-09-02	0	0	0	0.8845476867215232
[1928, 1932]	сухонос	Q4447346	Сухоносов, Пётр Петрович	P569	дата рождения	0	0	1929-07-07	0	0	0	-0.4645956935407184
[1961, 1962]	суэтин	Q2164439	Суэтин, Алексей Степанович	P2962	шахматный титул	международный мастер	0	0	1961-01-01	0	0	-0.7720135127381405
1983	суюн	Q2025933	Суюнов, Ильхом Анварович	P569	дата рождения	0	0	1983-05-17	0	0	0	2.6499886788773104
[1956, 1957]	сфакс	Q241145	Сфакс	P571	дата основания / создания / возникновения	0	0	1956-01-01	0	0	0	-0.16100231476280585
1937	счастливец	Q4447782	Счастливцев, Вадим Михайлович	P569	дата рождения	0	0	1935-11-24	0	0	0	2.9245670801913195
[1944, 1946]	счастливый	Q4215263	Счастливое	P571	дата основания / создания / возникновения	0	0	1944-01-01	0	0	0	0.8777387962573612
1967	счетмаш	Q28919164	Счётмаш	P1056	продукция	Вега	0	0	1965-01-01	0	0	1.6727876005923286
1924	сыпь	Q19223283	Сыпь	P571	дата основания / создания / возникновения	0	0	1923-01-01	0	0	0	2.435333534171785
1948	сырница	Q405972	Сырница	P571	дата основания / создания / возникновения	0	0	1947-01-01	0	0	0	4.5759415857004395
[2006, 2007]	сырчан	Q15364660	Сырчаны	P131	административно-территориальная единица	Медведское сельское поселение	0	0	2006-01-01	0	0	-0.49511578058663275
[2005, 2008]	сырьян	Q15364658	Сырьяны	P131	административно-территориальная единица	Всехсвятское сельское поселение	0	0	2006-01-01	0	0	-0.40657889151004145
[2005, 2008]	сырьян	Q15364658	Сырьяны	P131	административно-территориальная единица	Белохолуницкий район	0	0	1929-07-29	2006-01-01	0	-0.40657889151004145
[1955, 1957]	сэксон	Q470591	Джон Сэксон	P2031	начало периода активности	0	0	1955-01-01	0	0	0	0.7548051221510362
[1975, 1979]	сэмпсон	Q2217659	Сэмпсон	P138	названо в честь	Сэмпсон, Ральф Аллен	0	0	1976-01-01	0	0	0.7616099581248121
1992	сэндерсон	Q720297	Сэндерсон, Джефф	P118	выступает в лиге	Национальная хоккейная лига	0	0	1990-01-01	2008-01-01	0	3.458289213892644
1994	шабала	Q2159992	Шабала, Валерий	P569	дата рождения	0	0	1994-10-12	0	0	0	1.8921602460771394
[1958, 1962]	шабур	Q15379910	Шабуры	P131	административно-территориальная единица	Опаринский район	0	0	1924-04-10	1959-09-14	0	0.25519738000797243
[1990, 1997]	шавля	Q134712	Шяуляй	P131	административно-территориальная единица	Šiauliai City Municipality	0	0	1990-04-04	0	0	-0.2836905366770551
[2003, 2005]	шадид	Q573995	Шадид, Энтони	P166	полученные награды	Michael Kelly Award	0	0	0	0	2004-01-01	0.8259570110942501
[2003, 2005]	шадид	Q573995	Шадид, Энтони	P166	полученные награды	Пулитцеровская премия за международный репортаж	0	0	0	0	2004-01-01	0.8259570110942501
2003	шадид	Q573995	Шадид, Энтони	P166	полученные награды	премия Джорджа Полка	0	0	0	0	2002-01-01	2.3298820986561144
[1974, 1977]	шайдак	Q4519427	Шайдаков, Максим	P569	дата рождения	0	0	1975-06-15	0	0	0	-0.18333802995933005
[1981, 1983]	шалаев	Q4519628	Мария Шалаева	P569	дата рождения	0	0	1981-03-15	0	0	0	0.30128365240952243
[2006, 2009]	шалаш	Q12171005	Шалаши	P131	административно-территориальная единица	Понинское сельское поселение	0	0	2006-01-01	0	0	-0.45347095129273357
[1929, 1930]	шамах	Q388224	Шемаха	P131	административно-территориальная единица	Шемахинский уезд	0	0	1840-04-22	1929-01-01	0	-0.10010946578022417
[1988, 1992]	шамшадиный	Q2047275	Шамшадинский район	P131	административно-территориальная единица	Армения	0	0	1991-08-23	1995-04-11	0	-0.21077657158561275
[1988, 1992]	шамшадиный	Q2047275	Шамшадинский район	P17	государство	Армения	0	0	1991-08-23	1995-04-11	0	-0.21077657158561275
1987	шанаев	Q1657796	Шанаева, Аида Владимировна	P569	дата рождения	0	0	1986-04-23	0	0	0	1.7446428472919033
1943	шаннона	Q584102	Шаннон	P571	дата основания / создания / возникновения	0	0	1942-01-01	0	0	0	1.8760660320503897
[1976, 2009]	шанс	Q4520081	Шанс	P577	дата публикации	0	0	1984-01-01	0	0	0	0.30398558808846354
1950	шаньхайгуань	Q1152171	Шаньхайгуань	P131	административно-территориальная единица	Ляоси	0	0	1949-01-01	1952-12-31	0	2.2281759886596038
1953	шаньхайгуань	Q1152171	Шаньхайгуань	P131	административно-территориальная единица	Циньхуандао	0	0	1953-01-01	0	0	1.6684303232823823
[1972, 1976]	шапокляк	Q2278458	Шапокляк	P577	дата публикации	0	0	1974-01-01	0	0	0	0.018429879643888737
[1963, 1964]	шарада	Q496266	Шарада	P577	дата публикации	0	0	1963-12-13	0	0	0	0.46884949825983346
[1963, 1964]	шарада	Q496266	Шарада	P577	дата публикации	0	0	1963-12-05	0	0	0	0.46884949825983346
[1980, 1984]	шарбонный	Q4520472	Шарбонно, Паскаль	P569	дата рождения	0	0	1983-05-06	0	0	0	-0.5018706055908903
[1960, 1964]	шарет	Q208477	Шарет, Моше	P39	занимаемая должность	депутат кнессета	0	0	1959-11-30	1961-09-04	0	-0.29366596111256704
[1949, 1952]	шарет	Q208477	Шарет, Моше	P39	занимаемая должность	депутат кнессета	0	0	1951-08-20	1955-08-15	0	-0.4330146010685318
[1954, 1955]	шарет	Q208477	Шарет, Моше	P39	занимаемая должность	премьер-министр Израиля	0	0	1954-01-26	1955-11-03	0	-0.4782036001923812
[1960, 1964]	шарет	Q208477	Шарет, Моше	P39	занимаемая должность	депутат кнессета	0	0	1961-09-04	1965-07-07	0	-0.29366596111256704
[1949, 1952]	шарет	Q208477	Шарет, Моше	P39	занимаемая должность	депутат кнессета	0	0	1949-02-14	1951-08-20	0	-0.4330146010685318
1975	шарлин	Q843292	Шарлин	P2031	начало периода активности	0	0	1973-01-01	0	0	0	2.3827330344320603
[1975, 1980]	шарм	Q353105	Шармах, Анджей	P54	член спортивной команды	Сталь (футбольный клуб, Мелец)	0	0	1976-01-01	1980-01-01	0	-0.33644790814485276
[1986, 1988]	шарм	Q353105	Шармах, Анджей	P54	член спортивной команды	Клермон	0	0	1987-01-01	1989-01-01	0	-0.3808660265350885
[1966, 1972]	шарм	Q353105	Шармах, Анджей	P54	член спортивной команды	Арка	0	0	1968-01-01	1972-01-01	0	-0.08027431229093474
[1975, 1980]	шарм	Q353105	Шармах, Анджей	P54	член спортивной команды	Гурник	0	0	1972-01-01	1976-01-01	0	-0.33644790814485276
[1986, 1988]	шарм	Q353105	Шармах, Анджей	P54	член спортивной команды	Генгам	0	0	1985-01-01	1987-01-01	0	-0.3808660265350885
[1976, 1983]	шаронов	Q383543	(2416) Шаронов	P575	дата открытия	0	0	1979-07-31	0	0	0	-0.5123160027957805
[2007, 2008]	шатиля	Q1973746	Шатили	P1435	статус наследия	объект из предварительного списка Всемирного наследия	0	0	2007-10-24	0	0	-0.3988615180134235
[1997, 2001]	шафер	Q1483532	Шафер	P577	дата публикации	0	0	1999-09-02	0	0	0	-0.36667529797013615
1932	шахлин	Q312645	Шахлин, Борис Анфиянович	P569	дата рождения	0	0	1932-01-27	0	0	0	4.454265551624038
[1950, 1952]	шварценберг	Q481214	Шварценберг	P131	административно-территориальная единица	Саксония	0	0	1945-07-09	1951-12-17	0	-0.14131861927543535
[1964, 1966]	швейк	Q1976939	Йозеф Швейк	P570	дата смерти	0	0	1965-01-01	0	0	0	0.1875177533176721
2008	швсм	Q1628768	Спорт	P576	дата прекращения существования	0	0	2008-01-01	0	0	0	4.387820357337301
1923	шеврель	Q271651	Шеврёль, Мишель Эжен	P166	полученные награды	медаль Альберта	0	0	0	0	1873-01-01	2.9072480059722854
1973	шевченково	Q4522199	Шевченково	P131	административно-территориальная единица	Броварский район	0	0	1923-01-01	0	0	2.5603200869224376
[1958, 1964]	шеино	Q4522392	Шеино	P131	административно-территориальная единица	Саженский район	0	0	1935-01-01	1962-11-30	0	-0.6878472582841765
1930	шеино	Q4522392	Шеино	P131	административно-территориальная единица	Белгородский район	0	0	1928-07-30	1934-12-31	0	3.1898227229331924
[1958, 1964]	шеино	Q4522392	Шеино	P131	административно-территориальная единица	Корочанский район	0	0	1962-12-01	2004-12-19	0	-0.6878472582841765
[2006, 2009]	шенефельд	Q682133	Шенефельд	P463	участник организации или клуба	Мэры за мир	0	0	2008-01-01	0	0	0.009123010210020932
[1936, 1942]	шестаков	Q4523314	Шестаков	P571	дата основания / создания / возникновения	0	0	1940-01-01	0	0	0	0.44175161585002076
[1955, 1965]	шеффервилл	Q141693	Шеффервилл	P571	дата основания / создания / возникновения	0	0	1955-08-01	0	0	0	0.19765884572638262
[2002, 2004]	шикула	Q4419077	Шикула, Василий	P2962	шахматный титул	международный мастер	0	0	2002-01-01	0	0	-0.5141363546937155
1947	шилка	Q198306	Шилка	P571	дата основания / создания / возникновения	0	0	1897-01-01	0	0	0	2.0792991198352917
[1977, 1980]	шимь	Q4528204	Шым	P569	дата рождения	0	0	1979-01-25	0	0	0	-0.6173346100246485
1940	шинкарь	Q4524066	Шинкарь, Николай Ларионович	P569	дата рождения	0	0	1890-05-06	0	0	0	2.7587919716158456
[1989, 1991]	ширван	Q11040472	Ширван	P571	дата основания / создания / возникновения	0	0	1990-01-01	0	0	0	-0.5158649854221041
[1989, 1991]	ширван	Q16850162	Ширван	P571	дата основания / создания / возникновения	0	0	1990-01-01	0	0	0	-0.5158649854221041
2007	шихать	Q15377637	Шихали	P131	административно-территориальная единица	Фатеевское сельское поселение	0	0	2006-01-01	0	0	5.274213515884613
[2000, 2005]	шихмурад	Q4524650	Борис Оразович Шихмурадов	P39	занимаемая должность	министр иностранных дел Туркмении	0	0	1995-01-01	2000-01-01	0	1.0467607198645146
2005	шишкеев	Q4524730	Шишкеево	P131	административно-территориальная единица	Рузаевский район	0	0	1928-07-16	2005-02-06	0	2.571338202658295
2005	шишкеев	Q4524730	Шишкеево	P131	административно-территориальная единица	Шишкеевское сельское поселение	0	0	2005-02-07	0	0	2.571338202658295
[1972, 1973]	шишкова	Q275032	Шишкова, Евгения Васильевна	P569	дата рождения	0	0	1972-12-18	0	0	0	0.3925333318571071
[1956, 1958]	шишманян	Q4524837	Шишманян, Мирон Константинович	P569	дата рождения	0	0	1956-06-14	0	0	0	-0.3359100919139042
[1958, 1960]	шкель	Q511905	Шкеле, Андрис	P569	дата рождения	0	0	1958-01-16	0	0	0	-0.566916852396067
1933	шкурат	Q4525354	Шкураты	P571	дата основания / создания / возникновения	0	0	1883-01-01	0	0	0	3.563501857725254
1971	шмаков	Q144479	(1833) Шмакова	P575	дата открытия	0	0	1969-08-11	0	0	0	2.3042194818997044
[1993, 1995]	шмарев	Q4525605	Шмарев, Алексей Тихонович	P570	дата смерти	0	0	1993-01-01	0	0	0	-0.5645779335598414
[1999, 2005]	шмидт	Q24728133	Шмидта	P131	административно-территориальная единица	Новороссийский сельсовет	0	0	2003-12-01	0	0	-0.7315838511573652
[2001, 2002]	шмыков	Q4525770	Шмыков, Никита Александрович	P54	член спортивной команды	Гомель	0	0	2001-01-01	2002-01-01	0	-0.1116845245938704
2001	шом	Q21534108	Шомов, Румен	P569	дата рождения	0	0	1951-03-05	0	0	0	3.5181082885541985
1962	шонгау	Q518663	Шонгау	P131	административно-территориальная единица	Q1803448	0	0	1862-01-01	1972-07-01	0	2.2465001889583855
1962	шонгау	Q518663	Шонгау	P1376	является столицей	Q1803448	0	0	1862-01-01	1972-06-30	0	2.2465001889583855
1946	шорлеммер	Q91127	Шорлеммер, Фридрих	P569	дата рождения	0	0	1944-05-16	0	0	0	1.9559663791907234
[1926, 1933]	шоссейный	Q690122	Пулково	P1619	дата официального открытия	0	0	1932-06-24	0	0	0	0.10111068942942819
1924	шпик	Q2652167	Шпиков	P1376	является столицей	Шпиковский район	0	0	1923-03-07	1931-02-03	0	2.835380496146396
[1933, 1934]	шпик	Q2652167	Шпиков	P1376	является столицей	Шпиковский район	0	0	1933-06-01	1962-12-30	0	0.4344578242144238
2003	шпиталь	Q674174	Михельхаузен	P463	участник организации или клуба	Climate Alliance	0	0	2003-01-01	0	0	1.9157177544452164
[1973, 1977]	штальман	Q99762	Штальман, Рихард	P570	дата смерти	0	0	1974-12-25	0	0	0	-0.32773956729837606
[1990, 1996]	штарнберг	Q61936	Штарнберг	P17	государство	Германия	0	0	1990-10-03	0	0	0.014118592608994713
[1990, 1996]	штарнберг	Q61936	Штарнберг	P17	государство	Федеративная Республика Германии	0	0	1949-05-23	1990-10-02	0	0.014118592608994713
[1947, 1953]	штей	Q423371	Штей	P571	дата основания / создания / возникновения	0	0	1952-01-01	0	0	0	-0.245330926682237
1987	штокол	Q935550	(7278) Штоколов	P575	дата открытия	0	0	1985-10-22	0	0	0	1.7310083719754463
1972	штольберг	Q4068	Штольберг	P131	административно-территориальная единица	Ахен	0	0	1972-01-01	2009-10-20	0	2.1346704987416043
[2003, 2007]	штольберг	Q4068	Штольберг	P6	глава правительства	Ferdinand Gatzweiler	0	0	2004-10-10	2014-05-25	0	-0.22642611325771078
1972	штольберг	Q4068	Штольберг	P131	административно-территориальная единица	Ахен	0	0	1816-05-01	1971-12-31	0	2.1346704987416043
[2005, 2006]	шторм	Q1164493	Шторм	P577	дата публикации	0	0	2005-01-01	0	0	0	-0.45803035780335594
2005	штыров	Q1192630	Вячеслав Анатольевич Штыров	P166	полученные награды	премия Правительства Российской Федерации в области науки и техники	0	0	0	0	2005-01-01	1.8027821641695811
[1941, 1946]	штюльпнагель	Q61004	Штюльпнагель, Карл фон	P570	дата смерти	0	0	1944-08-30	0	0	0	0.8028323548095017
[1965, 1966]	шутка	Q1156065	Шутка	P571	дата основания / создания / возникновения	0	0	1965-01-01	0	0	0	-0.24363243451741318
1994	шухмин	Q4528120	Шухмин, Пётр Митрофанович	P569	дата рождения	0	0	1894-01-25	0	0	0	2.988259911431673
2007	шушар	Q15276534	Шушары	P131	административно-территориальная единица	Байкаловское сельское поселение	0	0	2006-01-01	0	0	5.564294586037253
[1980, 1984]	шушкевич	Q314338	Станислав Станиславович Шушкевич	P166	полученные награды	Заслуженный деятель науки и техники Белорусской ССР	0	0	0	0	1982-01-01	-0.5212452443697014
[2005, 2007]	шушково	Q19830534	Шушково	P131	административно-территориальная единица	Андреевское сельское поселение	0	0	2005-05-16	0	0	-0.6916692934042299
[1980, 1987]	шуянин	Q56810	Шуян	P131	административно-территориальная единица	Специальный район Хуайинь	0	0	1949-04-21	1983-02-28	0	-0.28364765960495025
[1993, 1998]	шуянин	Q56810	Шуян	P131	административно-территориальная единица	Хуайань	0	0	1983-03-01	1996-07-18	0	-0.4557284505507086
[1993, 1998]	шуянин	Q56810	Шуян	P131	административно-территориальная единица	Суцянь	0	0	1996-07-19	0	0	-0.4557284505507086
[1976, 1983]	шымь	Q4528204	Шым	P569	дата рождения	0	0	1979-01-25	0	0	0	-0.3459381328459338
1937	шьям	Q7505949	Шьяма	P569	дата рождения	0	0	1935-06-07	0	0	0	2.564391118506675
1956	шэньян	Q11720	Шэньян	P131	административно-территориальная единица	Ляонин	0	0	1954-08-11	0	0	2.1479474400339504
1956	шэньян	Q11720	Шэньян	P131	административно-территориальная единица	Китайская Народная Республика	0	0	1948-10-31	1954-08-10	0	2.1479474400339504
[1928, 1930]	шэньян	Q11720	Шэньян	P131	административно-территориальная единица	Ляонин	0	0	1929-01-01	1932-03-08	0	0.5946113316428175
[1928, 1930]	шэньян	Q11720	Шэньян	P131	административно-территориальная единица	Фэнтянь	0	0	1912-01-01	1928-12-31	0	0.5946113316428175
1923	шюрер	Q103295	Шюрер, Герхард	P569	дата рождения	0	0	1921-04-14	0	0	0	5.478547492627199
2006	щелканово	Q4528632	Щелканово	P131	административно-территориальная единица	Российское сельское поселение	0	0	2004-12-02	0	0	1.969263599331624
[2005, 2006]	щелково	Q19966468	Щелково	P131	административно-территориальная единица	Титовское сельское поселение	0	0	2005-01-01	0	0	-0.9109964735708376
1925	щелково	Q198369	Щёлково	P31	это частный случай понятия	город	0	0	1925-08-17	0	0	1.9082139269148954
1986	щербинко	Q4528948	Щербинко, Павел Андреевич	P570	дата смерти	0	0	1986-09-18	0	0	0	1.8731073548263368
1938	щорс	Q12172806	Щорс	P571	дата основания / создания / возникновения	0	0	1938-01-01	0	0	0	2.294316506744513
1938	щорс	Q12172806	Щорс	P1191	первое исполнение	0	0	1938-09-14	0	0	0	2.294316506744513
1939	щорс	Q2096663	Щорс	P577	дата публикации	0	0	1939-01-01	0	0	0	3.9891697111160243
[1997, 2001]	щорс	Q12172806	Щорс	P577	дата публикации	0	0	2000-01-01	0	0	0	-0.47350242005163795
