Year or Period	Unigram	#Q	Subject	#P	Predicate	Object	Organization	Just Date	Start Time	End Time	Time Point	growth_speed
[1968, 1972]	ебна	Q34453	Борис Николаевич Ельцин	P166	полученные награды	медаль «В ознаменование 100-летия со дня рождения Владимира Ильича Ленина»	0	0	0	0	1969-11-01	-0.38476434553775496
[1968, 1972]	ебна	Q34453	Борис Николаевич Ельцин	P166	полученные награды	орден Трудового Красного Знамени	0	0	0	0	1971-08-01	-0.38476434553775496
2001	ебна	Q34453	Борис Николаевич Ельцин	P166	полученные награды	орден «За заслуги перед Отечеством» I степени	0	0	0	0	2001-06-12	6.199393003751838
1994	ева	Q2648421	Ева	P577	дата публикации	0	0	1993-12-10	0	0	0	3.2191906141951554
[1997, 2003]	ева	Q55808451	Ева	P569	дата рождения	0	0	2000-01-01	0	0	0	-0.025940473298841304
[1997, 2003]	ева	Q16647516	Ева	P577	дата публикации	0	0	2002-01-01	0	0	0	-0.025940473298841304
[1936, 1937]	ева	Q3046251	ЕВА	P569	дата рождения	0	0	1936-05-15	0	0	0	-0.49011671993823513
1938	евлах	Q175459	Евлах	P31	это частный случай понятия	город	0	0	1938-01-01	0	0	2.2299267352844154
[1987, 1996]	евпатория	Q33345	Евпатория	P17	государство	Украина	0	0	1991-01-01	0	0	-0.2903795342581107
[1987, 1996]	евпатория	Q33345	Евпатория	P194	законодательный орган	Евпаторийский горсовет	0	0	1990-05-01	2014-03-18	0	-0.2903795342581107
[1987, 1996]	евпатория	Q33345	Евпатория	P17	государство	СССР	0	0	1922-01-01	1991-01-01	0	-0.2903795342581107
2008	евро	Q4916	евро	P17	государство	Кипр	0	0	2008-01-01	0	0	1.689024331934419
2009	евро	Q4916	евро	P17	государство	Словакия	0	0	2009-01-01	0	0	3.7102324391509014
2002	евро	Q4916	евро	P17	государство	Греция	0	0	2002-01-01	0	0	2.0023336437831802
2002	евро	Q4916	евро	P17	государство	Ватикан	0	0	2002-01-01	0	0	2.0023336437831802
2002	евро	Q4916	евро	P17	государство	Бельгия	0	0	2002-01-01	0	0	2.0023336437831802
2008	евро	Q4916	евро	P17	государство	Мальта	0	0	2008-01-01	0	0	1.689024331934419
2002	евро	Q4916	евро	P17	государство	Португалия	0	0	2002-01-01	0	0	2.0023336437831802
2002	евро	Q4916	евро	P17	государство	Австрия	0	0	2002-01-01	0	0	2.0023336437831802
2002	евро	Q4916	евро	P17	государство	Италия	0	0	2002-01-01	0	0	2.0023336437831802
2002	евро	Q4916	евро	P17	государство	Франция	0	0	2002-01-01	0	0	2.0023336437831802
2002	евро	Q4916	евро	P17	государство	Монако	0	0	2002-01-01	0	0	2.0023336437831802
2002	евро	Q4916	евро	P17	государство	Германия	0	0	2002-01-01	0	0	2.0023336437831802
2002	евро	Q4916	евро	P17	государство	Ирландия	0	0	2002-01-01	0	0	2.0023336437831802
2002	евро	Q4916	евро	P17	государство	Сан-Марино	0	0	2002-01-01	0	0	2.0023336437831802
2008	евро	Q4916	евро	P17	государство	Словения	0	0	2007-01-01	0	0	1.689024331934419
2002	евро	Q4916	евро	P17	государство	Люксембург	0	0	2002-01-01	0	0	2.0023336437831802
2002	евро	Q4916	евро	P17	государство	Финляндия	0	0	2002-01-01	0	0	2.0023336437831802
2002	евро	Q4916	евро	P17	государство	Испания	0	0	2002-01-01	0	0	2.0023336437831802
2002	евро	Q4916	евро	P17	государство	Нидерланды	0	0	2002-01-01	0	0	2.0023336437831802
2007	евровидение	Q215386	Танцевальное Евровидение	P571	дата основания / создания / возникновения	0	0	2007-01-01	0	0	0	1.9182025728171064
2009	евровидение	Q215386	Танцевальное Евровидение	P582	дата окончания	0	0	2009-01-01	0	0	0	4.095098621406103
2008	еврокомиссия	Q8880	Европейская комиссия	P571	дата основания / создания / возникновения	0	0	1958-01-01	0	0	0	1.9512316151919267
2003	еврокубок	Q456092	Кубок Европы по баскетболу	P571	дата основания / создания / возникновения	0	0	2002-01-01	0	0	0	3.5763323220953365
[1990, 2003]	европа	Q666017	Европа	P577	дата публикации	0	0	1991-06-27	0	0	0	-0.00579643876724364
[1990, 2003]	европа	Q666017	Европа	P577	дата публикации	0	0	1991-08-16	0	0	0	-0.00579643876724364
[1991, 1996]	евросиб	Q4173346	Евросиб	P571	дата основания / создания / возникновения	0	0	1992-01-01	0	0	0	-0.4545807136195259
[1991, 2009]	евросоюз	Q458	Европейский союз	P457	основополагающий текст	Лиссабонский договор	0	0	0	0	2007-12-13	0.42061085358541883
[1991, 2009]	евросоюз	Q458	Европейский союз	P457	основополагающий текст	Маастрихтский договор	0	0	0	0	1992-02-07	0.42061085358541883
[1995, 2002]	евростиль	Q60852851	Стройландия	P571	дата основания / создания / возникновения	0	0	1996-12-16	0	0	0	-0.13524488855145497
[1987, 1991]	евротоннель	Q10257	Евротоннель	P793	ключевое событие	время постройки	0	0	1987-12-15	1993-06-20	0	-0.12730401634777694
[1964, 1965]	евсевий	Q18225591	Евсевий	P569	дата рождения	0	0	1964-04-04	0	0	0	-0.30629612110990667
1941	евье	Q1004332	Вевис	P17	государство	СССР	0	0	1940-01-01	1990-01-01	0	4.331726498052173
[2003, 2005]	егерь	Q4173584	Егерь	P577	дата публикации	0	0	2004-01-01	0	0	0	-0.23012876190779896
[1980, 1985]	егорка	Q4173668	Егорка	P577	дата публикации	0	0	1984-01-01	0	0	0	-0.1766181597457277
[1985, 1987]	егти	Q4174313	Екатеринбургский государственный театральный институт	P571	дата основания / создания / возникновения	0	0	1985-01-01	0	0	0	-0.4160993947290897
[1961, 1967]	единец	Q1150271	Единец	P31	это частный случай понятия	город	0	0	1962-11-04	0	0	-0.5425905479180632
2004	единорос	Q151469	Единая Россия	P488	руководитель	Юрий Михайлович Лужков	0	0	2001-01-01	2002-01-01	0	2.2651226619098757
2004	единорос	Q151469	Единая Россия	P488	руководитель	Минтимер Шарипович Шаймиев	0	0	2001-01-01	2002-01-01	0	2.2651226619098757
2004	единорос	Q151469	Единая Россия	P488	руководитель	Борис Вячеславович Грызлов	0	0	2002-01-01	2008-05-07	0	2.2651226619098757
2004	единорос	Q151469	Единая Россия	P488	руководитель	Сергей Кужугетович Шойгу	0	0	2001-01-01	2002-01-01	0	2.2651226619098757
[2001, 2009]	единоросс	Q151469	Единая Россия	P571	дата основания / создания / возникновения	0	0	2001-12-01	0	0	0	0.5411348484598246
[2003, 2005]	ейный	Q24835643	ейный	P571	дата основания / создания / возникновения	0	0	2003-01-01	0	0	0	-0.7591990763781479
1924	ейск	Q135616	Ейск	P131	административно-территориальная единица	Ейский район	0	0	1924-06-02	2007-05-26	0	2.6130887785184242
1924	ейск	Q135616	Ейск	P131	административно-территориальная единица	Ейский отдел	0	0	1869-01-01	1924-06-01	0	2.6130887785184242
[1983, 2001]	екатерина	Q718657	(6955) Екатерина	P575	дата открытия	0	0	1987-09-25	0	0	0	0.34927012658291207
1937	екатерина	Q1985880	Анна Ивановна Абрикосова	P570	дата смерти	0	0	1936-07-23	0	0	0	1.6720525578431862
1923	екатеринбург	Q887	Екатеринбург	P131	административно-территориальная единица	Екатеринбургский уезд	0	0	1781-02-07	1923-11-03	0	1.909080826631112
1923	екатеринбург	Q887	Екатеринбург	P31	это частный случай понятия	первый по величине город	Уральская область	0	1923-11-03	1934-11-16	0	1.909080826631112
1993	екатеринбург	Q887	Екатеринбург	P17	государство	Россия	0	0	1991-01-01	0	0	1.6581406991301806
1993	екатеринбург	Q887	Екатеринбург	P138	названо в честь	Екатерина I	0	0	1991-01-01	0	0	1.6581406991301806
[2005, 2007]	екатеринбург	Q887	Екатеринбург	P131	административно-территориальная единица	Муниципальное образование «город Екатеринбург»	0	0	2005-01-01	0	0	-0.06617528685755336
1993	екатеринбург	Q887	Екатеринбург	P138	названо в честь	Яков Михайлович Свердлов	0	0	1924-01-01	1991-01-01	0	1.6581406991301806
1923	екатеринбург	Q887	Екатеринбург	P17	государство	РСФСР	0	0	1917-11-07	1922-12-30	0	1.909080826631112
1923	екатеринбург	Q887	Екатеринбург	P131	административно-территориальная единица	Свердловский округ	0	0	1923-11-12	1930-08-09	0	1.909080826631112
[1923, 1925]	екатеринбург	Q887	Екатеринбург	P138	названо в честь	Екатерина I	0	0	1723-01-01	1924-01-01	0	0.5534940551504671
1923	екатеринбург	Q887	Екатеринбург	P17	государство	СССР	0	0	1922-01-01	1991-01-01	0	1.909080826631112
1923	екатеринбург	Q887	Екатеринбург	P131	административно-территориальная единица	Уральская область	0	0	1923-11-03	1923-11-12	0	1.909080826631112
[2002, 2006]	екатериновка	Q18775821	Екатериновка	P131	административно-территориальная единица	Поливановское сельское поселение	0	0	2005-05-29	0	0	0.136822037596638
[1927, 1928]	екатериновка	Q27578776	Екатериновка	P131	административно-территориальная единица	Сухиничский уезд	0	0	1927-07-11	1929-09-30	0	-0.013150864662516866
[2002, 2006]	екатериновка	Q27578776	Екатериновка	P131	административно-территориальная единица	Юхновский район	0	0	1929-10-01	2004-10-31	0	0.136822037596638
[2002, 2006]	екатериновка	Q19868432	Екатериновка	P131	административно-территориальная единица	Чертковское сельское поселение	0	0	2005-05-13	0	0	0.136822037596638
[2002, 2006]	екатериновка	Q27578776	Екатериновка	P131	административно-территориальная единица	Сельское поселение «Деревня Чемоданово»	0	0	2004-11-01	0	0	0.136822037596638
2005	екатеринославка	Q1680875	Екатеринославка	P131	административно-территориальная единица	Октябрьский район	0	0	1935-01-25	2005-03-16	0	2.74098068165614
2005	екатеринославка	Q1680875	Екатеринославка	P131	административно-территориальная единица	Екатеринославский сельсовет	0	0	2005-03-17	0	0	2.74098068165614
[2004, 2006]	екимово	Q27590127	Екимово	P131	административно-территориальная единица	Сельское поселение Итомля	0	0	2005-01-01	0	0	-0.3551569496765028
[2004, 2006]	екимово	Q4174461	Екимово	P131	административно-территориальная единица	Печатниковское сельское поселение	0	0	2004-12-02	0	0	-0.3551569496765028
[1925, 1929]	елабуга	Q135650	Елабуга	P131	административно-территориальная единица	Челнинский кантон	0	0	1928-01-01	1930-08-10	0	0.5957058940110074
[1925, 1929]	елабуга	Q135650	Елабуга	P1376	является столицей	Елабужский кантон	0	0	1921-01-05	1928-01-01	0	0.5957058940110074
[1925, 1929]	елабуга	Q135650	Елабуга	P131	административно-территориальная единица	Елабужский кантон	0	0	1921-01-05	1928-01-01	0	0.5957058940110074
1937	елатьма	Q4174589	Елатьма	P131	административно-территориальная единица	Московская область	0	0	1929-01-14	1937-09-26	0	1.6567311818421124
[1924, 1929]	елатьма	Q4174589	Елатьма	P131	административно-территориальная единица	Касимовский уезд	0	0	1924-02-20	1929-01-14	0	0.2731193724399479
[1924, 1929]	елатьма	Q4174589	Елатьма	P131	административно-территориальная единица	Рязанская губерния	0	0	1923-01-04	1924-02-20	0	0.2731193724399479
1937	елатьма	Q4174589	Елатьма	P131	административно-территориальная единица	Рязанская область	0	0	1937-09-26	1963-02-15	0	1.6567311818421124
[1925, 1932]	еленовский	Q18775920	Еленовский	P131	административно-территориальная единица	Елабужский кантон	0	0	1924-01-01	1927-02-14	0	0.4553939517935674
[1964, 1967]	еленовский	Q18775920	Еленовский	P131	административно-территориальная единица	Елабужский район	0	0	1963-02-01	1964-03-04	0	-0.31696701883821243
[1964, 1967]	еленовский	Q18775920	Еленовский	P131	административно-территориальная единица	Агрызский район	0	0	1964-03-04	2005-01-31	0	-0.31696701883821243
[1925, 1932]	еленовский	Q18775920	Еленовский	P131	административно-территориальная единица	Агрызский район	0	0	1927-02-14	1963-02-01	0	0.4553939517935674
[2003, 2006]	елизаветинский	Q4174801	Елизаветинская	P131	административно-территориальная единица	муниципальное образование город Краснодар	0	0	2004-03-01	0	0	-0.3977340407863232
1924	елизаветинский	Q4174801	Елизаветинская	P131	административно-территориальная единица	Краснодарский район	0	0	1924-07-19	1934-01-01	0	3.725291444399527
1924	елизаветинский	Q4174801	Елизаветинская	P131	административно-территориальная единица	Екатеринодарский отдел	0	0	1869-12-30	1924-07-19	0	3.725291444399527
[2003, 2006]	елизаветинский	Q4174801	Елизаветинская	P131	административно-территориальная единица	Прикубанский округ	0	0	1978-01-01	2004-03-01	0	-0.3977340407863232
[1924, 1928]	елизаветовка	Q4174839	Елизаветовка	P571	дата основания / создания / возникновения	0	0	1924-01-01	0	0	0	0.1555680697894277
[2005, 2007]	елисеевка	Q13649786	Елисеевка	P131	административно-территориальная единица	Сельское поселение Успенское	0	0	2005-01-21	2015-11-07	0	-0.2790591466163305
[2004, 2009]	елка	Q4053738	Ёлка	P166	полученные награды	Золотой граммофон	0	0	0	0	2007-01-01	-0.13702354045609835
[2006, 2007]	елох	Q15362981	Елох	P131	административно-территориальная единица	Усть-Люгинское сельское поселение	0	0	2006-01-01	0	0	-0.14776541034668905
[2004, 2006]	елхи	Q19868434	Елхи	P131	административно-территориальная единица	Малышевское сельское поселение	0	0	2005-05-13	0	0	-0.551477456139402
1990	елхов	Q4175126	Юрий Александрович Елхов	P569	дата рождения	0	0	1940-12-07	0	0	0	4.324688574259197
[1926, 1931]	ельня	Q102364	Ельня	P131	административно-территориальная единица	Смоленская губерния	0	0	1928-01-01	1929-09-30	0	-0.4951763252837859
[1926, 1931]	ельня	Q102364	Ельня	P131	административно-территориальная единица	Ельнинский район	0	0	1929-10-01	0	0	-0.4951763252837859
[2004, 2005]	ельня	Q4175236	Ельня	P131	административно-территориальная единица	Ельнинское сельское поселение	0	0	2004-12-02	0	0	0.5227189959195572
[2006, 2007]	емелев	Q15377417	Емелевы	P131	административно-территориальная единица	Ичетовкинское сельское поселение	0	0	2006-01-01	0	0	-0.6554253324228023
[2000, 2002]	енакиевец	Q28780	Енакиевец	P571	дата основания / создания / возникновения	0	0	2000-01-01	0	0	0	-0.5132867141720115
[1965, 1971]	ендовицкий	Q4175586	Ендовицкий, Дмитрий Александрович	P569	дата рождения	0	0	1970-12-03	0	0	0	0.0664834627410515
[2000, 2001]	еника	Q4175625	Еникеев, Амирхан Нигметзянович	P570	дата смерти	0	0	2000-02-16	0	0	0	-0.04962073981419521
[2004, 2006]	енисейск	Q135686	Енисейск	P131	административно-территориальная единица	Городской округ город Енисейск	0	0	2004-10-22	0	0	-0.24755849032301502
[1968, 1979]	еок	Q642949	Европейские олимпийские комитеты	P571	дата основания / создания / возникновения	0	0	1968-01-01	0	0	0	0.06639653564672143
1968	еоус	Q161549	Европейское объединение угля и стали	P361	часть от	Европейский союз	0	0	1967-07-01	0	0	2.545521048217046
[1974, 1978]	епанчинцы	Q510696	Епанчинцев, Вадим Сергеевич	P569	дата рождения	0	0	1976-03-16	0	0	0	0.2126977269013995
1996	епифаний	Q11696998	Епифаний (Думенко)	P69	учебное заведение	Киевская православная богословская академия	0	0	1996-01-01	1999-01-01	0	2.433726246071601
[1987, 2000]	епифаний	Q11696998	Епифаний (Думенко)	P69	учебное заведение	Kiev Theological Academy and Seminary	0	0	1999-01-01	2003-01-01	0	0.454885943483748
2001	епк	Q4173277	Европейская подшипниковая корпорация	P571	дата основания / создания / возникновения	0	0	2001-01-01	0	0	0	4.211242216362166
2009	ер	Q151469	Единая Россия	P488	руководитель	Борис Вячеславович Грызлов	0	0	2002-01-01	2008-05-07	0	1.7114772096952724
2009	ер	Q151469	Единая Россия	P488	руководитель	Владимир Владимирович Путин	0	0	2008-05-07	2012-05-26	0	1.7114772096952724
[2002, 2006]	ераз	Q25836	Ереванский автомобильный завод	P576	дата прекращения существования	0	0	2004-01-01	0	0	0	-0.5921605031601074
[1986, 1987]	ералаш	Q4176136	Ералаш	P449	первоначальная телесеть	Центральное телевидение Гостелерадио СССР	0	0	0	0	1986-01-01	-0.6742463554434565
1991	ергожин	Q4176180	Ергожин, Едил Ергожаевич	P569	дата рождения	0	0	1941-11-07	0	0	0	2.618517992832968
1931	еремеевский	Q13664641	Еремеевская	P131	административно-территориальная единица	Котельничский район	0	0	1929-07-15	2005-12-31	0	3.3846692098190387
[1950, 1951]	ерзовок	Q30091810	Ерзовка	P576	дата прекращения существования	0	0	1950-01-01	0	0	0	-0.44364159561149147
[2005, 2006]	ермаков	Q1430732	Ермаково	P131	административно-территориальная единица	Ярабайкасинское сельское поселение	0	0	2005-01-01	0	0	0.1059022972479105
[1960, 1962]	ермолаевский	Q21103639	Ермолаевский	P576	дата прекращения существования	0	0	1961-01-01	0	0	0	-0.48028472396602034
2004	ермолин	Q19859522	Ермолино	P131	административно-территориальная единица	Петушинское сельское поселение	0	0	2004-10-13	0	0	1.6869285794656854
[1954, 1955]	ерш	Q839873	Эрши, Матьяш	P569	дата рождения	0	0	1954-11-24	0	0	0	0.5100094055667774
[2007, 2008]	ес	Q458	Европейский союз	P457	основополагающий текст	Лиссабонский договор	0	0	0	0	2007-12-13	-0.47265752523205906
[1957, 1958]	ес	Q458	Европейский союз	P457	основополагающий текст	Римский договор	0	0	0	0	1957-03-25	-0.4615405447061163
[2005, 2006]	есемово	Q4177070	Есемово	P131	административно-территориальная единица	Сельское поселение Хорошево	0	0	2005-01-01	0	0	-0.2575125963515426
1988	есид	Q780612	(3950) Ёсида	P575	дата открытия	0	0	1986-02-08	0	0	0	3.5219470601089085
[1990, 1991]	есикав	Q1082075	(5237) Ёсикава	P575	дата открытия	0	0	1990-10-26	0	0	0	0.23658703163727618
[1982, 1983]	есипов	Q1484512	(10481) Есипов	P575	дата открытия	0	0	1982-08-23	0	0	0	-0.25108061191708464
1991	если	Q4177182	Если	P571	дата основания / создания / возникновения	0	0	1991-01-01	0	0	0	1.9735460550024226
2009	еспча	Q122880	Европейский суд по правам человека	P571	дата основания / создания / возникновения	0	0	1959-04-20	0	0	0	2.810146416886839
[2005, 2008]	ефимовский	Q4824	Ефимовский	P131	административно-территориальная единица	Ефимовское городское поселение	0	0	2006-01-01	0	0	-0.18978003845896768
1933	ефрем	Q11872029	Ефрем	P570	дата смерти	0	0	1933-06-03	0	0	0	2.159151342417006
[1944, 1948]	ефрем	Q1567544	Ефрем	P569	дата рождения	0	0	1944-04-15	0	0	0	0.012708907916017864
1930	ефрем	Q23655967	Ефрем	P569	дата рождения	0	0	1930-12-03	0	0	0	2.8487139691203645
[2002, 2005]	ефремовый	Q4177541	Ефремово	P131	административно-территориальная единица	Мальцевское сельское поселение	0	0	2004-12-02	0	0	-0.4118586367574078
1929	ешевский	Q4177600	Ешевский, Степан Васильевич	P569	дата рождения	0	0	1829-03-10	0	0	0	2.5021622207724734
1941	он	Q702009	Ним	P6	глава правительства	Pierre Rix	0	0	1940-01-01	1941-01-01	0	2.2076431399375407
[1965, 1966]	он	Q42807	Ним	P6	глава правительства	Edgar Tailhades	0	0	1947-01-01	1965-01-01	0	-0.4001050225630681
1945	он	Q42807	Ним	P6	глава правительства	Paul Cabouat	0	0	1944-08-24	1945-01-01	0	2.6397710702628854
1945	он	Q702009	Ним	P6	глава правительства	Pierre Gleyze	0	0	1944-01-01	1949-01-01	0	2.6397710702628854
[1979, 1997]	он	Q42807	Ним	P6	глава правительства	Émile Jourdan	0	0	1965-01-01	1983-01-01	0	-0.05352662906906552
[1979, 1997]	он	Q702009	Ним	P6	глава правительства	Jacques Le Hénaff	0	0	1986-01-01	1986-01-01	0	-0.05352662906906552
1941	он	Q702009	Ним	P6	глава правительства	Bernard	0	0	1941-01-01	1943-01-01	0	2.2076431399375407
[1979, 1997]	он	Q702009	Ним	P6	глава правительства	Noël Fournier	0	0	1993-01-01	1996-01-01	0	-0.05352662906906552
[1979, 1997]	он	Q702009	Ним	P6	глава правительства	Guy Gardavaud	0	0	1979-01-01	1981-01-01	0	-0.05352662906906552
[2007, 2009]	он	Q702009	Ним	P6	глава правительства	François Demonet	0	0	2006-01-01	2007-01-01	0	-0.759002901977685
[1979, 1997]	он	Q702009	Ним	P6	глава правительства	Jean-Loup Drubigny	0	0	1991-01-01	1993-01-01	0	-0.05352662906906552
1941	он	Q702009	Ним	P6	глава правительства	Jean Ronzier-Joly	0	0	1891-01-01	1895-01-01	0	2.2076431399375407
1941	он	Q702009	Ним	P6	глава правительства	François Ladrat	0	0	1886-01-01	1891-01-01	0	2.2076431399375407
1945	он	Q702009	Ним	P6	глава правительства	Eugène Faller	0	0	1943-01-01	1943-01-01	0	2.6397710702628854
1941	он	Q702009	Ним	P6	глава правительства	Joseph Delpeyrou	0	0	1937-01-01	1940-01-01	0	2.2076431399375407
[1979, 1997]	он	Q702009	Ним	P6	глава правительства	Louis-Frédéric Mermet	0	0	1986-01-01	1989-01-01	0	-0.05352662906906552
1945	он	Q702009	Ним	P6	глава правительства	Louis Séguy	0	0	1943-01-01	1944-01-01	0	2.6397710702628854
[1969, 1970]	он	Q702009	Ним	P6	глава правительства	Jacques Poyer	0	0	1969-01-01	1972-01-01	0	-0.9583388230188635
[1979, 1997]	он	Q702009	Ним	P6	глава правительства	François Doyen	0	0	1981-01-01	1986-01-01	0	-0.05352662906906552
[1979, 1997]	он	Q702009	Ним	P6	глава правительства	Claude Pierret	0	0	1978-01-01	1979-01-01	0	-0.05352662906906552
[2007, 2009]	он	Q702009	Ним	P6	глава правительства	Martine Laquièze	0	0	2007-01-01	2012-01-01	0	-0.759002901977685
[1969, 1970]	он	Q702009	Ним	P6	глава правительства	Pierre Marien	0	0	1966-01-01	1969-01-01	0	-0.9583388230188635
1945	он	Q702009	Ним	P6	глава правительства	Jean-Baptiste Gallois	0	0	1895-01-01	1898-01-01	0	2.6397710702628854
[1979, 1997]	он	Q702009	Ним	P6	глава правительства	Michel Authier	0	0	1989-01-01	1991-01-01	0	-0.05352662906906552
[1979, 1997]	он	Q702009	Ним	P6	глава правительства	Frédéric Pierret	0	0	1996-01-01	1999-01-01	0	-0.05352662906906552
[1979, 1997]	он	Q42807	Ним	P6	глава правительства	Ален Клари	0	0	1995-01-01	2001-01-01	0	-0.05352662906906552
1945	он	Q42807	Ним	P6	глава правительства	Léon Vergnole	0	0	1945-01-01	1947-01-01	0	2.6397710702628854
[1937, 1946]	он	Q702009	Ним	P6	глава правительства	Gaston Jammet	0	0	1934-01-01	1937-01-01	0	0.9130328792824776
[1979, 1997]	он	Q42807	Ним	P6	глава правительства	Жан Буске	0	0	1983-01-01	1995-01-01	0	-0.05352662906906552
1945	он	Q42807	Ним	P6	глава правительства	Georges Bruguier	0	0	1945-01-05	1947-01-01	0	2.6397710702628854
[1984, 1986]	эбель	Q2988434	Эбелях	P571	дата основания / создания / возникновения	0	0	1984-01-01	0	0	0	-0.28400366796994614
1992	эбигейл	Q321069	Эбигейл	P2031	начало периода активности	0	0	1992-01-01	0	0	0	3.488171198729263
[1995, 2000]	эбла	Q5743	Эбла	P1435	статус наследия	объект из предварительного списка Всемирного наследия	0	0	1999-06-08	0	0	-0.09054006549677417
1930	эвдор	Q147954	(217) Эвдора	P575	дата открытия	0	0	1880-08-30	0	0	0	1.8189795816871577
[2001, 2002]	эвелин	Q391569	Эвелин	P2031	начало периода активности	0	0	2001-01-01	0	0	0	-0.32879990610611853
[1929, 1932]	эверест	Q2146549	Эверест	P571	дата основания / создания / возникновения	0	0	1931-02-02	0	0	0	0.12505716031872366
1955	эверест	Q5416949	Эверест	P577	дата публикации	0	0	1953-01-01	0	0	0	3.3471541695976783
1998	эвита	Q40933	Эва Перон	P39	занимаемая должность	президент компании	Фонд Эвы Перон	0	1948-07-08	1952-07-26	0	4.658770241877821
[2006, 2008]	эвклаз	Q424245	Эвклаз	P579	IMA-статус	вспомогательный статус: опубликован до 1959 года	0	0	1792-01-01	2007-03-01	0	-0.6719836115160502
[2006, 2008]	эвклаз	Q424245	Эвклаз	P579	IMA-статус	унаследованный минерал	0	0	2007-03-01	0	0	-0.6719836115160502
[1933, 1934]	эгед	Q145848	Эгед	P571	дата основания / создания / возникновения	0	0	1933-01-01	0	0	0	0.027976833629129144
[2006, 2009]	эда	Q26555	Эде	P6	глава правительства	Cees van der Knaap	0	0	2007-11-13	2017-08-30	0	-0.39635405523189693
[1945, 1950]	эда	Q26555	Эде	P6	глава правительства	Theodorus Christiaan van Dierendonck	0	0	1941-04-07	1945-04-17	0	0.13945869794894905
[2006, 2009]	эда	Q26555	Эде	P6	глава правительства	Tineke Netelenbos	0	0	2007-06-01	2008-01-01	0	-0.39635405523189693
[1945, 1950]	эда	Q26555	Эде	P6	глава правительства	Leopold Roland Middelberg	0	0	1945-04-17	1946-01-01	0	0.13945869794894905
[1957, 1964]	эда	Q26555	Эде	P6	глава правительства	Pieter Platteel	0	0	1962-12-16	1968-01-01	0	-0.36670692379823855
[1957, 1964]	эда	Q26555	Эде	P6	глава правительства	Herman Martinus Oldenhof	0	0	1952-01-01	1962-01-01	0	-0.36670692379823855
[1978, 1982]	эда	Q26555	Эде	P6	глава правительства	Mattheus Karel van Dijke	0	0	1979-01-01	1987-06-03	0	-0.11216714300012683
[1978, 1982]	эда	Q26555	Эде	P6	глава правительства	Jan Slot	0	0	1968-01-01	1978-01-01	0	-0.11216714300012683
[2006, 2009]	эда	Q26555	Эде	P6	глава правительства	Roel Robbertsen	0	0	2002-01-01	2007-01-01	0	-0.39635405523189693
[1945, 1950]	эда	Q26555	Эде	P6	глава правительства	Joost Boot	0	0	1946-01-01	1951-01-01	0	0.13945869794894905
[1984, 1992]	эдберг	Q189542	Эдберг, Стефан	P54	член спортивной команды	Сборная Швеции по теннису в Кубке Дэвиса	0	0	1984-01-01	1996-01-01	0	0.7598136514431341
1954	эдгар	Q7276014	Эдгар	P571	дата основания / создания / возникновения	0	0	1952-01-01	0	0	0	3.9804428350061167
1941	эдгар	Q1351	Эдгар	P1191	первое исполнение	0	0	1891-09-05	0	0	0	2.6255410841581774
2005	эдельфельт	Q356644	Эдельфельт, Альберт	P570	дата смерти	0	0	1905-08-18	0	0	0	2.0055077661949756
2008	эдем	Q1283523	Эдем	P571	дата основания / создания / возникновения	0	0	1958-01-01	0	0	0	2.014970471045039
1988	эдж	Q17002457	Эдж	P577	дата публикации	0	0	1988-01-01	0	0	0	3.077401218021861
[1973, 1977]	эдкинс	Q28310	Скотт Эдкинс	P569	дата рождения	0	0	1976-06-17	0	0	0	-0.4522817998236932
[2003, 2004]	эдри	Q2141400	Эдри, Яаков	P39	занимаемая должность	депутат кнессета	0	0	2003-02-17	2013-02-05	0	-0.5448982256360149
[2006, 2007]	эдри	Q2141400	Эдри, Яаков	P39	занимаемая должность	министр здравоохранения Израиля	0	0	2006-01-18	2006-05-04	0	0.3797625598544209
[2006, 2007]	эдри	Q2141400	Эдри, Яаков	P39	занимаемая должность	министр без портфеля Израиля	0	0	2006-05-04	2007-07-04	0	0.3797625598544209
[1966, 1969]	эжва	Q3926683	Эжвинский район Сыктывкара	P131	административно-территориальная единица	Сыктывкар	0	0	1968-12-13	0	0	-0.4169853490173706
1998	эйвон	Q929902	Эйвон	P31	это частный случай понятия	неметропольное графство	0	0	1974-04-01	1996-03-31	0	3.6858327725727587
1943	эйникайт	Q743024	Эйникайт	P571	дата основания / создания / возникновения	0	0	1942-01-01	0	0	0	4.456724257862623
[2004, 2005]	эйнштейн	Q5349785	Эйнштейн	P571	дата основания / создания / возникновения	0	0	2004-01-01	0	0	0	-0.7778836126413664
[2004, 2005]	эйнштейн	Q5349785	Эйнштейн	P577	дата публикации	0	0	2004-01-01	0	0	0	-0.7778836126413664
1979	эйнштейн	Q937	Альберт Эйнштейн	P569	дата рождения	0	0	1879-03-14	0	0	0	3.057679057579384
[1955, 1959]	эйнштейн	Q937	Альберт Эйнштейн	P570	дата смерти	0	0	1955-04-18	0	0	0	0.6096505919580755
[2000, 2001]	эйсселмер	Q4121	Эйсселмер	P1435	статус наследия	Ramsar site	0	0	2000-08-29	0	0	-0.8059545150942284
[1952, 1954]	экам	Q2024170	Маруани, Дидье	P569	дата рождения	0	0	1953-07-14	0	0	0	-0.1777554040887225
[2004, 2009]	экзорцизм	Q1838537	Экзорцизм	P577	дата публикации	0	0	2006-01-01	0	0	0	0.30380100968223267
[1944, 1945]	экзюпери	Q2908	Антуан де Сент-Экзюпери	P746	дата исчезновения	0	0	1944-07-31	0	0	0	-0.6022638832119017
[1944, 1945]	экзюпери	Q2908	Антуан де Сент-Экзюпери	P570	дата смерти	0	0	1944-07-31	0	0	0	-0.6022638832119017
[1994, 1997]	экипаж	Q4530223	Экипаж	P577	дата публикации	0	0	1994-01-01	0	0	0	0.4902253468403741
[1974, 1984]	эколо	Q655611	Эколо	P571	дата основания / создания / возникновения	0	0	1980-01-01	0	0	0	-0.10898453216107117
[2002, 2008]	экран	Q4530492	Экран	P361	часть от	Останкино	0	0	1990-01-01	2006-01-01	0	0.3492582573598792
[2002, 2008]	экран	Q59164906	Экран	P31	это частный случай понятия	кинотеатр	0	0	1959-01-01	2006-01-01	0	0.3492582573598792
[2002, 2008]	экран	Q4530492	Экран	P361	часть от	Всероссийская государственная телевизионная и радиовещательная компания	0	0	2006-01-01	0	0	0.3492582573598792
[1954, 1969]	экран	Q4530492	Экран	P361	часть от	Государственный комитет СССР по телевидению и радиовещанию	0	0	1968-01-01	1990-01-01	0	0.09825673368544552
[1989, 1993]	экслер	Q4530540	Алекс Экслер	P2031	начало периода активности	0	0	1992-01-01	0	0	0	-0.22546319132652592
[1954, 1958]	эксмурый	Q593627	Эксмур	P571	дата основания / создания / возникновения	0	0	1954-01-01	0	0	0	-0.24279654598461736
2005	экстремал	Q128542	Экстремалы	P577	дата публикации	0	0	2003-03-13	0	0	0	3.8265308271990346
[2001, 2009]	экстремал	Q128542	Экстремалы	P577	дата публикации	0	0	2002-01-01	0	0	0	1.0834042774604138
1972	экша	Q512035	Экшё	P571	дата основания / создания / возникновения	0	0	1971-01-01	0	0	0	5.02287625731491
[1978, 1996]	экю	Q221828	ЭКЮ	P571	дата основания / создания / возникновения	0	0	1979-01-01	0	0	0	0.6629926347065199
[2007, 2009]	элайас	Q18226867	Элайас	P2031	начало периода активности	0	0	2008-06-07	0	0	0	-0.5828506332110904
[2005, 2009]	элан	Q207407	Элано	P54	член спортивной команды	Манчестер Сити	0	0	2007-01-01	2009-01-01	0	-0.11657225911142385
[2005, 2009]	элан	Q207407	Элано	P54	член спортивной команды	Шахтёр	0	0	2004-01-01	2007-01-01	0	-0.11657225911142385
[1953, 1963]	электроприбор	Q32361861	Электроприбор	P571	дата основания / создания / возникновения	0	0	1958-01-01	0	0	0	0.3109308488919106
[1933, 1937]	элер	Q100659	Элер, Оскар	P570	дата смерти	0	0	1936-10-01	0	0	0	1.791091864810742
[1986, 1991]	элефант	Q649384	Элефанта	P1435	статус наследия	всемирное наследие	0	0	1987-01-01	0	0	-0.15688828326759288
1975	элиана	Q658889	Элиана	P569	дата рождения	0	0	1973-11-22	0	0	0	2.243963085771278
[1962, 1964]	элинин	Q4531235	Элинин, Руслан Маламагомедович	P569	дата рождения	0	0	1963-02-23	0	0	0	-0.4864599623896398
[1992, 1998]	элитис	Q160478	Элитис, Одисеас	P570	дата смерти	0	0	1996-03-18	0	0	0	-0.048103203745257096
[1923, 1938]	элитный	Q15242130	Элитное	P571	дата основания / создания / возникновения	0	0	1932-01-01	0	0	0	-0.025947220317171393
[1998, 2002]	элст	Q130580	Элст	P31	это частный случай понятия	община Нидерландов	0	0	1812-01-01	2001-01-01	0	0.33314971393397974
1945	эльзас	Q745121	Эльзас	P571	дата основания / создания / возникновения	0	0	1945-01-01	0	0	0	4.388985502129897
1945	эльзас	Q17623840	Эльзас	P576	дата прекращения существования	0	0	1945-01-01	0	0	0	4.388985502129897
[1977, 1980]	элькивать	Q2326109	Элькана	P571	дата основания / создания / возникновения	0	0	1977-01-01	0	0	0	-0.45073721418866375
2004	эльконин	Q328350	Эльконин, Даниил Борисович	P569	дата рождения	0	0	1904-02-16	0	0	0	2.607888878298168
2005	эльстервердый	Q584473	Эльстерверда	P463	участник организации или клуба	Мэры за мир	0	0	2005-01-01	0	0	2.3031073176945127
[1996, 2003]	эмансипация	Q187462	Звёздные врата: SG-1	P577	дата публикации	0	0	2000-01-01	0	0	0	-0.09174313653677951
[1996, 2003]	эмансипация	Q187462	Звёздные врата: SG-1	P580	дата начала	0	0	1997-07-27	0	0	0	-0.09174313653677951
2009	эмден	Q4174	Эмден	P463	участник организации или клуба	Climate Alliance	0	0	2008-01-01	0	0	1.762814361868935
[1974, 1978]	эмират	Q878	Объединённые Арабские Эмираты	P463	участник организации или клуба	Международная финансовая корпорация	0	0	1977-09-30	0	0	0.3876940527052904
1981	эмос	Q193744	Тори Эймос	P2031	начало периода активности	0	0	1979-01-01	0	0	0	2.0942030732262884
1996	энджи	Q2849584	Энджи	P577	дата публикации	0	0	1994-06-16	0	0	0	1.8782927655589448
1996	энджи	Q2849584	Энджи	P577	дата публикации	0	0	1994-01-01	0	0	0	1.8782927655589448
[2005, 2006]	эндивий	Q178547	эндивий	P166	полученные награды	Q1344055	0	0	0	0	2005-01-01	-0.24363658351818293
1946	эндовибратор	Q1628577	Эндовибратор	P276	местонахождение	Особняк Второва	0	0	1945-04-04	1952-01-01	0	1.872183119849824
2008	энель	Q31353	Адель Анель	P2031	начало периода активности	0	0	2007-01-01	0	0	0	2.98518175902152
[1953, 1964]	энергетик	Q1042829	Тараз	P571	дата основания / создания / возникновения	0	0	1961-01-01	0	0	0	0.26010901990214697
[1966, 1981]	энергетик	Q11170061	Энергетик	P571	дата основания / создания / возникновения	0	0	1980-01-01	0	0	0	0.67980292076394
[1954, 1969]	энергия	Q1975949	Торпедо	P571	дата основания / создания / возникновения	0	0	1956-01-01	0	0	0	0.04799448217672199
1932	энергия	Q20165368	Энергия	P571	дата основания / создания / возникновения	0	0	1932-01-01	0	0	0	1.7880239874967576
[1954, 1969]	энергия	Q391107	Звезда	P571	дата основания / создания / возникновения	0	0	1957-01-01	0	0	0	0.04799448217672199
[1954, 1969]	энергия	Q2396105	Азамат	P571	дата основания / создания / возникновения	0	0	1965-01-01	0	0	0	0.04799448217672199
2008	энергия	Q763402	РКК «Энергия»	P414	биржа	Московская биржа	0	0	2008-05-29	0	0	3.331848900173199
[1980, 1991]	энергоатомиздат	Q20165367	Энергоатомиздат	P571	дата основания / создания / возникновения	0	0	1981-01-01	0	0	0	0.5791402572616984
[1972, 1977]	энергодар	Q19851057	Энергодар	P1619	дата официального открытия	0	0	1975-01-01	0	0	0	-0.10113151509717394
[1987, 1989]	энигма	Q959679	Энигма	P577	дата публикации	0	0	1987-01-01	0	0	0	-0.3635331868209912
1996	энигма	Q314266	Энигма	P577	дата публикации	0	0	1995-09-04	0	0	0	1.8778430291206558
2004	энигма	Q705387	Энигма	P577	дата публикации	0	0	2002-01-24	0	0	0	5.414406423995053
1952	энко	Q873478	Энка	P571	дата основания / создания / возникновения	0	0	1950-01-01	0	0	0	2.346583166182792
[1975, 1979]	энсхеде	Q10002	Энсхеде	P6	глава правительства	Auke Johannes Vleer	0	0	1965-01-01	1977-01-01	0	-0.11418850509291292
1996	энсхеде	Q10002	Энсхеде	P6	глава правительства	Edo Johannes Bergsma	0	0	1896-01-01	1932-01-01	0	3.0348927497998606
1996	энсхеде	Q10002	Энсхеде	P6	глава правительства	Jan Mans	0	0	1994-01-01	2005-01-01	0	3.0348927497998606
[1975, 1979]	энсхеде	Q10002	Энсхеде	P6	глава правительства	Dirk Roelofs	0	0	1977-01-01	1977-01-01	0	-0.11418850509291292
1996	энсхеде	Q10002	Энсхеде	P6	глава правительства	Ko Wierenga	0	0	1977-01-01	1994-01-01	0	3.0348927497998606
1996	энсхеде	Q10002	Энсхеде	P6	глава правительства	Meine van Veen	0	0	1946-01-01	1958-01-01	0	3.0348927497998606
1996	энсхеде	Q10002	Энсхеде	P6	глава правительства	Tjeerd van der Zee	0	0	1884-01-01	1896-01-01	0	3.0348927497998606
[1955, 1962]	энтерпрайз	Q2791930	Энтерпрайз	P571	дата основания / создания / возникновения	0	0	1955-01-07	0	0	0	0.42986197652530644
[2004, 2007]	энтузиаст	Q19887358	Энтузиаст	P131	административно-территориальная единица	Красносельское сельское поселение	0	0	2005-05-11	0	0	-0.8002248549737954
1984	энфилд	Q45671	Энфилд	P1619	дата официального открытия	0	0	1884-01-01	0	0	0	3.3576393567087113
1984	энфилд	Q45671	Энфилд	P571	дата основания / создания / возникновения	0	0	1884-01-01	0	0	0	3.3576393567087113
[1963, 1965]	энфилд	Q5377312	Энфилд	P730	дата вывода из эксплуатации	0	0	1963-01-01	0	0	0	-0.9042321768754751
1943	энфилд	Q19654407	Энфилд	P571	дата основания / создания / возникновения	0	0	1893-01-01	0	0	0	3.2195475235019453
1929	эпиграмма	Q20204623	Эпиграмма	P571	дата основания / создания / возникновения	0	0	1829-01-01	0	0	0	3.932747596366397
1948	эплтон	Q153194	Эплтон, Эдуард Виктор	P1411	номинирован на	Нобелевская премия по физике	0	0	0	0	1946-01-01	3.9862403799944977
[1939, 1940]	эплтон	Q153194	Эплтон, Эдуард Виктор	P1411	номинирован на	Нобелевская премия по физике	0	0	0	0	1939-01-01	-0.025360111969462723
1929	эплтон	Q153194	Эплтон, Эдуард Виктор	P166	полученные награды	Премия Морриса Либманна	0	0	0	0	1929-01-01	3.395519613082059
[1961, 1963]	эплтон	Q153194	Эплтон, Эдуард Виктор	P166	полученные награды	Медаль почёта IEEE	0	0	0	0	1962-01-01	-0.39655132291732903
1948	эплтон	Q153194	Эплтон, Эдуард Виктор	P166	полученные награды	Нобелевская премия по физике	0	0	0	0	1947-01-01	3.9862403799944977
1948	эплтон	Q153194	Эплтон, Эдуард Виктор	P166	полученные награды	Chree medal	0	0	0	0	1947-01-01	3.9862403799944977
1948	эплтон	Q153194	Эплтон, Эдуард Виктор	P166	полученные награды	Медаль Фарадея	0	0	0	0	1946-01-01	3.9862403799944977
1948	эплтон	Q153194	Эплтон, Эдуард Виктор	P1411	номинирован на	Нобелевская премия по физике	0	0	0	0	1947-01-01	3.9862403799944977
[1971, 1983]	эпо	Q672917	Эпо	P1435	статус наследия	исторический памятник классифицированный	0	0	1973-10-04	0	0	-0.3592304066050772
2008	эрд	Q193050	Эрд	P31	это частный случай понятия	город с правами медье	0	0	2006-07-11	0	0	4.257123037044099
2008	эрд	Q193050	Эрд	P6	глава правительства	András, T. Mészáros	0	0	2006-10-01	2019-10-01	0	4.257123037044099
[1974, 1978]	эрдеть	Q230628	Эрдэнэт	P571	дата основания / создания / возникновения	0	0	1975-01-01	0	0	0	0.25592477449736784
[1986, 1992]	эрдеш	Q173746	Пал Эрдёш	P166	полученные награды	Золотая медаль Венгерской академии наук	0	0	0	0	1991-01-01	0.19916553118750557
[1986, 1992]	эрдеш	Q173746	Пал Эрдёш	P463	участник организации или клуба	Лондонское королевское общество	0	0	0	0	1989-01-01	0.19916553118750557
[1986, 1992]	эрдеш	Q173746	Пал Эрдёш	P166	полученные награды	иностранный член Лондонского королевского общества	0	0	0	0	1989-01-01	0.19916553118750557
[1957, 1970]	эрдеш	Q173746	Пал Эрдёш	P166	полученные награды	премия имени Кошута	0	0	0	0	1958-01-01	-0.14270302049117864
1945	эрдеш	Q173746	Пал Эрдёш	P166	полученные награды	Стипендия Гуггенхайма	0	0	0	0	1945-01-01	2.6716056570796347
[1969, 1983]	эрдэнэт	Q230628	Эрдэнэт	P571	дата основания / создания / возникновения	0	0	1975-01-01	0	0	0	0.33211738532833085
[1942, 1946]	эренбург	Q348497	Илья Григорьевич Эренбург	P166	полученные награды	орден Ленина	0	0	0	0	1944-04-30	0.7860519049497809
[1942, 1946]	эренбург	Q348497	Илья Григорьевич Эренбург	P166	полученные награды	кавалер ордена Почётного легиона	0	0	0	0	1944-01-01	0.7860519049497809
[1961, 1963]	эренбург	Q348497	Илья Григорьевич Эренбург	P166	полученные награды	орден Ленина	0	0	0	0	1961-01-01	-0.5444596051606161
[1935, 1938]	эренбург	Q348497	Илья Григорьевич Эренбург	P166	полученные награды	орден Красной Звезды	0	0	0	0	1937-01-01	-0.24006960272376468
[1952, 1956]	эренбург	Q348497	Илья Григорьевич Эренбург	P166	полученные награды	международная Сталинская премия «За укрепление мира между народами»	0	0	0	0	1952-01-01	-0.33398879082739
[1936, 1937]	эри	Q138790	(1402) Эри	P575	дата открытия	0	0	1936-07-16	0	0	0	-0.33846859510662686
[1983, 1989]	эрик	Q2295460	Эрика	P569	дата рождения	0	0	1984-02-05	0	0	0	-0.21636454766667143
[1972, 1974]	эрико	Q9132908	Кавасаки, Эрико	P569	дата рождения	0	0	1973-02-12	0	0	0	-0.10333948795024528
[1981, 1984]	эрико	Q911795	Эрико	P569	дата рождения	0	0	1981-11-19	0	0	0	-0.3242795350637287
[1978, 1980]	эрод	Q9824	Ироду	P131	административно-территориальная единица	Эрод	0	0	1979-09-17	0	0	-0.36444039012122187
[1978, 1980]	эрод	Q9824	Ироду	P131	административно-территориальная единица	Коимбатур	0	0	1804-01-01	1979-09-17	0	-0.36444039012122187
[1978, 1979]	эроп	Q766618	Эроп	P1435	статус наследия	исторический памятник зарегистрированный	0	0	1978-05-29	2016-02-12	0	-0.8391865336029647
[1939, 1941]	эрроу	Q192592	Кеннет Эрроу	P512	учёная степень	бакалавр	0	0	0	0	1940-01-01	-0.9977083730558366
[1950, 1952]	эрроу	Q192592	Кеннет Эрроу	P512	учёная степень	доктор философии	0	0	0	0	1951-01-01	-0.76366205241002
[1998, 1999]	эрроу	Q192592	Кеннет Эрроу	P166	полученные награды	Премия Кампе де Ферье	0	0	0	0	1998-01-01	0.9484916228294289
[2006, 2007]	эрроу	Q192592	Кеннет Эрроу	P463	участник организации или клуба	Лондонское королевское общество	0	0	0	0	2006-01-01	-0.5217196275064194
1991	эрроу	Q192592	Кеннет Эрроу	P512	учёная степень	магистр	0	0	0	0	1941-01-01	2.0779199627567753
1973	эрроу	Q192592	Кеннет Эрроу	P166	полученные награды	премия Шведского национального банка по экономическим наукам памяти Альфреда Нобеля	0	0	0	0	1972-01-01	2.465290597102911
[1969, 1978]	эрроу	Q192592	Кеннет Эрроу	P166	полученные награды	Лекция Джона фон Неймана	0	0	0	0	1977-01-01	0.6399560915208522
1940	эрудит	Q170436	Скрэббл	P577	дата публикации	0	0	1938-01-01	0	0	0	3.5669485552592834
[1934, 1939]	эсадзе	Q4532647	Эсадзе, Резо Парменович	P569	дата рождения	0	0	1934-02-18	0	0	0	-0.40326805359454637
1996	эском	Q48540096	Эском	P571	дата основания / создания / возникновения	0	0	1995-01-01	0	0	0	1.6732898123880975
[1984, 1985]	эскориал	Q28471	Эскориал	P1435	статус наследия	часть объекта всемирного наследия	0	0	1984-01-01	0	0	0.4156020925150703
1932	эскориал	Q28471	Эскориал	P1435	статус наследия	объект культурного наследия Испании	0	0	1931-06-03	0	0	3.282291623798479
1980	эсмань	Q4512254	Эсмань	P1376	является столицей	Червоный район	0	0	1923-03-07	1930-09-15	0	3.91310928962644
1980	эсмань	Q4512254	Эсмань	P131	административно-территориальная единица	Червоный район	0	0	1923-03-07	1930-09-15	0	3.91310928962644
1980	эсмань	Q4512254	Эсмань	P131	административно-территориальная единица	Глуховский район	0	0	1930-09-15	1935-02-17	0	3.91310928962644
[1977, 1981]	эспино	Q1007244	Эспино, Габи	P569	дата рождения	0	0	1977-11-15	0	0	0	-0.36090441010468044
[1985, 1989]	эсприу	Q372549	Эсприу, Сальвадор	P570	дата смерти	0	0	1985-02-22	0	0	0	0.008066066021390789
[1990, 2002]	эстер	Q13026048	Эстер	P569	дата рождения	0	0	1994-05-18	0	0	0	-0.0028521225767662753
[2007, 2009]	эстония	Q191	Эстония	P463	участник организации или клуба	Международная ассоциация развития	0	0	2008-10-11	0	0	-0.1321617031520788
[1988, 1992]	эстония	Q191	Эстония	P31	это частный случай понятия	суверенное государство	0	0	1991-01-01	0	0	0.8586069561699734
1940	эстония	Q191	Эстония	P31	это частный случай понятия	суверенное государство	0	0	1918-01-01	1940-01-01	0	1.7096093989695726
[1988, 1992]	эстония	Q191	Эстония	P122	форма правления	республика	0	0	1991-01-01	0	0	0.8586069561699734
1940	эстония	Q191	Эстония	P122	форма правления	советская республика	0	0	1940-01-01	1991-01-01	0	1.7096093989695726
1940	эстония	Q191	Эстония	P122	форма правления	авторитаризм	0	0	1934-01-01	1940-01-01	0	1.7096093989695726
[2007, 2009]	эстония	Q191	Эстония	P463	участник организации или клуба	Шенгенская зона	0	0	2007-12-21	0	0	-0.1321617031520788
[1988, 1992]	эстония	Q191	Эстония	P463	участник организации или клуба	ЮНЕСКО	0	0	1991-10-14	0	0	0.8586069561699734
[1988, 1992]	эстония	Q191	Эстония	P47	имеет границы с	Латвия	0	0	1991-01-01	0	0	0.8586069561699734
[1938, 1943]	эстония	Q191	Эстония	P38	денежная единица	эстонская крона	0	0	1928-01-01	1941-03-25	0	0.27384507322648033
[2002, 2003]	эстония	Q191	Эстония	P6	глава правительства	Март Лаар	0	0	1999-03-25	2002-01-28	0	-1.0000128332147185
[2002, 2003]	эстония	Q191	Эстония	P6	глава правительства	Сийм Каллас	0	0	2002-01-28	2003-04-10	0	-1.0000128332147185
1940	эстония	Q191	Эстония	P47	имеет границы с	СССР	0	0	1918-02-24	1940-08-06	0	1.7096093989695726
[1988, 1992]	эстония	Q191	Эстония	P47	имеет границы с	Россия	0	0	1991-01-01	0	0	0.8586069561699734
1990	эстония	Q828458	Эстония	P127	владельцем является	Effoa	0	0	1988-01-01	1992-01-01	0	1.857989448815149
[1988, 1992]	эстония	Q191	Эстония	P463	участник организации или клуба	Организация по безопасности и сотрудничеству в Европе	0	0	1991-09-10	0	0	0.8586069561699734
[1988, 1992]	эстония	Q191	Эстония	P463	участник организации или клуба	Организация Объединённых Наций	0	0	1991-09-17	0	0	0.8586069561699734
1990	эстония	Q828458	Эстония	P127	владельцем является	Rederi Ab Sally	0	0	1980-01-01	1988-01-01	0	1.857989448815149
[1923, 1925]	эстремадура	Q732742	Эстремадура	P571	дата основания / создания / возникновения	0	0	1924-01-01	0	0	0	-0.40144911905106473
[2007, 2008]	эстремадура	Q994224	Эстремадура	P571	дата основания / создания / возникновения	0	0	2007-01-01	0	0	0	-0.3398297395133555
[1983, 1984]	эстремадура	Q5777	Эстремадура	P571	дата основания / создания / возникновения	0	0	1983-01-01	0	0	0	-0.3374849830262292
[1940, 1941]	эстсср	Q130280	Эстонская Советская Социалистическая Республика	P31	это частный случай понятия	историческое государство	0	0	1940-08-08	0	0	-0.5722087145367267
[1940, 1941]	эстсср	Q130280	Эстонская Советская Социалистическая Республика	P31	это частный случай понятия	марионеточное государство	0	0	1940-07-21	1940-08-08	0	-0.5722087145367267
[1940, 1941]	эстсср	Q130280	Эстонская Советская Социалистическая Республика	P31	это частный случай понятия	союзная республика в составе СССР	0	0	1940-08-08	1991-09-06	0	-0.5722087145367267
[1940, 1941]	эстсср	Q130280	Эстонская Советская Социалистическая Республика	P17	государство	СССР	0	0	1940-08-08	1991-09-06	0	-0.5722087145367267
[1940, 1941]	эстсср	Q130280	Эстонская Советская Социалистическая Республика	P131	административно-территориальная единица	СССР	0	0	1940-08-08	1991-09-06	0	-0.5722087145367267
[1940, 1941]	эстсср	Q130280	Эстонская Советская Социалистическая Республика	P31	это частный случай понятия	суверенное государство	0	0	1940-07-21	1940-08-08	0	-0.5722087145367267
[1971, 1975]	этникос	Q2091861	Этникос	P159	расположение штаб-квартиры	Αsseia	0	0	1966-01-01	1974-01-01	0	0.6224358831941966
[1971, 1975]	этникос	Q862791	Этникос	P159	расположение штаб-квартиры	Achna	0	0	1968-01-01	1974-01-01	0	0.6224358831941966
[1971, 1975]	этникос	Q2091861	Этникос	P159	расположение штаб-квартиры	Никосия	0	0	1974-01-01	0	0	0.6224358831941966
[1971, 1975]	этникос	Q862791	Этникос	P159	расположение штаб-квартиры	Dasaki Achnas	0	0	1974-01-01	0	0	0.6224358831941966
[1999, 2000]	это'о	Q1255625	Это’о, Самюэль	P54	член спортивной команды	Эспаньол	0	0	1999-01-01	1999-01-01	0	-0.5105144809801956
1936	этоко	Q4533114	Этоко	P571	дата основания / создания / возникновения	0	0	1934-01-01	0	0	0	1.8897607365685987
1996	этуш	Q2545982	Владимир Абрамович Этуш	P166	полученные награды	орден «За заслуги перед Отечеством» IV степени	0	0	0	0	1995-01-01	3.339811412346263
[1964, 1971]	этуш	Q2545982	Владимир Абрамович Этуш	P166	полученные награды	заслуженный артист РСФСР	0	0	0	0	1964-01-01	-0.34418077153852317
[1992, 2005]	этуш	Q2545982	Владимир Абрамович Этуш	P166	полученные награды	орден «За заслуги перед Отечеством» III степени	0	0	0	0	2003-01-01	0.608727322523485
[1992, 2005]	этуш	Q2545982	Владимир Абрамович Этуш	P166	полученные награды	государственная премия Российской Федерации	0	0	0	0	2002-01-01	0.608727322523485
[1964, 1971]	этуш	Q2545982	Владимир Абрамович Этуш	P166	полученные награды	медаль «В ознаменование 100-летия со дня рождения Владимира Ильича Ленина»	0	0	0	0	1970-01-01	-0.34418077153852317
1986	этуш	Q2545982	Владимир Абрамович Этуш	P166	полученные награды	народный артист СССР	0	0	0	0	1984-01-01	2.9113604930697994
1986	этуш	Q2545982	Владимир Абрамович Этуш	P166	полученные награды	орден Отечественной войны I степени	0	0	0	0	1985-01-01	2.9113604930697994
1996	этуш	Q2545982	Владимир Абрамович Этуш	P166	полученные награды	Хрустальная Турандот	0	0	0	0	1994-01-01	3.339811412346263
1973	эум	Q222967	Эуме	P1435	статус наследия	объект культурного наследия Испании	0	0	1971-08-13	0	0	2.785477964711962
2007	эусебио	Q162043	Эйсебио	P2031	начало периода активности	0	0	1957-01-01	0	0	0	2.2350181765026673
[1982, 1983]	эфрат	Q577631	Эфрат	P571	дата основания / создания / возникновения	0	0	1982-01-01	0	0	0	-0.37752761812723523
1989	эфроимсон	Q4533228	Владимир Павлович Эфроимсон	P570	дата смерти	0	0	1989-07-21	0	0	0	3.6455567965888855
[1954, 1955]	эшфорд	Q1986577	Эшфорд	P1619	дата официального открытия	0	0	1954-01-01	0	0	0	0.13813074507442438
