Year or Period	Unigram	#Q	Subject	#P	Predicate	Object	Organization	Just Date	Start Time	End Time	Time Point	growth_speed
[1990, 1991]	табор	Q193721	Табор	P31	это частный случай понятия	Q7841907	0	0	1990-11-24	0	0	-0.07557512930847722
[2004, 2008]	табукки	Q231781	Табукки, Антонио	P166	полученные награды	премия Франсиско Сереседо	0	0	0	0	2004-01-01	-0.2640538763888353
[2005, 2007]	тавда	Q196537	Тавда	P131	административно-территориальная единица	Тавдинский городской округ	0	0	2006-01-01	0	0	-0.3995817817429305
[2005, 2007]	тавда	Q196537	Тавда	P1376	является столицей	Тавдинский городской округ	0	0	2006-01-01	0	0	-0.3995817817429305
[2005, 2007]	тавда	Q196537	Тавда	P131	административно-территориальная единица	Свердловская область	0	0	1960-09-27	2005-12-31	0	-0.3995817817429305
[1993, 2002]	таджикистан	Q863	Таджикистан	P463	участник организации или клуба	Международный союз электросвязи	0	0	1994-04-28	0	0	0.3251827321676804
[1923, 1936]	таджикистан	Q199711	Таджикская Советская Социалистическая Республика	P31	это частный случай понятия	союзная республика в составе СССР	0	0	1929-12-05	1991-01-01	0	-0.11011000782031213
[1923, 1936]	таджикистан	Q199711	Таджикская Советская Социалистическая Республика	P17	государство	СССР	0	0	1929-12-05	1991-01-01	0	-0.11011000782031213
[1923, 1936]	таджикистан	Q199711	Таджикская Советская Социалистическая Республика	P131	административно-территориальная единица	СССР	0	0	1929-12-05	1991-01-01	0	-0.11011000782031213
[1993, 2002]	таджикистан	Q863	Таджикистан	P463	участник организации или клуба	Международный банк реконструкции и развития	0	0	1993-06-04	0	0	0.3251827321676804
[1993, 2002]	таджикистан	Q863	Таджикистан	P463	участник организации или клуба	Международная ассоциация развития	0	0	1993-06-04	0	0	0.3251827321676804
[1993, 2002]	таджикистан	Q863	Таджикистан	P6	глава правительства	Окилов, Окил Гайбуллаевич	0	0	1999-12-20	2013-11-23	0	0.3251827321676804
[1993, 2002]	таджикистан	Q863	Таджикистан	P463	участник организации или клуба	Азиатский банк развития	0	0	1998-01-01	0	0	0.3251827321676804
2002	таджикистан	Q863	Таджикистан	P38	денежная единица	таджикский рубль	0	0	1995-05-10	2000-10-29	0	3.427168877902873
[1923, 1936]	таджикистан	Q76077	Таджикская Автономная Социалистическая Советская Республика	P571	дата основания / создания / возникновения	0	0	1924-10-14	0	0	0	-0.11011000782031213
[1993, 2002]	таджикистан	Q863	Таджикистан	P463	участник организации или клуба	ЮНЕСКО	0	0	1993-04-06	0	0	0.3251827321676804
[1923, 1936]	таджикистан	Q199711	Таджикская Советская Социалистическая Республика	P571	дата основания / создания / возникновения	0	0	1929-10-16	0	0	0	-0.11011000782031213
2002	таджикистан	Q863	Таджикистан	P463	участник организации или клуба	Многостороннее агентство по гарантиям инвестиций	0	0	2002-12-09	0	0	3.427168877902873
[1993, 2002]	таджикистан	Q863	Таджикистан	P463	участник организации или клуба	Шанхайская организация сотрудничества	0	0	1996-04-26	0	0	0.3251827321676804
[1923, 1936]	таджикистан	Q76077	Таджикская Автономная Социалистическая Советская Республика	P576	дата прекращения существования	0	0	1929-10-16	0	0	0	-0.11011000782031213
[1993, 2002]	таджикистан	Q863	Таджикистан	P463	участник организации или клуба	Международная финансовая корпорация	0	0	1994-12-02	0	0	0.3251827321676804
[1983, 1987]	таз	Q2671615	Таза	P571	дата основания / создания / возникновения	0	0	1985-01-01	0	0	0	-0.3713759615493169
1960	таиланд	Q869	Таиланд	P463	участник организации или клуба	Международная ассоциация развития	0	0	1960-09-24	0	0	3.8379999615638494
[1949, 1962]	таиланд	Q869	Таиланд	P463	участник организации или клуба	ЮНЕСКО	0	0	1949-01-01	0	0	0.8322839478171014
1958	таиланд	Q869	Таиланд	P463	участник организации или клуба	Международная финансовая корпорация	0	0	1956-12-03	0	0	1.9578376765663499
[1949, 1962]	таиланд	Q869	Таиланд	P463	участник организации или клуба	Международный банк реконструкции и развития	0	0	1949-05-03	0	0	0.8322839478171014
[1923, 1924]	тайм	Q43297	Тайм	P571	дата основания / создания / возникновения	0	0	1923-03-03	0	0	0	-0.2237790175882611
[1955, 1957]	тайми	Q2655547	Тайми, Адольф Петрович	P570	дата смерти	0	0	1955-01-01	0	0	0	0.5601119675874648
[1932, 1935]	таймс	Q213048	Таймс	P577	дата публикации	0	0	1932-10-03	0	0	0	-0.4208478693240891
2008	тайник	Q15343053	Тайник	P131	административно-территориальная единица	Угорское сельское поселение	0	0	2006-01-01	0	0	1.736870924606011
1962	тайх	Q1335408	Тайху	P131	административно-территориальная единица	Аньхой	0	0	1912-01-01	1948-12-31	0	3.879204639875214
[1971, 1975]	така	Q194453	бангладешская така	P580	дата начала	0	0	1972-03-04	0	0	0	-0.3821571966067626
[1971, 1974]	такас	Q918754	(2838) Такасе	P575	дата открытия	0	0	1971-10-26	0	0	0	0.15027272279462903
[1994, 1999]	такемица	Q155467	Такэмицу, Тору	P166	полученные награды	премия имени Гравемайера	0	0	0	0	1994-01-01	0.7634623205177963
[1994, 1999]	такемица	Q155467	Такэмицу, Тору	P166	полученные награды	Премия Гравемайера	0	0	0	0	1994-01-01	0.7634623205177963
1983	таксить	Q16704256	Таксимо	P1619	дата официального открытия	0	0	1983-01-01	0	0	0	1.9676367100190484
[2006, 2008]	таксометр	Q1135572	таксометр	P279	подкласс от	электронный калькулятор	0	0	t	t	0	-0.41634802512138275
1990	такура	Q14920149	Такура	P569	дата рождения	0	0	1988-10-30	0	0	0	3.938718743448804
[1948, 1952]	талавер	Q2290788	Талавера	P571	дата основания / создания / возникновения	0	0	1948-01-01	0	0	0	-0.27083460771352924
1959	талдыкурган	Q491102	Талдыкорган	P131	административно-территориальная единица	Талды-Курганская область	0	0	1944-03-16	1959-06-05	0	5.392302625033129
1959	талдыкурган	Q491102	Талдыкорган	P131	административно-территориальная единица	Алматинская область	0	0	1959-06-06	1967-12-22	0	5.392302625033129
[1971, 1972]	талия	Q171235	Талия	P569	дата рождения	0	0	1971-08-26	0	0	0	0.19456703734312839
2000	талми	Q1366059	Талми, Леонард	P569	дата рождения	0	0	2000-01-01	0	0	0	2.922528645549627
[1935, 1938]	талызин	Q544810	Валентина Талызина	P569	дата рождения	0	0	1935-01-22	0	0	0	-0.16308371865562346
[1997, 1998]	таль	Q65543	Таль	P463	участник организации или клуба	Climate Alliance	0	0	1997-01-01	0	0	-0.1537350363465707
[1924, 1925]	таль	Q15283054	Таль	P131	административно-территориальная единица	Тальский сельсовет	0	0	1924-08-20	0	0	0.2853655965200228
[1924, 1925]	таль	Q15283054	Таль	P131	административно-территориальная единица	Заболотская волость	0	0	1793-01-01	1924-08-20	0	0.2853655965200228
1924	талька	Q312319	Талька	P131	административно-территориальная единица	Омельнянская волость	0	0	1920-01-01	1924-07-17	0	4.914837526454226
1924	талька	Q312319	Талька	P131	административно-территориальная единица	Пуховичский район	0	0	1924-07-17	1924-08-20	0	4.914837526454226
1924	талька	Q312319	Талька	P131	административно-территориальная единица	Тальковский сельсовет	0	0	1924-08-20	2009-10-30	0	4.914837526454226
[2006, 2009]	таманить	Q423458	Анапаит	P579	IMA-статус	унаследованный минерал	0	0	2007-01-01	0	0	-0.4119215026865678
[1955, 1959]	тамар	Q2454567	Тамар	P571	дата основания / создания / возникновения	0	0	1955-01-01	0	0	0	-0.29470759011314474
[1923, 1924]	таматарх	Q910505	Тмутаракань	P17	государство	СССР	0	0	1923-01-01	1991-01-01	0	-0.22811998453625704
1987	тамбо	Q359579	Оливер Тамбо	P166	полученные награды	орден Дружбы	0	0	0	0	1987-07-27	1.6533891812108905
[1999, 2005]	тамгал	Q943327	Тамгалы	P1435	статус наследия	всемирное наследие	0	0	2004-01-01	0	0	0.025426372286795375
[1931, 1936]	тамир	Q418424	Тамиров, Аким	P2031	начало периода активности	0	0	1932-01-01	0	0	0	-0.5491990361635635
1978	таммсаар	Q353637	Антон Хансен Таммсааре	P569	дата рождения	0	0	1878-01-30	0	0	0	3.508722442250646
[1977, 1990]	тамоксифена	Q412178	Тамоксифен	P2175	применяется для лечения медицинского состояния	рак молочной железы	0	0	1977-12-30	0	0	-0.15038041113919967
[2006, 2009]	тана	Q483964	Тана	P6	глава правительства	Frank Ingilæ	0	0	2007-01-01	2019-01-01	0	1.2771196625992567
[1980, 1981]	танга	Q151794	Кэндзо Тангэ	P166	полученные награды	орден Культуры	0	0	0	0	1980-01-01	-0.2797593601045951
[1987, 1988]	танга	Q151794	Кэндзо Тангэ	P166	полученные награды	Притцкеровская премия	0	0	0	0	1987-01-01	-0.24601771710961595
[1997, 2009]	тандем	Q544359	Тандем	P577	дата публикации	0	0	1997-01-01	0	0	0	1.1108856125780908
[1993, 2004]	танец	Q7728803	Танец	P577	дата публикации	0	0	1998-01-01	0	0	0	-0.12648172998107865
2009	танец	Q19883545	Танец	P571	дата основания / создания / возникновения	0	0	1909-01-01	0	0	0	1.8302603537753661
2009	танец	Q164517	Танец	P571	дата основания / создания / возникновения	0	0	1909-01-01	0	0	0	1.8302603537753661
[1957, 1961]	танидзаки	Q316213	Танидзаки, Дзюнъитиро	P1411	номинирован на	Нобелевская премия по литературе	0	0	0	0	1960-01-01	-0.3809485158436148
[1964, 1968]	танидзаки	Q316213	Танидзаки, Дзюнъитиро	P1411	номинирован на	Нобелевская премия по литературе	0	0	0	0	1964-01-01	-0.7184668306014539
[1964, 1968]	танидзаки	Q316213	Танидзаки, Дзюнъитиро	P1411	номинирован на	Нобелевская премия по литературе	0	0	0	0	1965-01-01	-0.7184668306014539
[1957, 1961]	танидзаки	Q316213	Танидзаки, Дзюнъитиро	P1411	номинирован на	Нобелевская премия по литературе	0	0	0	0	1958-01-01	-0.3809485158436148
1985	таникав	Q1377715	Таникава, Сюнтаро	P166	полученные награды	премия Ханацубаки за современную поэзию	0	0	0	0	1985-01-01	3.7590186782469868
[1946, 1949]	танфильева	Q904438	Остров Танфильева	P131	административно-территориальная единица	Южно-Курильский городской округ	0	0	1946-02-02	0	0	0.4427921139060279
[2005, 2009]	танцевать	Q4451335	Танцуй...	P577	дата публикации	0	0	2006-01-01	0	0	0	0.5253993452799579
[1987, 2003]	танцевать	Q4451324	Танцевать	P577	дата публикации	0	0	2001-11-09	0	0	0	0.09599167989753872
1959	таншань	Q58422	Таншань	P131	административно-территориальная единица	Хэбэй	0	0	1949-01-01	1958-04-27	0	4.040398217948896
1959	таншань	Q58422	Таншань	P131	административно-территориальная единица	Специальный район Таншань	0	0	1958-04-28	1978-11-02	0	4.040398217948896
1930	таонань	Q1004248	Таонань	P131	административно-территориальная единица	Ляонин	0	0	1929-01-01	1932-03-08	0	2.518315516743834
[1954, 1956]	таонань	Q1004248	Таонань	P131	административно-территориальная единица	Хэйлунцзян	0	0	1949-06-01	1954-09-14	0	-0.321940449650535
1934	таонань	Q1004248	Таонань	P131	административно-территориальная единица	Лунцзян	0	0	1934-12-01	1945-09-02	0	4.095084205860542
[1954, 1956]	таонань	Q1004248	Таонань	P131	административно-территориальная единица	Специальный район Байчэн	0	0	1954-09-15	1967-12-31	0	-0.321940449650535
[1947, 1948]	таонань	Q1004248	Таонань	P131	административно-территориальная единица	Ляобэй	0	0	1946-04-01	1947-12-31	0	0.050368307284028135
1934	таонань	Q1004248	Таонань	P131	административно-территориальная единица	Фэнтянь	0	0	1932-03-09	1934-11-30	0	4.095084205860542
2005	тапа	Q1854990	Тапа	P580	дата начала	0	0	2005-01-01	0	0	0	1.9678951097155148
[1961, 1962]	тапа	Q1497159	ТАП	P571	дата основания / создания / возникновения	0	0	1961-01-01	0	0	0	0.3749921931353633
2005	тапа	Q1854990	Тапа	P571	дата основания / создания / возникновения	0	0	2005-10-21	0	0	0	1.9678951097155148
2007	тапиес	Q158099	Тапиес, Антони	P937	место активности	Италия	0	0	1956-01-01	1957-01-01	0	3.4183036334896832
[2006, 2007]	тара	Q472159	Таре, Игли	P54	член спортивной команды	Лацио	0	0	2006-01-01	2008-01-01	0	-0.8969523021955126
[1999, 2003]	тара	Q472159	Таре, Игли	P54	член спортивной команды	Фортуна Дюссельдорф	0	0	1997-01-01	1999-01-01	0	-0.3667614961768999
[1999, 2003]	тара	Q472159	Таре, Игли	P54	член спортивной команды	Брешия	0	0	2001-01-01	2003-01-01	0	-0.3667614961768999
[2006, 2007]	тара	Q472159	Таре, Игли	P54	член спортивной команды	Болонья	0	0	2003-01-01	2006-01-01	0	-0.8969523021955126
[1999, 2003]	тара	Q472159	Таре, Игли	P54	член спортивной команды	Кайзерслаутерн	0	0	1999-01-01	2000-01-01	0	-0.3667614961768999
[1989, 1997]	таракан	Q499757	Тараканы!	P2031	начало периода активности	0	0	1991-01-01	0	0	0	0.25954190292580415
[1989, 1997]	таракан	Q499757	Тараканы!	P571	дата основания / создания / возникновения	0	0	1991-01-01	0	0	0	0.25954190292580415
1949	тараклия	Q2006121	Тараклия	P31	это частный случай понятия	посёлок городского типа	0	0	1947-01-01	1990-01-01	0	3.11083946101804
[2004, 2005]	тарасовый	Q18409344	Тарасово	P131	административно-территориальная единица	Тарасовское сельское поселение	0	0	2004-12-28	0	0	-0.18398397228916813
[2004, 2005]	тарасовый	Q18409344	Тарасово	P131	административно-территориальная единица	Атяшевский район	0	0	1928-07-16	2004-12-27	0	-0.18398397228916813
[2004, 2005]	тарасовый	Q4451842	Тарасово	P131	административно-территориальная единица	Дугинское сельское поселение	0	0	2004-12-02	0	0	-0.18398397228916813
[2004, 2006]	таркин	Q13636364	Таркино	P131	административно-территориальная единица	Караваевское сельское поселение	0	0	2004-12-02	0	0	-0.04284736096602195
[1992, 1997]	таро	Q3596984	(11119) Таро	P575	дата открытия	0	0	1996-08-09	0	0	0	0.1822927461474384
[1953, 1957]	тартаковер	Q161135	Тартаковер, Савелий Григорьевич	P570	дата смерти	0	0	1956-02-04	0	0	0	-0.29341474528338685
1931	тартар	Q760220	Тартара, Рене	P569	дата рождения	0	0	1881-11-14	0	0	0	2.4809467397344616
[1955, 1956]	тарут	Q538204	Тарута, Сергей Алексеевич	P569	дата рождения	0	0	1955-07-23	0	0	0	0.40988692927194087
1943	тарутино	Q15255207	Тарутино	P571	дата основания / создания / возникновения	0	0	1843-01-01	0	0	0	5.204858423128962
[2003, 2007]	таска	Q63720	Таски, Сердар	P54	член спортивной команды	юношеская сборная Германии по футболу	0	0	2005-01-01	2005-01-01	0	-0.5061887752432545
[2003, 2007]	таска	Q63720	Таски, Сердар	P54	член спортивной команды	юношеская сборная Германии по футболу	0	0	2006-01-01	2006-01-01	0	-0.5061887752432545
[2003, 2007]	таска	Q63720	Таски, Сердар	P54	член спортивной команды	Germany national under-20 football team	0	0	2006-01-01	2006-01-01	0	-0.5061887752432545
[2003, 2007]	таска	Q63720	Таски, Сердар	P54	член спортивной команды	Штутгарт II	0	0	2005-01-01	2006-01-01	0	-0.5061887752432545
[2003, 2007]	таска	Q63720	Таски, Сердар	P54	член спортивной команды	Штутгарт	0	0	2006-01-01	2013-01-01	0	-0.5061887752432545
[1926, 1933]	тасср	Q199711	Таджикская Советская Социалистическая Республика	P571	дата основания / создания / возникновения	0	0	1929-10-16	0	0	0	-0.586166459595574
[2004, 2009]	тася	Q4452354	Тася	P577	дата публикации	0	0	2007-01-01	0	0	0	0.07156425666018588
1974	татарск	Q4452462	Татарск	P131	административно-территориальная единица	Мстиславский уезд	0	0	1772-01-01	1924-01-01	0	1.804369480182038
1929	татарск	Q4452462	Татарск	P131	административно-территориальная единица	Монастырщинский район	0	0	1929-10-01	0	0	2.2783803367065363
1992	татарстан	Q1140829	Татарская Автономная Советская Социалистическая Республика	P576	дата прекращения существования	0	0	1990-08-30	0	0	0	2.544906632809195
1993	татарстан	Q1785216	Татарстан	P571	дата основания / создания / возникновения	0	0	1993-01-01	0	0	0	2.8698110223002162
1957	татра	Q753732	(1989) Татры	P575	дата открытия	0	0	1955-03-20	0	0	0	3.304633597148278
[2005, 2009]	татуировка	Q80044	Побег	P580	дата начала	0	0	2005-08-29	0	0	0	0.5396451070521204
[2005, 2009]	татуировка	Q80044	Побег	P577	дата публикации	0	0	2005-01-01	0	0	0	0.5396451070521204
1955	татушин	Q2484115	Татушин, Борис Георгиевич	P54	член спортивной команды	Спартак	0	0	1953-01-01	1958-01-01	0	3.392691209207705
1955	татушин	Q2484115	Татушин, Борис Георгиевич	P54	член спортивной команды	сборная СССР по футболу	0	0	1954-01-01	1957-01-01	0	3.392691209207705
[2007, 2008]	тать	Q19915508	Тати	P2031	начало периода активности	0	0	2007-01-01	0	0	0	-0.4317913928874555
1991	тать	Q19915508	Тати	P569	дата рождения	0	0	1989-07-15	0	0	0	2.336530411600311
[1987, 1991]	тауэр	Q62378	Тауэр	P1435	статус наследия	всемирное наследие	0	0	1988-01-01	0	0	-0.18753259729050648
[1923, 1933]	тачанка	Q47471174	Тачанка	P571	дата основания / создания / возникновения	0	0	1925-01-01	0	0	0	0.7158612901810405
[1963, 1964]	ташауз	Q487672	Дашогуз	P131	административно-территориальная единица	Ташаузская область	0	0	1939-11-21	1963-01-10	0	-0.622738374051615
[1928, 1932]	ташауз	Q487672	Дашогуз	P131	административно-территориальная единица	Туркменская Советская Социалистическая Республика	0	0	1930-07-01	1932-01-01	0	0.4275104506731138
[1963, 1964]	ташауз	Q487672	Дашогуз	P131	административно-территориальная единица	Туркменская Советская Социалистическая Республика	0	0	1963-01-11	1970-12-13	0	-0.622738374051615
[1928, 1932]	ташауз	Q487672	Дашогуз	P131	административно-территориальная единица	Ташаузский округ	0	0	1924-12-01	1930-06-01	0	0.4275104506731138
[2004, 2006]	ташелка	Q4452941	Ташелка	P131	административно-территориальная единица	Сельское поселение Ташелка	0	0	2005-02-28	0	0	0.4873590198820133
[2004, 2006]	ташелка	Q4452941	Ташелка	P1376	является столицей	Сельское поселение Ташелка	0	0	2005-02-28	0	0	0.4873590198820133
[1993, 1994]	тащить	Q2583285	Тащи, Борис Борисович	P569	дата рождения	0	0	1993-07-26	0	0	0	-0.5097215882830658
[1958, 1962]	таяр	Q2334848	Таяр, Авраам	P39	занимаемая должность	депутат кнессета	0	0	1961-09-04	1969-11-17	0	-0.18793561761073269
[1957, 1961]	твалтвадзе	Q4453146	Твалтвадзе, Григорий Александрович	P569	дата рождения	0	0	1959-05-02	0	0	0	0.6035715513811745
1995	твердовский	Q1185283	Твердовский, Олег Фёдорович	P118	выступает в лиге	Национальная хоккейная лига	0	0	1994-01-01	2007-01-01	0	3.9327788984047367
[1971, 1972]	твит	Q267265	Твит	P569	дата рождения	0	0	1971-01-21	0	0	0	-0.43418147298176435
[2005, 2006]	твороговый	Q19935566	Творогово	P131	административно-территориальная единица	Печетовское сельское поселение	0	0	2005-01-01	0	0	-0.28258153814145365
[2003, 2005]	творожковый	Q4453343	Творожково	P131	административно-территориальная единица	Астапковичское сельское поселение	0	0	2004-12-02	0	0	-0.35947071959875143
1986	тгма	Q3533388	Тверская государственная медицинская академия	P166	полученные награды	орден Дружбы народов	0	0	0	0	1986-01-01	2.6378424076310116
[1980, 1984]	теватрон	Q944533	Тэватрон	P729	дата принятия в эксплуатацию	0	0	1983-01-01	0	0	0	-0.4859679091779884
[2004, 2005]	тегульдет	Q4453705	Тегульдет	P131	административно-территориальная единица	Тегульдетский район	0	0	1935-11-20	2004-09-08	0	-0.2808396133117827
[2004, 2005]	тегульдет	Q4453705	Тегульдет	P131	административно-территориальная единица	Тегульдетское сельское поселение	0	0	2004-09-09	0	0	-0.2808396133117827
[1935, 1936]	тейлор	Q2397857	Тейлор	P138	названо в честь	Тейлор, Брук	0	0	1935-01-01	0	0	-0.14780934403308738
[1979, 1981]	текес	Q1365242	Текес	P131	административно-территориальная единица	Или-Казахский автономный округ	0	0	1979-12-31	1984-01-01	0	-0.2369539883933629
[1955, 1956]	текес	Q1365242	Текес	P131	административно-территориальная единица	Или-Казахский автономный округ	0	0	1955-01-01	1974-12-31	0	-0.2155439238307943
[1947, 1958]	текстильщик	Q2631577	Волга	P571	дата основания / создания / возникновения	0	0	1947-01-01	0	0	0	-0.047630639219211623
2004	телегино	Q4453983	Телегино	P131	административно-территориальная единица	Колышлейский район	0	0	1959-10-12	2004-11-01	0	4.476601789307488
2004	телегино	Q4453983	Телегино	P131	административно-территориальная единица	Телегинский сельсовет	0	0	2004-11-02	0	0	4.476601789307488
1959	телемеханика	Q25393851	Телемеханика	P571	дата основания / создания / возникновения	0	0	1959-01-01	0	0	0	2.294674719331873
2008	телефон	Q3976515	телефон	P577	дата публикации	0	0	2007-01-01	0	0	0	2.638657253158343
[1976, 1995]	телефон	Q517912	Телефон	P577	дата публикации	0	0	1977-01-01	0	0	0	-0.0067714047489207865
1963	телстар	Q751132	Телстар-1	P793	ключевое событие	запуск ракеты	0	0	0	0	1962-07-10	2.6592732356380524
[1982, 1983]	телц	Q938750	(5894) Телц	P575	дата открытия	0	0	1982-09-14	0	0	0	-0.7614118432985241
[1995, 2008]	тема	Q4454397	Тема	P582	дата окончания	0	0	2000-03-04	0	0	0	0.1392087427092317
[1989, 1990]	тембулат	Q4454411	Тембулатов, Анзор Шараниевич	P569	дата рождения	0	0	1989-06-08	0	0	0	-0.09964517389147265
[1972, 1974]	темин	Q243536	Темин, Хауард	P166	полученные награды	Leopold Griffuel Prize	0	0	0	0	1972-01-01	0.4061068339754192
[1972, 1974]	темин	Q243536	Темин, Хауард	P166	полученные награды	Награда Pfizer по энзимной химии	0	0	0	0	1973-01-01	0.4061068339754192
[1972, 1974]	темин	Q243536	Темин, Хауард	P166	полученные награды	Премия Национальной академии наук по молекулярной биологии	0	0	0	0	1972-01-01	0.4061068339754192
[1956, 1974]	темиртау	Q3983094	Темиртау	P131	административно-территориальная единица	Кузедеевский район	0	0	1939-06-22	1961-03-23	0	0.3578721958847348
[2003, 2005]	темиртау	Q3983094	Темиртау	P131	административно-территориальная единица	Темиртауское городское поселение	0	0	2004-12-17	0	0	-0.1010151191914906
[1926, 1931]	темников	Q196645	Темников	P131	административно-территориальная единица	Краснослободский уезд	0	0	1925-03-17	1928-07-15	0	-0.1704033812270845
[1926, 1931]	темников	Q196645	Темников	P131	административно-территориальная единица	Темниковский район	0	0	1928-07-16	0	0	-0.1704033812270845
[1935, 1940]	темпель	Q1337580	Темпель	P138	названо в честь	Темпель, Эрнст Вильгельм Леберехт	0	0	1935-01-01	0	0	0.5408419398294878
[1978, 1980]	тенг	Q453390	Тенг, Виена	P569	дата рождения	0	0	1978-10-03	0	0	0	-0.519377671979925
[2004, 2009]	тенеево	Q4454655	Тенеево	P131	административно-территориальная единица	Тенеевское сельское поселение	0	0	2005-01-01	0	0	1.0150528668956247
[1977, 1981]	теннести	Q3439768	Тённесен, Терье	P166	полученные награды	премия Грига	0	0	0	0	1979-01-01	-0.23719763328990268
1942	теннисон	Q173869	Альфред Теннисон	P39	занимаемая должность	Поэт-лауреат	0	0	1850-11-19	1892-10-06	0	1.8208890427920867
[1993, 1994]	тень	Q1535980	Тени	P166	полученные награды	Национальный реестр фильмов США	0	0	0	0	1993-01-01	-0.20120967301617698
[1993, 1994]	тень	Q2648415	Тени	P577	дата публикации	0	0	1993-10-22	0	0	0	-0.20120967301617698
[1990, 1994]	теньга	Q173751	казахстанский тенге	P580	дата начала	0	0	1993-11-15	0	0	0	-0.3189845386478562
1997	теоман	Q982765	Теоман	P2031	начало периода активности	0	0	1997-01-01	0	0	0	4.031819527083518
[2004, 2006]	тепловка	Q55659563	Тепловка	P131	административно-территориальная единица	Мордовско-Пишлинское сельское поселение	0	0	2005-02-07	0	0	-0.141105406031545
[2004, 2006]	тепловка	Q55659563	Тепловка	P131	административно-территориальная единица	Рузаевский район	0	0	1928-07-16	2005-02-06	0	-0.141105406031545
[2004, 2009]	теплый	Q4468130	Тёплое	P131	административно-территориальная единица	Верхопольское сельское поселение	0	0	2005-01-01	0	0	-0.17675317536877055
[1986, 1990]	тереза	Q2298877	Тереза	P577	дата публикации	0	0	1986-01-01	0	0	0	-0.1542231179037675
[1923, 1929]	терект	Q13645680	Теректы	P131	административно-территориальная единица	Алакольский район	0	0	1928-01-17	0	0	0.6349863944196279
[1990, 1998]	теремок	Q4455588	Теремок	P577	дата публикации	0	0	1995-01-01	0	0	0	-0.20141963028438395
[1931, 1935]	тереть	Q16705587	Тер	P570	дата смерти	0	0	1934-01-28	0	0	0	0.12747544759432952
[1955, 1964]	терехин	Q4456383	Терёхин, Сергей Анатольевич	P569	дата рождения	0	0	1963-09-29	0	0	0	-0.18030446476854084
[1963, 1967]	терешкова	Q44371	Валентина Владимировна Терешкова	P39	занимаемая должность	депутат Верховного Совета СССР	0	0	1966-01-01	1974-01-01	0	2.1428148973673378
1954	терновый	Q4456031	Терновое	P571	дата основания / создания / возникновения	0	0	1952-01-01	0	0	0	3.7681060270518314
1954	терновый	Q4456035	Терновое	P571	дата основания / создания / возникновения	0	0	1954-01-01	0	0	0	3.7681060270518314
[1946, 1947]	тернь	Q819320	Тёрни, Лаури	P1399	осуждён за	государственная измена	0	0	0	0	1946-12-01	0.8598359487080124
[1946, 1948]	терцаги	Q84371	Терцаги, Карл	P166	полученные награды	медаль Франка П. Брауна	0	0	0	0	1946-01-01	0.0975989836140801
[1966, 1973]	тесло	Q2406220	Тесла	P138	названо в честь	Никола Тесла	0	0	1970-01-01	0	0	-0.4709612520187797
[2007, 2009]	тест	Q467402	Эндрю Мартин	P2032	окончание периода активности	0	0	2008-01-01	0	0	0	-0.6586968115191153
[1974, 1976]	тест	Q467402	Эндрю Мартин	P569	дата рождения	0	0	1975-03-17	0	0	0	-0.6136697845760714
1973	тетч	Q20537449	Тётча	P131	административно-территориальная единица	Лепельский уезд	0	0	1793-01-01	1923-01-01	0	2.0483955422914977
1973	тетч	Q20537449	Тётча	P131	административно-территориальная единица	Веркудский сельсовет	0	0	1923-01-01	0	0	2.0483955422914977
1937	техас	Q170588	Республика Техас	P36	столица	Хьюстон	0	0	1837-01-01	1839-01-01	0	4.0693974785920295
[1992, 1994]	тешин	Q523144	Андре Тешине	P1411	номинирован на	премия «Сезар» за лучшую режиссуру	0	0	0	0	1992-01-01	-0.20429399174575366
[2006, 2009]	тешин	Q523144	Андре Тешине	P1411	номинирован на	Премия «Спутник» за лучший оригинальный сценарий	0	0	0	0	2006-01-01	-0.036822202778823004
[2006, 2009]	тешин	Q523144	Андре Тешине	P1411	номинирован на	премия «Сезар» за лучшую режиссуру	0	0	0	0	2008-01-01	-0.036822202778823004
[1996, 1998]	тешин	Q523144	Андре Тешине	P1411	номинирован на	Золотая пальмовая ветвь	0	0	0	0	1996-01-01	-0.22428127798004116
[1996, 1998]	тешин	Q523144	Андре Тешине	P1411	номинирован на	премия «Сезар» за лучшую режиссуру	0	0	0	0	1997-01-01	-0.22428127798004116
[1996, 1998]	тешин	Q523144	Андре Тешине	P1411	номинирован на	премия «Сезар» за лучший фильм	0	0	0	0	1997-01-01	-0.22428127798004116
[1963, 1964]	тиан	Q517993	Тиана	P569	дата рождения	0	0	1963-11-30	0	0	0	-0.7553089145437124
[1969, 1975]	тивяк	Q710938	Сергей Николаевич Тивяков	P569	дата рождения	0	0	1973-02-14	0	0	0	-0.37617692334459807
1942	тигр	Q151221	Тигр	P729	дата принятия в эксплуатацию	0	0	1942-01-01	0	0	0	2.183413330186092
[1974, 1977]	тико	Q443597	Тико	P569	дата рождения	0	0	1976-09-15	0	0	0	-0.28529028488233077
[1931, 1940]	тикси	Q500895	Тикси	P571	дата основания / создания / возникновения	0	0	1933-01-01	0	0	0	1.2299552741996724
[1931, 1940]	тикси	Q500895	Тикси	P1249	первое письменное упоминание	0	0	1933-01-01	0	0	0	1.2299552741996724
[2000, 2005]	тила	Q73221	Тил	P6	глава правительства	Стефен де Фреез	0	0	2003-06-01	2012-01-01	0	-0.5007939418512862
[2000, 2005]	тила	Q73221	Тил	P6	глава правительства	Ed van Tellingen	0	0	1989-01-01	2002-12-01	0	-0.5007939418512862
1953	тилламук	Q495359	Тилламук	P571	дата основания / создания / возникновения	0	0	1853-12-15	0	0	0	1.6766942670422365
[1970, 1971]	тиль	Q1535259	Тиль	P138	названо в честь	Тиль, Вальтер	0	0	1970-01-01	0	0	-0.5327040633783554
1977	тимаков	Q4457316	Тимакова, Наталья Александровна	P569	дата рождения	0	0	1975-04-12	0	0	0	3.5558500839156597
[1987, 1992]	тимбукт	Q9427	Томбукту	P793	ключевое событие	список объектов всемирного наследия, находящихся под угрозой уничтожения	0	0	1990-01-01	2005-01-01	0	-0.4594195693052498
[1987, 1992]	тимбукт	Q9427	Томбукту	P1435	статус наследия	всемирное наследие	0	0	1988-01-01	0	0	-0.4594195693052498
[1981, 1985]	тимирязев	Q552039	(6082) Тимирязев	P575	дата открытия	0	0	1982-10-21	0	0	0	-0.44895896564464993
1952	тимирязев	Q4457413	Тимирязев	P571	дата основания / создания / возникновения	0	0	1950-01-01	0	0	0	2.419167198608664
[1949, 1952]	тимофей	Q25396589	Тимофей	P569	дата рождения	0	0	1951-08-31	0	0	0	0.28391193605948317
[2004, 2006]	тимохино	Q20010627	Тимохино	P131	административно-территориальная единица	Рунское сельское поселение	0	0	2005-01-01	0	0	-0.380411627830278
[1982, 1983]	тина	Q18397706	Тина	P569	дата рождения	0	0	1982-08-16	0	0	0	-0.2460102691823905
[1998, 2002]	типпетт	Q356499	Типпетт, Майкл	P570	дата смерти	0	0	1998-01-08	0	0	0	-0.3287508822364035
[1998, 2002]	типпетт	Q356499	Типпетт, Майкл	P570	дата смерти	0	0	1998-01-09	0	0	0	-0.3287508822364035
[2003, 2005]	тир	Q4458021	Тира	P131	административно-территориальная единица	Верхнемарковское сельское поселение	0	0	2004-12-31	0	0	-0.5378002876279814
1925	тирасполь	Q132572	Тирасполь	P131	административно-территориальная единица	Тираспольский район	0	0	1924-10-12	1971-06-21	0	3.3246731267409175
[2005, 2007]	тирасполь	Q132572	Тирасполь	P131	административно-территориальная единица	Административно-территориальные единицы левобережья Днестра	Молдавия	0	2005-07-22	0	0	-0.5836805850883112
[1968, 1971]	тирра	Q7809275	Тирру	P569	дата рождения	0	0	1968-03-28	0	0	0	-0.3347385232654339
[1936, 1937]	тиррел	Q4458108	Тиррел, Роберто	P569	дата рождения	0	0	1936-04-10	0	0	0	-0.02110668156880003
1935	тирь	Q1945992	Тири	P1619	дата официального открытия	0	0	1935-01-01	0	0	0	2.15874063173833
1998	титаник	Q44578	Титаник	P3156	австралийская классификация	M	0	0	1998-03-06	0	0	4.5041103110278575
1998	титаник	Q1426605	Титаник	P449	первоначальная телесеть	CBS	0	0	1996-11-17	1996-11-19	0	4.5041103110278575
[1964, 1967]	тито	Q9161	Иосип Броз Тито	P166	полученные награды	орден «Звезда дружбы народов»	0	0	0	0	1965-01-01	-0.40426098025439305
[1973, 1981]	тито	Q9161	Иосип Броз Тито	P166	полученные награды	орден Октябрьской Революции	0	0	0	0	1977-08-16	-0.3962811914896616
1943	тито	Q9161	Иосип Броз Тито	P166	полученные награды	орден Национального освобождения	0	0	0	0	1943-08-15	4.099859711346055
1944	тито	Q9161	Иосип Броз Тито	P166	полученные награды	Народный герой Югославии	0	0	0	0	1944-11-19	4.000197284283538
[1943, 1947]	тито	Q9161	Иосип Броз Тито	P166	полученные награды	орден Свободы	0	0	0	0	1945-06-12	2.1429002611247174
[1973, 1981]	тито	Q9161	Иосип Броз Тито	P166	полученные награды	орден Карла Маркса	0	0	0	0	1977-01-12	-0.3962811914896616
[1943, 1947]	тито	Q9161	Иосип Броз Тито	P166	полученные награды	орден «Победа»	0	0	0	0	1945-09-09	2.1429002611247174
[1943, 1947]	тито	Q9161	Иосип Броз Тито	P166	полученные награды	медаль «Победы и Свободы»	0	0	0	0	1946-03-16	2.1429002611247174
1950	тито	Q9161	Иосип Броз Тито	P166	полученные награды	орден Героя социалистического труда	0	0	0	0	1950-11-29	1.8946609107538908
[1973, 1981]	тито	Q9161	Иосип Броз Тито	P166	полученные награды	орден Карла Маркса	0	0	0	0	1974-11-12	-0.3962811914896616
[1973, 1981]	тито	Q9161	Иосип Броз Тито	P166	полученные награды	Большой крест в специальном исполнении ордена «За заслуги перед Федеративной Республикой Германия»	0	0	0	0	1974-06-24	-0.3962811914896616
[1943, 1947]	тито	Q9161	Иосип Броз Тито	P166	полученные награды	Партизанский крест	0	0	0	0	1946-03-16	2.1429002611247174
[1967, 1971]	титомир	Q4458336	Богдан Титомир	P569	дата рождения	0	0	1967-03-16	0	0	0	-0.09297374775766802
[1996, 2006]	тифлисский	Q984417	Тбилисская	P131	административно-территориальная единица	Тбилисский район	0	0	1934-12-31	2005-01-01	0	-0.5005564938683439
[1996, 2006]	тифлисский	Q984417	Тбилисская	P131	административно-территориальная единица	Тбилисское сельское поселение	0	0	2005-01-01	0	0	-0.5005564938683439
1925	тифлисский	Q984417	Тбилисская	P131	административно-территориальная единица	Кавказский район	0	0	1924-06-02	1934-12-30	0	1.8219488236785177
[2002, 2006]	тихонова	Q15276108	Тихонова	P131	административно-территориальная единица	Краснополянское сельское поселение	0	0	2005-01-01	0	0	-0.7174312029510539
[2004, 2006]	тишин	Q13636360	Тишино	P131	административно-территориальная единица	Сметанинское сельское поселение	0	0	2004-12-02	0	0	-0.5751868952390282
1999	тлюстен	Q4459051	Тлюстен, Юсуф Ибрагимович	P570	дата смерти	0	0	1998-01-01	0	0	0	2.5753910464936856
[1975, 1978]	тмен	Q2988839	Тменов, Тамерлан Русланович	P569	дата рождения	0	0	1977-07-27	0	0	0	0.5671477159309262
[1926, 1931]	тнр	Q816709	Тувинская Народная Республика	P37	официальный язык	тувинский язык	0	0	1930-01-01	0	0	-0.23840108823350806
[1957, 1966]	тнс	Q390183	Нью-Сейнтс	P571	дата основания / создания / возникновения	0	0	1959-01-01	0	0	0	-0.46039632370386274
1998	тнт	Q1975145	ТНТ	P571	дата основания / создания / возникновения	0	0	1998-01-01	0	0	0	1.9838919951083953
[1991, 1995]	тобол	Q4459119	Тобол	P571	дата основания / создания / возникновения	0	0	1992-01-01	0	0	0	-0.013502541340634777
1970	тогто	Q661113	Тогто	P131	административно-территориальная единица	Уланчаб	0	0	1958-01-01	1970-12-31	0	5.417288589634434
[1939, 1947]	тодзио	Q160847	Тодзио, Хидэки	P2032	окончание периода активности	0	0	1945-01-01	0	0	0	0.7641838152580188
[1999, 2003]	тодуа	Q4459368	Тодуа, Эльвира Зурабовна	P54	член спортивной команды	ЦСК ВВС (женский футбольный клуб)	0	0	2001-01-01	2003-01-01	0	-0.5762966895609509
[2006, 2009]	тодуа	Q4459368	Тодуа, Эльвира Зурабовна	P54	член спортивной команды	СКА-Ростов-на-Дону	0	0	2007-01-01	2009-01-01	0	0.15139372889682975
[1999, 2003]	тодуа	Q4459368	Тодуа, Эльвира Зурабовна	P54	член спортивной команды	Кубаночка	0	0	2000-01-01	2000-01-01	0	-0.5762966895609509
[2006, 2009]	тодуа	Q4459368	Тодуа, Эльвира Зурабовна	P54	член спортивной команды	Россиянка	0	0	2005-01-01	2007-01-01	0	0.15139372889682975
1959	тойнби	Q185381	Тойнби, Арнольд Джозеф	P1411	номинирован на	Нобелевская премия по литературе	0	0	0	0	1957-01-01	2.1471516393166876
[1943, 1951]	тойнби	Q185381	Тойнби, Арнольд Джозеф	P1411	номинирован на	Нобелевская премия по литературе	0	0	0	0	1950-01-01	-0.6993765886405785
[1952, 1963]	ток	Q1490	Токио	P6	глава правительства	Ясуи, Сэйитиро	0	0	1947-04-14	1959-04-18	0	-0.05580873238949518
[1952, 1963]	ток	Q1490	Токио	P6	глава правительства	Адзума, Рётаро	0	0	1959-04-27	1967-04-22	0	-0.05580873238949518
[1923, 1927]	токаревка	Q4459483	Токаревка	P131	административно-территориальная единица	Двуречанский район	0	0	1923-01-01	0	0	-0.011731458989585298
[1923, 1927]	токаревка	Q4459481	Токаревка	P131	административно-территориальная единица	Жмеринский район	0	0	1923-03-07	0	0	-0.011731458989585298
[1933, 1938]	токио	Q856619	Токио	P571	дата основания / создания / возникновения	0	0	1935-01-01	0	0	0	0.54285787024963
[1964, 1966]	токио	Q283196	Токио	P580	дата начала	0	0	1964-10-01	0	0	0	-0.03845592737291792
[1953, 1959]	токио	Q283196	Токио	P580	дата начала	0	0	1956-07-20	0	0	0	-0.006655406567624985
1925	токсово	Q2541893	Токсово	P131	административно-территориальная единица	Санкт-Петербургский уезд	0	0	1923-02-14	1927-07-31	0	1.705607865858412
[1980, 1981]	толберт	Q336212	Уильям Ричард Толберт	P39	занимаемая должность	председатель Организации африканского единства	0	0	1979-07-12	1980-04-12	0	-0.03716169327107033
[1980, 1981]	толберт	Q336212	Уильям Ричард Толберт	P39	занимаемая должность	президент Либерии	0	0	1971-07-23	1980-04-12	0	-0.03716169327107033
1944	толбухин	Q48149	Фёдор Иванович Толбухин	P569	дата рождения	0	0	1894-06-16	0	0	0	3.612733772283643
[1992, 1997]	толедо	Q5836	Толедо	P6	глава правительства	Agustín Conde	0	0	1995-01-01	1999-01-01	0	-0.3130066304723016
[1983, 1984]	толедо	Q5836	Толедо	P6	глава правительства	Juan Ignacio de Mesa	0	0	1979-01-01	1983-01-01	0	-0.35234232105044594
[1983, 1984]	толедо	Q5836	Толедо	P6	глава правительства	Joaquín Sánchez Garrido	0	0	1983-01-01	1987-01-01	0	-0.35234232105044594
[2007, 2008]	толедо	Q5836	Толедо	P6	глава правительства	José Manuel Molina García	0	0	1999-01-01	2007-01-01	0	-0.2608264939763965
[2007, 2008]	толедо	Q5836	Толедо	P6	глава правительства	Эмильяно Гарсиа-Пахе	0	0	2007-01-01	2015-01-01	0	-0.2608264939763965
[1992, 1997]	толедо	Q5836	Толедо	P6	глава правительства	Joaquín Sánchez Garrido	0	0	1991-01-01	1995-01-01	0	-0.3130066304723016
[2001, 2006]	толмачево	Q4459768	Толмачево	P131	административно-территориальная единица	Брянский район	0	0	1929-10-01	2004-12-31	0	-0.14470339805736646
[2001, 2006]	толмачево	Q4459768	Толмачево	P131	административно-территориальная единица	Снежское сельское поселение	0	0	2005-01-01	0	0	-0.14470339805736646
[1964, 1973]	толоть	Q649845	(2326) Тололо	P575	дата открытия	0	0	1965-08-29	0	0	0	0.41813907608000206
2006	толстиков	Q15409730	Толстиковы	P131	административно-территориальная единица	Спас-Талицкое сельское поселение	0	0	2006-01-01	0	0	3.7572992893905073
[2001, 2008]	толстушка	Q1645253	Толстушки	P577	дата публикации	0	0	2006-08-03	0	0	0	-0.020027433913581347
[2001, 2008]	толстушка	Q1645253	Толстушки	P577	дата публикации	0	0	2006-01-01	0	0	0	-0.020027433913581347
[2001, 2002]	тольдо	Q234532	Тольдо, Франческо	P54	член спортивной команды	Интернационале	0	0	2001-01-01	2010-01-01	0	-0.08066017679746373
[2001, 2002]	тольдо	Q234532	Тольдо, Франческо	P54	член спортивной команды	Фиорентина	0	0	1993-01-01	2001-01-01	0	-0.08066017679746373
1992	томакомай	Q3601182	Томакомай	P571	дата основания / создания / возникновения	0	0	1892-08-01	0	0	0	4.819125728937974
1992	томакомай	Q3601182	Томакомай	P1619	дата официального открытия	0	0	1892-01-01	0	0	0	4.819125728937974
[1999, 2001]	томис	Q79808	Констанца	P131	административно-территориальная единица	Констанца	0	0	2000-01-01	0	0	-0.9899658973448423
[1959, 1962]	томиям	Q2703731	Томияма, Кэй	P2031	начало периода активности	0	0	1960-01-01	0	0	0	0.3073915121532282
[1956, 1958]	томлес	Q329510	Томь	P571	дата основания / создания / возникновения	0	0	1957-01-01	0	0	0	0.4903557932868863
[2004, 2009]	томмот	Q15912929	Томмот	P1619	дата официального открытия	0	0	2004-01-01	0	0	0	-0.39452030816128564
[1956, 1964]	томпсон	Q991295	Томпсон	P571	дата основания / создания / возникновения	0	0	1956-01-01	0	0	0	0.22405001644398498
1996	томскэнерго	Q4460412	Томскэнерго	P571	дата основания / создания / возникновения	0	0	1896-01-01	0	0	0	2.373686543134168
1999	тони	Q4636990	Тони	P585	момент времени	0	0	1949-01-01	0	0	0	2.0029915968767087
[1974, 1979]	тоннер	Q1324370	Тоннер	P571	дата основания / создания / возникновения	0	0	1974-01-01	0	0	0	-0.7578839011390025
[2003, 2006]	топлый	Q18803925	Топлое	P131	административно-территориальная единица	Малосердобинский район	0	0	1970-12-11	2004-11-01	0	-0.7289654714997474
[1969, 1973]	топлый	Q18803925	Топлое	P131	административно-территориальная единица	Колышлейский район	0	0	1963-02-01	1970-12-10	0	-0.4714784331576272
[2003, 2006]	топлый	Q18803925	Топлое	P131	административно-территориальная единица	Малосердобинский сельсовет	0	0	2004-11-02	0	0	-0.7289654714997474
[2007, 2009]	топтать	Q4460931	Топчу, Андрей Владимирович	P54	член спортивной команды	Кубань	0	0	2007-01-01	2009-01-01	0	-0.4182436438170895
[2007, 2009]	топтать	Q4460931	Топчу, Андрей Владимирович	P54	член спортивной команды	Москва	0	0	2007-01-01	2007-01-01	0	-0.4182436438170895
[2005, 2009]	топь	Q588600	Топь	P577	дата публикации	0	0	2006-01-01	0	0	0	-0.2542720189622313
1933	тор	Q4461192	Тором	P571	дата основания / создания / возникновения	0	0	1932-01-01	0	0	0	2.773974527937672
2005	торбеево	Q2047922	Торбеево	P131	административно-территориальная единица	Торбеевское городское поселение	0	0	2004-12-28	0	0	2.336607829766655
2005	торбеево	Q2047922	Торбеево	P131	административно-территориальная единица	Торбеевский район	0	0	1928-07-16	2004-12-27	0	2.336607829766655
[1963, 1967]	торгай	Q2448499	Торгаев, Павел Викторович	P569	дата рождения	0	0	1966-01-25	0	0	0	0.7736494223349638
1940	торгун	Q20506479	Торгуны	P131	административно-территориальная единица	гмина Докшицы	0	0	1921-01-01	1939-01-01	0	3.1648150905923433
1940	торгун	Q20506479	Торгуны	P131	административно-территориальная единица	Тумиловичский сельсовет	0	0	1940-10-12	0	0	3.1648150905923433
[1964, 1965]	торение	Q735514	(3717) Торения	P575	дата открытия	0	0	1964-02-15	0	0	0	-0.10068974269071466
[1999, 2000]	торжество	Q841958	Торжество	P166	полученные награды	Sølvklumpen за лучший иностранный фильм	0	0	0	0	1999-01-01	-0.8461196334484578
[1978, 1979]	торлопов	Q455815	Торлопова, Надежда Викторовна	P569	дата рождения	0	0	1978-11-23	0	0	0	-0.3822102142753479
[1973, 1977]	тормис	Q461923	Вельо Тормис	P166	полученные награды	Народный артист Эстонской ССР	0	0	0	0	1975-01-01	0.737171617816875
[1999, 2003]	тормис	Q461923	Вельо Тормис	P166	полученные награды	Tallin Medal	0	0	0	0	2000-01-01	-0.468982546138097
[1965, 1969]	тормис	Q461923	Вельо Тормис	P166	полученные награды	заслуженный деятель искусств Эстонской ССР	0	0	0	0	1967-01-01	-0.12913939219202036
1974	тормис	Q461923	Вельо Тормис	P166	полученные награды	Государственная премия СССР	0	0	0	0	1974-01-01	3.1961550662640317
[1925, 1929]	торосовый	Q4461251	Торосово	P131	административно-территориальная единица	Волосовский район	0	0	1927-08-01	2004-09-23	0	0.24278484969186573
[1971, 1973]	торп	Q10700251	Торп	P131	административно-территориальная единица	Онге	0	0	1971-01-01	0	0	-0.37996779476889847
[1926, 1930]	торп	Q295677	Торпе	P131	административно-территориальная единица	Нуоро	0	0	1927-01-02	0	0	-0.14884133319725168
[1927, 1931]	торпедо	Q182930	Ростов	P571	дата основания / создания / возникновения	0	0	1930-01-01	0	0	0	0.02819233744691354
[1993, 2002]	торпедо	Q4461297	Торпедо	P576	дата прекращения существования	0	0	1994-01-01	0	0	0	0.5552464163381717
[1962, 1966]	торпедо	Q4461303	Торпедо	P571	дата основания / создания / возникновения	0	0	1964-01-01	0	0	0	-0.5673801792008563
1997	торпедо	Q2634730	Торпедо	P571	дата основания / создания / возникновения	0	0	1947-01-01	0	0	0	1.875616480972302
[1973, 1975]	торсо	Q1216651	Торсо	P577	дата публикации	0	0	1973-01-01	0	0	0	-0.676390889537994
1973	тостао	Q311407	Тостао	P54	член спортивной команды	сборная Бразилии по футболу	0	0	1966-01-01	1972-01-01	0	3.450735911339346
1973	тостао	Q311407	Тостао	P54	член спортивной команды	Крузейро	0	0	1964-01-01	1971-01-01	0	3.450735911339346
1973	тостао	Q311407	Тостао	P54	член спортивной команды	Васко да Гама	0	0	1972-01-01	1973-01-01	0	3.450735911339346
1942	тотмин	Q4461461	Тотмин, Николай Яковлевич	P570	дата смерти	0	0	1942-10-23	0	0	0	3.502872258861156
[1989, 1993]	точень	Q2438011	Точены	P17	государство	Молдавия	0	0	1991-08-27	0	0	-0.17277998724091376
1941	точень	Q2438011	Точены	P17	государство	Румыния	0	0	1918-04-09	1940-06-28	0	1.6823156976551985
[1937, 1940]	тошнота	Q658288	Тошнота	P571	дата основания / создания / возникновения	0	0	1938-01-01	0	0	0	-0.4270657404208764
[1937, 1940]	тошнота	Q658288	Тошнота	P577	дата публикации	0	0	1938-01-01	0	0	0	-0.4270657404208764
[1992, 1995]	травница	Q790789	Травница	P17	государство	Словакия	0	0	1993-01-01	0	0	-0.1207917874004917
2001	трайковский	Q237782	Борис Трайковский	P39	занимаемая должность	Президент Северной Македонии	0	0	1999-11-19	2004-02-26	0	2.43163788516272
[2003, 2007]	тракай	Q14657783	Ритеряй	P571	дата основания / создания / возникновения	0	0	2005-01-01	0	0	0	0.3137530422001208
1930	трактор	Q1059186	Ротор	P571	дата основания / создания / возникновения	0	0	1929-01-01	0	0	0	2.0689438501834574
[1964, 1965]	трамп	Q22686	Дональд Трамп	P69	учебное заведение	Фордемский университет	0	0	1964-08-01	1966-01-01	0	-0.5318497430646861
[1964, 1965]	трамп	Q22686	Дональд Трамп	P69	учебное заведение	Нью-Йоркская военная академия	0	0	1959-01-01	1964-01-01	0	-0.5318497430646861
[1970, 1972]	трамп	Q22686	Дональд Трамп	P937	место активности	Нью-Йорк	0	0	1971-01-01	2017-01-19	0	-0.4821940853829884
[1946, 1948]	транзистор	Q5339	транзистор	P575	дата открытия	0	0	1947-12-01	0	0	0	-0.4014665969160349
1932	трансгрессия	Q1801510	Трансгрессия	P577	дата публикации	0	0	1931-01-01	0	0	0	1.7944453154992894
1946	трансиордания	Q1121819	Эмират Трансиордания	P576	дата прекращения существования	0	0	1946-05-25	0	0	0	4.4047703318734435
[1976, 1981]	транскея	Q466551	Транскей	P571	дата основания / создания / возникновения	0	0	1976-10-26	0	0	0	0.3617713460999534
[1992, 1997]	транскредитбанк	Q4462000	Транскредитбанк	P571	дата основания / создания / возникновения	0	0	1992-01-01	0	0	0	-0.15094875614851636
2004	трансмашхолдинг	Q1519572	Трансмашхолдинг	P571	дата основания / создания / возникновения	0	0	2002-01-01	0	0	0	1.769178828832303
1944	транснистрий	Q167641	Губернаторство Транснистрия	P576	дата прекращения существования	0	0	1944-04-01	0	0	0	1.8742138532762875
2007	трансформер	Q171453	Трансформеры	P577	дата публикации	0	0	2007-08-01	0	0	0	1.7025037637441858
2007	трансформер	Q171453	Трансформеры	P577	дата публикации	0	0	2007-06-12	0	0	0	1.7025037637441858
2007	трансформер	Q2073466	Трансформеры	P577	дата публикации	0	0	2007-01-01	0	0	0	1.7025037637441858
2007	трансформер	Q171453	Трансформеры	P577	дата публикации	0	0	2007-07-04	0	0	0	1.7025037637441858
2007	трансформер	Q171453	Трансформеры	P577	дата публикации	0	0	2007-07-03	0	0	0	1.7025037637441858
2002	траффик	Q142292	Траффик	P1411	номинирован на	Премия «Оскар» за лучший фильм	0	0	0	0	2000-01-01	2.085848277423393
1928	траханиотовый	Q18803979	Траханиотово	P131	административно-территориальная единица	Кузнецкий район	0	0	1928-07-16	2004-11-01	0	3.2334150646460995
[1991, 1992]	требинья	Q690052	Требинье	P1376	является столицей	SAO Herzegovina	0	0	1991-01-01	1992-01-01	0	0.18077874801402238
[1996, 1997]	требишов	Q301318	Требишов	P131	административно-территориальная единица	Кошицкий край	0	0	1996-07-24	0	0	-0.7612383342128253
[1993, 1994]	требишов	Q256301	Требишов	P17	государство	Словакия	0	0	1993-01-01	0	0	-0.7624870943808328
1947	тревизо	Q5475	Тревизо	P1313	должность главы правительства	Q58335927	0	0	1945-01-01	t	0	1.8172342487957378
1947	тревизо	Q5475	Тревизо	P1313	должность главы правительства	Q58336103	0	0	1926-01-01	1945-01-01	0	1.8172342487957378
[1992, 1998]	трезубец	Q199433	Герб Украины	P571	дата основания / создания / возникновения	0	0	1992-02-19	0	0	0	0.7164686260004333
1999	тренер	Q1248320	Тренер	P582	дата окончания	0	0	1997-05-14	0	0	0	1.9180905744098913
2002	тренер	Q2083956	Тренер	P577	дата публикации	0	0	2001-01-01	0	0	0	2.5778480916199924
[1964, 1970]	тренер	Q4462397	Тренер	P577	дата публикации	0	0	1969-01-01	0	0	0	-0.14083569781071828
[1972, 1973]	тренто	Q16289	Трентино	P571	дата основания / создания / возникновения	0	0	1972-01-01	0	0	0	-0.7016711473089612
1965	триггер	Q614508	Триггер	P570	дата смерти	0	0	1965-07-03	0	0	0	2.141473838338887
[1945, 1949]	триггер	Q7841694	Триггер	P569	дата рождения	0	0	1948-04-22	0	0	0	-0.3777302240627167
1999	триглава	Q44308	Триглав	P571	дата основания / создания / возникновения	0	0	1997-01-01	0	0	0	1.8464755115393732
[1981, 1982]	триглава	Q1163005	Триглав	P571	дата основания / создания / возникновения	0	0	1981-01-01	0	0	0	-0.28314456745873184
[1953, 1954]	триест	Q850157	Триест	P793	ключевое событие	спуск судна на воду	0	0	0	0	1953-08-26	-0.3811667501473169
[1927, 1938]	трикотажный	Q4463041	Трикотажная	P1619	дата официального открытия	0	0	1932-01-01	0	0	0	0.3647463648955445
[1997, 1998]	тримбл	Q192556	Дэвид Тримбл	P39	занимаемая должность	Member of the 51st Parliament of the United Kingdom	0	0	1992-04-09	1997-04-08	0	-0.4982476665137493
[2000, 2002]	тримбл	Q192556	Дэвид Тримбл	P39	занимаемая должность	первый министр Северной Ирландии	0	0	1998-07-01	2001-07-01	0	-0.439316120144367
[2004, 2006]	тримбл	Q192556	Дэвид Тримбл	P39	занимаемая должность	Member of the 53rd Parliament of the United Kingdom	0	0	2001-06-07	2005-04-11	0	0.007453905016950424
[2000, 2002]	тримбл	Q192556	Дэвид Тримбл	P39	занимаемая должность	первый министр Северной Ирландии	0	0	2001-11-06	2002-10-14	0	-0.439316120144367
[2000, 2002]	тримбл	Q192556	Дэвид Тримбл	P39	занимаемая должность	Member of the 52nd Parliament of the United Kingdom	0	0	1997-05-01	2001-05-14	0	-0.439316120144367
[2004, 2006]	тримбл	Q192556	Дэвид Тримбл	P39	занимаемая должность	Leader of the Ulster Unionist Party	0	0	1995-09-08	2005-06-24	0	0.007453905016950424
2003	триндади	Q162481	Триндади	P1619	дата официального открытия	0	0	2002-12-07	0	0	0	4.274183887712849
[1955, 1960]	тринити	Q4463510	Троицкий Институт инновационных и термоядерных исследований	P571	дата основания / создания / возникновения	0	0	1956-01-01	0	0	0	-0.21755023205942678
1956	триод	Q176129	триод	P575	дата открытия	0	0	1906-01-01	0	0	0	4.162563530134038
[1923, 1929]	трипс	Q57451	Трипс, Вольфганг фон	P569	дата рождения	0	0	1928-05-04	0	0	0	1.1796206222157966
[2000, 2001]	трир	Q3138	Трир	P131	административно-территориальная единица	Рейнланд-Пфальц	0	0	2000-01-01	0	0	-0.42957181965927227
[1932, 1934]	трир	Q3138	Трир	P17	государство	Третий рейх	0	0	1933-01-30	1945-05-08	0	0.33418445776664196
[1932, 1934]	трир	Q3138	Трир	P17	государство	Веймарская республика	0	0	1919-11-09	1933-01-29	0	0.33418445776664196
[1992, 1997]	трир	Q3138	Трир	P463	участник организации или клуба	Climate Alliance	0	0	1994-01-01	0	0	-0.466166077068991
[1988, 2007]	триумф	Q1171320	Триумф	P793	ключевое событие	премьера	0	0	0	0	2005-09-25	0.22582394046417004
[1993, 1997]	трнава	Q775484	Трнава	P131	административно-территориальная единица	Трнавский край	0	0	1996-07-24	0	0	-0.6955857746977901
[1993, 1997]	трнава	Q26175	Трнава	P17	государство	Словакия	0	0	1993-01-01	0	0	-0.6955857746977901
1960	трнава	Q775484	Трнава	P131	административно-территориальная единица	Западно-Словацкий край	0	0	1960-07-01	1990-12-19	0	2.189883155353376
[2006, 2007]	троица	Q15378098	Троица	P131	административно-территориальная единица	Троицкое сельское поселение	0	0	2006-01-01	0	0	-0.7111702398088164
[1950, 1951]	троицк	Q24071439	Троицк	P576	дата прекращения существования	0	0	1950-01-01	0	0	0	0.10464456626715357
1930	тромбетти	Q2523993	Тромбетти, Альфредо	P570	дата смерти	0	0	1929-07-05	0	0	0	3.8174437988908254
[2008, 2009]	тронхейм	Q25804	Тронхейм	P166	полученные награды	National urban environment award	0	0	0	0	2008-01-01	-0.5043112043345109
1996	тропиканка	Q3282447	Тропиканка	P582	дата окончания	0	0	1994-12-31	0	0	0	1.9463626466932085
1996	тропиканка	Q3282447	Тропиканка	P580	дата начала	0	0	1994-05-16	0	0	0	1.9463626466932085
[1986, 2000]	троппау	Q156080	Опава	P31	это частный случай понятия	Q7841907	0	0	1990-11-24	0	0	-0.47382335433403444
1947	тростянец	Q3850919	Тростянец	P571	дата основания / создания / возникновения	0	0	1947-01-01	0	0	0	2.1492899098020897
2001	трофимук	Q4463967	Трофимук, Андрей Алексеевич	P570	дата смерти	0	0	1999-03-24	0	0	0	2.749945387366304
[1984, 1997]	троя	Q912183	(3912) Троя	P575	дата открытия	0	0	1988-09-16	0	0	0	-0.006136851623909724
2009	труайя	Q193674	Анри Труайя	P463	участник организации или клуба	Французская академия	0	0	1959-05-21	0	0	3.091379974123511
2004	трубачево	Q25739884	Трубачёво	P131	административно-территориальная единица	Шарчинский сельсовет	0	0	2003-12-01	0	0	2.8581947554514477
[1923, 1925]	трубеж	Q19685564	Трубеж	P131	административно-территориальная единица	Курский уезд	0	0	1924-05-12	1928-07-29	0	-0.23027590583367483
[1967, 1973]	трубный	Q19639316	Трубный	P571	дата основания / создания / возникновения	0	0	1969-01-01	0	0	0	-0.18315350559501983
[2005, 2007]	трубчевск	Q196700	Трубчевск	P131	административно-территориальная единица	Трубчевское городское поселение	0	0	2005-03-09	0	0	-0.13099991085452686
[2005, 2007]	трубчевск	Q196700	Трубчевск	P131	административно-территориальная единица	Трубчевский район	0	0	1929-10-01	2005-03-08	0	-0.13099991085452686
1962	труд	Q1735177	Каспий	P571	дата основания / создания / возникновения	0	0	1962-01-01	0	0	0	1.9044430746114316
[1970, 1977]	труд	Q16708116	Труд	P571	дата основания / создания / возникновения	0	0	1973-01-01	0	0	0	-0.2834374854035422
[2004, 2005]	трудки	Q4464303	Трудки	P131	административно-территориальная единица	Вышнетуровецкое сельское поселение	0	0	2004-08-12	0	0	-0.1825936840507568
[2004, 2005]	трудки	Q4464303	Трудки	P131	административно-территориальная единица	Покровский район	0	0	1965-01-12	2004-08-11	0	-0.1825936840507568
[1964, 1968]	трудки	Q4464303	Трудки	P131	административно-территориальная единица	Свердловский район	0	0	1963-02-01	1965-01-11	0	-0.37750201255311616
1993	труевец	Q4464450	Труевцев, Константин Михайлович	P569	дата рождения	0	0	1943-07-29	0	0	0	3.7952825923223386
[1979, 1997]	труп	Q1214391	Тело	P577	дата публикации	0	0	1982-01-01	0	0	0	-0.2133535365800447
1968	тршебич	Q270704	Тршебич	P17	государство	Австро-Венгрия	0	0	1867-01-01	1918-01-01	0	2.346893325899598
[1990, 1991]	тршебич	Q270704	Тршебич	P6	глава правительства	Pavel Heřman	0	0	1990-12-03	1998-01-01	0	-0.042226253423386595
1960	тршебич	Q270704	Тршебич	P6	глава правительства	Karel Kliment	0	0	1957-01-01	1960-01-01	0	3.98785893499211
[2004, 2009]	тршебич	Q270704	Тршебич	P6	глава правительства	Ivo Uher	0	0	2006-11-22	2010-11-11	0	-0.2374449092629778
[2004, 2009]	тршебич	Q270704	Тршебич	P6	глава правительства	Miloš Mašek	0	0	2000-11-01	2006-11-22	0	-0.2374449092629778
[2000, 2001]	тршебич	Q270704	Тршебич	P6	глава правительства	Pavel Janata	0	0	1998-01-01	2000-11-01	0	-0.6521437694907773
[1990, 1991]	тршебич	Q270704	Тршебич	P31	это частный случай понятия	Q7841907	0	0	1990-11-24	0	0	-0.042226253423386595
1968	тршебич	Q270704	Тршебич	P17	государство	Чехословакия	0	0	1918-01-01	1992-12-31	0	2.346893325899598
1930	туапсе	Q196702	Туапсе	P1376	является столицей	Шапсугский национальный район	0	0	1924-09-06	1930-01-01	0	1.762845566341664
[1937, 1938]	туапсе	Q196702	Туапсе	P131	административно-территориальная единица	Краснодарский край	0	0	1937-09-13	2008-12-31	0	-0.27055741058097205
[1937, 1938]	туапсе	Q196702	Туапсе	P131	административно-территориальная единица	Азово-Черноморский край	0	0	1935-05-21	1937-09-12	0	-0.27055741058097205
[1923, 1925]	туапсе	Q196702	Туапсе	P1376	является столицей	Туапсинский район	0	0	1923-01-01	0	0	-0.5464108190479079
[2005, 2008]	тубельский	Q4464807	Александр Тубельский	P570	дата смерти	0	0	2007-05-31	0	0	0	0.6555662702151607
[1969, 1973]	туберкулез	Q12204	туберкулёз	P2176	лекарство, используемое для лечения	Пиразинамид	0	0	1971-03-06	0	0	0.11419777664621149
[1969, 1973]	туберкулез	Q12204	туберкулёз	P2176	лекарство, используемое для лечения	Изониазид	0	0	1970-11-13	0	0	0.11419777664621149
[1976, 1983]	тувалу	Q672	Тувалу	P571	дата основания / создания / возникновения	0	0	1978-01-01	0	0	0	0.8885387601683108
[2000, 2002]	тувалу	Q180489	Тувалу	P577	дата публикации	0	0	2000-06-22	0	0	0	-0.5137959053918394
[2004, 2007]	тугаево	Q1061027	Тугаево	P131	административно-территориальная единица	Утяковский сельсовет	0	0	2005-07-20	0	0	-0.16331190729459788
[1990, 1996]	туджман	Q183703	Франьо Туджман	P166	полученные награды	honorary citizen of Zagreb	0	0	0	0	1990-01-01	0.49740426677180444
[1957, 1959]	тузик	Q4464981	Тузиков, Александр Васильевич	P569	дата рождения	0	0	1958-09-05	0	0	0	0.2030247841416093
[1991, 1999]	тула	Q2770	Тула	P17	государство	РСФСР	0	0	1917-11-09	1991-12-25	0	-0.12181482435865625
[1991, 1999]	тула	Q2770	Тула	P17	государство	Россия	0	0	1991-12-25	0	0	-0.12181482435865625
[1926, 1931]	тулай	Q16017655	Тулай	P571	дата основания / создания / возникновения	0	0	1926-01-01	0	0	0	-0.5258671630584144
2004	тулио	Q310598	Танака, Маркус Тулио	P54	член спортивной команды	Мито Холлихок	0	0	2003-01-01	2003-01-01	0	2.780973203939409
2004	тулио	Q310598	Танака, Маркус Тулио	P54	член спортивной команды	Санфречче Хиросима	0	0	2001-01-01	2002-01-01	0	2.780973203939409
2004	тулио	Q310598	Танака, Маркус Тулио	P54	член спортивной команды	Урава Ред Даймондс	0	0	2004-01-01	2009-01-01	0	2.780973203939409
2004	тулио	Q310598	Танака, Маркус Тулио	P54	член спортивной команды	Japan national under-23 football team	0	0	2004-01-01	2004-01-01	0	2.780973203939409
1941	тулон	Q575533	Тулон	P571	дата основания / создания / возникновения	0	0	1841-01-01	0	0	0	2.343685978299638
1947	тумнин	Q4465417	Тумнин	P571	дата основания / создания / возникновения	0	0	1945-01-01	0	0	0	1.8527677685581656
[1950, 1957]	тунгуань	Q733141	Тунгуань	P131	административно-территориальная единица	Шэньси	0	0	1956-01-01	1960-12-31	0	0.8511900371222005
[1950, 1957]	тунгуань	Q733141	Тунгуань	P131	административно-территориальная единица	Специальный район Вэйнань	0	0	1950-01-01	1955-12-31	0	0.8511900371222005
1948	тундра	Q21821327	Тундра 	P1619	дата официального открытия	0	0	1898-01-01	0	0	0	1.964414402504853
1953	тунжэнь	Q1364679	Тунжэнь	P131	административно-территориальная единица	Цинхай	0	0	1950-01-01	1953-12-21	0	3.365851191096
1953	тунжэнь	Q1364679	Тунжэнь	P131	административно-территориальная единица	Хуаннань-Тибетский автономный округ	0	0	1953-12-22	0	0	3.365851191096
1928	туника	Q132917	(1070) Туника	P575	дата открытия	0	0	1926-09-01	0	0	0	3.1628776553624562
1999	туношный	Q1147420	Туношна	P1619	дата официального открытия	0	0	1998-01-01	0	0	0	2.511772753771777
[1970, 1976]	тупамарос	Q826406	Тупамарос	P793	ключевое событие	Q62987260	0	0	0	0	1970-08-07	0.572939950282495
[1970, 1976]	тупамарос	Q826406	Тупамарос	P793	ключевое событие	Q60161830	0	0	0	0	1970-03-08	0.572939950282495
[1970, 1976]	тупамарос	Q826406	Тупамарос	P793	ключевое событие	Q60173860	0	0	0	0	1971-09-06	0.572939950282495
[1970, 1976]	тупамарос	Q826406	Тупамарос	P793	ключевое событие	Q60150116	0	0	0	0	1971-07-30	0.572939950282495
1964	тур	Q265670	Туров	P131	административно-территориальная единица	Житковичский район	0	0	1962-01-01	0	0	2.557819179321931
1964	тур	Q265670	Туров	P131	административно-территориальная единица	Туровский район	0	0	1924-01-01	1962-01-01	0	2.557819179321931
1964	тур	Q265670	Туров	P1376	является столицей	Туровский район	0	0	1924-01-01	1962-01-01	0	2.557819179321931
[1923, 1927]	турандот	Q207990	Турандот	P1191	первое исполнение	0	0	1926-04-26	0	0	0	0.44269564299208425
1923	турандот	Q207990	Турандот	P577	дата публикации	0	0	1921-01-01	0	0	0	2.142476932372746
1923	турандот	Q207990	Турандот	P571	дата основания / создания / возникновения	0	0	1921-01-01	0	0	0	2.142476932372746
1935	тургояк	Q4465830	Тургояк	P131	административно-территориальная единица	Миасский городской округ	0	0	1935-01-18	0	0	2.2410508359751176
1968	турд	Q209809	Турда	P17	государство	Австро-Венгрия	0	0	1867-03-30	1918-11-30	0	2.3507963541417203
1968	турд	Q209809	Турда	P17	государство	Румыния	0	0	1918-12-01	0	0	2.3507963541417203
[1990, 1995]	турен	Q333686	Ален Турен	P463	участник организации или клуба	Европейская академия	0	0	1990-01-01	0	0	0.3447834875190301
1970	турен	Q333686	Ален Турен	P39	занимаемая должность	президент	Société française de sociologie	0	1968-01-01	1970-01-01	0	1.8880314515595924
[1923, 1929]	турий	Q20611867	Турья	P131	административно-территориальная единица	Турьевский сельсовет (Краснопольский район, Могилёвская область)	0	0	1924-07-17	0	0	0.4171661647150506
[1925, 1929]	туркмен	Q13663108	Туркмен	P571	дата основания / создания / возникновения	0	0	1926-01-01	0	0	0	0.9184398680638619
[1923, 1932]	туркменистан	Q199707	Туркменская Советская Социалистическая Республика	P571	дата основания / создания / возникновения	0	0	1924-10-27	0	0	0	-0.1262480545760405
1992	туркменистан	Q199707	Туркменская Советская Социалистическая Республика	P576	дата прекращения существования	0	0	1991-10-27	0	0	0	3.1566278458692314
1992	туркменистан	Q874	Туркмения	P571	дата основания / создания / возникновения	0	0	1991-10-27	0	0	0	3.1566278458692314
[1923, 1936]	туркмения	Q199707	Туркменская Советская Социалистическая Республика	P38	денежная единица	рубль СССР	0	0	1923-01-01	0	0	0.17005424979954528
[1923, 1936]	туркмения	Q199707	Туркменская Советская Социалистическая Республика	P131	административно-территориальная единица	СССР	0	0	1924-10-27	1991-10-27	0	0.17005424979954528
[1998, 2002]	туркмения	Q874	Туркмения	P463	участник организации или клуба	Азиатский банк развития	0	0	2000-01-01	0	0	-0.2452802317891142
[1923, 1936]	туркмения	Q199707	Туркменская Советская Социалистическая Республика	P31	это частный случай понятия	союзная республика в составе СССР	0	0	1924-10-27	1991-10-27	0	0.17005424979954528
[1923, 1936]	туркмения	Q199707	Туркменская Советская Социалистическая Республика	P17	государство	СССР	0	0	1924-10-27	1991-10-27	0	0.17005424979954528
[2004, 2005]	турковый	Q613982	Турково	P131	административно-территориальная единица	Казулинское сельское поселение	0	0	2004-12-02	0	0	-0.2926148978554193
[2004, 2006]	турово	Q4466327	Турово	P131	административно-территориальная единица	Астриловское сельское поселение	0	0	2005-01-01	2010-01-01	0	-0.3720019598551121
[2004, 2006]	турово	Q19973357	Турово	P131	административно-территориальная единица	Приволжское сельское поселение	0	0	2005-01-01	0	0	-0.3720019598551121
1951	турфан	Q192564	Гаочан	P131	административно-территориальная единица	Урумчи	0	0	1950-01-01	1957-12-31	0	1.656910984419345
[1975, 1977]	турфан	Q192564	Гаочан	P131	административно-территориальная единица	Урумчи	0	0	1970-01-01	1975-06-30	0	-0.10276014270287738
[1975, 1977]	турфан	Q192564	Гаочан	P131	административно-территориальная единица	Турфан	0	0	1975-07-01	0	0	-0.10276014270287738
1951	турфан	Q192564	Гаочан	P131	административно-территориальная единица	Синьцзян	0	0	1913-01-01	1949-12-31	0	1.656910984419345
[1957, 1959]	турфан	Q192564	Гаочан	P131	административно-территориальная единица	Синьцзян-Уйгурский автономный район	0	0	1958-01-01	1969-12-31	0	-0.4540989709140819
1923	турция	Q12560	Османская империя	P31	это частный случай понятия	суверенное государство	0	0	1299-01-01	1922-01-01	0	3.4372000766570734
1926	турция	Q12560	Османская империя	P122	форма правления	дуалистическая монархия	0	0	1876-01-01	1878-01-01	0	2.2284659555161173
[1992, 2006]	турция	Q43	Турция	P35	глава государства	Сулейман Демирель	0	0	1993-05-16	2000-05-16	0	-0.2012735356371021
1926	турция	Q12560	Османская империя	P122	форма правления	абсолютная монархия	0	0	1302-08-04	1876-01-01	0	2.2284659555161173
1947	турция	Q43	Турция	P463	участник организации или клуба	ЮНЕСКО	0	0	1946-11-04	0	0	2.4526748697578307
[1956, 1960]	турция	Q43	Турция	P463	участник организации или клуба	Международная финансовая корпорация	0	0	1956-12-19	0	0	-0.07298479411182882
1923	турция	Q12560	Османская империя	P31	это частный случай понятия	империя	0	0	1299-01-01	1922-01-01	0	3.4372000766570734
1923	турция	Q43	Турция	P38	денежная единица	турецкая лира	0	0	1923-01-01	0	0	3.4372000766570734
[1992, 2006]	турция	Q43	Турция	P35	глава государства	Ахмет Недждет Сезер	0	0	2000-05-16	2007-08-28	0	-0.2012735356371021
1923	турция	Q43	Турция	P47	имеет границы с	Месопотамия	0	0	1923-10-29	1932-10-03	0	3.4372000766570734
[1992, 2006]	турция	Q43	Турция	P463	участник организации или клуба	Австралийская группа	0	0	2000-01-01	0	0	-0.2012735356371021
1923	турция	Q43	Турция	P47	имеет границы с	СССР	0	0	1923-10-29	1991-10-18	0	3.4372000766570734
[1992, 2006]	турция	Q43	Турция	P463	участник организации или клуба	Всемирная торговая организация	0	0	1995-03-26	0	0	-0.2012735356371021
[1992, 2006]	турция	Q43	Турция	P6	глава правительства	Абдулла Гюль	0	0	2002-12-18	2003-03-14	0	-0.2012735356371021
1947	турция	Q43	Турция	P47	имеет границы с	Лига арабских государств	0	0	1945-03-22	0	0	2.4526748697578307
1947	турция	Q43	Турция	P463	участник организации или клуба	Организация Объединённых Наций	0	0	1945-10-24	0	0	2.4526748697578307
1923	турция	Q43	Турция	P47	имеет границы с	Греция	0	0	1923-10-29	0	0	3.4372000766570734
1923	турция	Q12560	Османская империя	P122	форма правления	дуалистическая монархия	0	0	1908-01-01	1922-01-01	0	3.4372000766570734
1947	турция	Q43	Турция	P463	участник организации или клуба	Международный банк реконструкции и развития	0	0	1947-03-11	0	0	2.4526748697578307
[1992, 2006]	турция	Q43	Турция	P530	дипломатические отношения	Грузия	0	0	1992-05-21	0	0	-0.2012735356371021
[1992, 2006]	турция	Q43	Турция	P463	участник организации или клуба	Missile Technology Control Regime	0	0	1997-01-01	0	0	-0.2012735356371021
[1992, 2006]	турция	Q43	Турция	P6	глава правительства	Тансу Чиллер	0	0	1993-06-25	1996-03-06	0	-0.2012735356371021
[1992, 2006]	турция	Q43	Турция	P6	глава правительства	Реджеп Тайип Эрдоган	0	0	2003-03-23	2014-08-28	0	-0.2012735356371021
1923	турция	Q43	Турция	P47	имеет границы с	Болгария	0	0	1923-10-29	0	0	3.4372000766570734
1923	турция	Q12560	Османская империя	P36	столица	Константинополь	0	0	1453-01-01	1922-01-01	0	3.4372000766570734
1923	турция	Q43	Турция	P47	имеет границы с	Иран	0	0	1923-10-29	0	0	3.4372000766570734
1973	тутаев	Q196724	Тутаев	P1376	является столицей	Романов-Борисоглебский уезд	0	0	1822-01-01	1923-11-23	0	2.6553165144748494
[1982, 1986]	тутси	Q221249	Тутси	P166	полученные награды	Sølvklumpen за лучший иностранный фильм	0	0	0	0	1983-01-01	-0.27774516590906156
1994	тухиня	Q481750	Тухиня	P17	государство	Словакия	0	0	1993-01-01	0	0	3.2339935128889765
[2007, 2008]	тушети	Q1142561	Тушетия	P1435	статус наследия	объект из предварительного списка Всемирного наследия	0	0	2007-10-24	0	0	-0.4802814948136003
[2003, 2008]	тушетия	Q1142561	Тушетия	P1435	статус наследия	объект из предварительного списка Всемирного наследия	0	0	2007-10-24	0	0	-0.4203477299783433
1975	тында	Q196729	Тында	P131	административно-территориальная единица	Амурская область	0	0	1975-11-14	2005-01-19	0	2.709885607888269
1975	тында	Q196729	Тында	P31	это частный случай понятия	посёлок	0	0	1927-01-01	1975-11-14	0	2.709885607888269
1975	тында	Q196729	Тында	P131	административно-территориальная единица	Тындинский район	0	0	1930-12-10	1975-11-14	0	2.709885607888269
1975	тында	Q196729	Тында	P31	это частный случай понятия	город	0	0	1975-11-14	0	0	2.709885607888269
2009	тырговиште	Q188673	Тырговиште	P6	глава правительства	Gabriel Florin Boriga	0	0	2008-01-01	2016-01-01	0	3.205072929180193
[1938, 1940]	тысменица	Q156588	Тысменица	P17	государство	Украинская Советская Социалистическая Республика	0	0	1939-11-14	1991-08-24	0	-0.11736013230228755
[1938, 1940]	тысменица	Q156588	Тысменица	P131	административно-территориальная единица	Станиславский повят	0	0	1919-01-01	1939-01-01	0	-0.11736013230228755
[1938, 1940]	тысменица	Q156588	Тысменица	P17	государство	Польская Республика	0	0	1919-01-01	1939-11-14	0	-0.11736013230228755
[1984, 1991]	тысячелетие	Q930663	Тысячелетие	P577	дата публикации	0	0	1989-01-01	0	0	0	-0.36856211867449223
[1984, 1991]	тысячелетие	Q930663	Тысячелетие	P577	дата публикации	0	0	1989-08-24	0	0	0	-0.36856211867449223
[1993, 2003]	тысячелетие	Q1477859	Тысячелетие	P580	дата начала	0	0	1996-10-25	0	0	0	0.8719533533871604
1999	тысячелетие	Q1477859	Тысячелетие	P582	дата окончания	0	0	1999-05-21	0	0	0	1.7894818761692428
1999	тысячелетие	Q6858781	Тысячелетие	P577	дата публикации	0	0	1999-11-28	0	0	0	1.7894818761692428
1958	тычина	Q2628029	Тычина, Павло Григорьевич	P166	полученные награды	Национальная премия Украины имени Тараса Шевченко	0	0	0	0	1957-01-01	2.248378015126488
1941	тычина	Q2628029	Тычина, Павло Григорьевич	P166	полученные награды	орден Ленина	0	0	0	0	1939-01-31	2.432565869875951
1941	тычина	Q2628029	Тычина, Павло Григорьевич	P166	полученные награды	орден Трудового Красного Знамени	0	0	0	0	1941-01-27	2.432565869875951
1941	тычина	Q2628029	Тычина, Павло Григорьевич	P166	полученные награды	Сталинская премия	0	0	0	0	1941-01-01	2.432565869875951
[1960, 1961]	тычина	Q2628029	Тычина, Павло Григорьевич	P166	полученные награды	орден Ленина	0	0	0	0	1960-11-24	-0.3919843248245864
[1978, 1997]	тьма	Q4113859	Во тьме	P577	дата публикации	0	0	1994-01-01	0	0	0	-0.049827879547324115
[1983, 1986]	тэвз	Q2029309	Гурамишвили	P1619	дата официального открытия	0	0	1985-11-16	0	0	0	-0.6046473699669153
[1983, 1986]	тэвз	Q2029309	Гурамишвили	P571	дата основания / создания / возникновения	0	0	1985-01-01	0	0	0	-0.6046473699669153
1989	тэдзука	Q193300	Тэдзука, Осаму	P166	полученные награды	премия Асахи	0	0	0	0	1987-01-01	3.204104229791796
[1995, 2002]	тэк	Q913576	Безнадёга	P166	полученные награды	Locus Award for Best Dark Fantasy / Horror Novel	0	0	0	0	1997-01-01	1.5820292586292606
[1968, 1973]	тэла	Q220570	Тромбоэмболия лёгочной артерии	P2176	лекарство, используемое для лечения	Гепарин	0	0	1972-03-21	0	0	-0.14037437170686287
[1950, 1955]	тэффи	Q2171566	Тэффи	P570	дата смерти	0	0	1952-10-06	0	0	0	-0.2618525552560777
2001	тэффи	Q2171566	Тэффи	P2031	начало периода активности	0	0	1901-01-01	0	0	0	1.944213931501268
[1960, 1962]	тюмень	Q1389103	Тюмень	P571	дата основания / создания / возникновения	0	0	1961-01-01	0	0	0	-0.5431342391623034
1999	тюмень	Q620650	Тюмень	P571	дата основания / создания / возникновения	0	0	1999-01-01	0	0	0	3.964995771477554
[2002, 2007]	тюп	Q1513315	Телескоп Южного Полюса	P793	ключевое событие	строительство	0	0	2006-11-01	2007-02-01	0	0.5347920327708604
[1965, 1968]	тютина	Q182654	Валентина Ивановна Матвиенко	P69	учебное заведение	Санкт-Петербургская государственная химико-фармацевтическая академия	0	0	1967-01-01	1972-01-01	0	-0.2607042064305799
[1978, 1982]	тютчев	Q1079154	(9927) Тютчев	P575	дата открытия	0	0	1981-10-03	0	0	0	-0.34601275811790877
1950	тюфяк	Q4465921	Тюфяк	P577	дата публикации	0	0	1850-01-01	0	0	0	3.5363941993645667
1950	тяньцзинь	Q11736	Тяньцзинь	P131	административно-территориальная единица	Китайская Республика	0	0	1945-09-03	1949-09-30	0	3.2132462642809196
[1926, 1931]	тяньцзинь	Q11736	Тяньцзинь	P131	административно-территориальная единица	Хэбэй	0	0	1930-11-01	1935-05-31	0	-0.33768966758613844
[1926, 1931]	тяньцзинь	Q11736	Тяньцзинь	P131	административно-территориальная единица	Чжили	0	0	1912-01-01	1928-06-27	0	-0.33768966758613844
[1926, 1931]	тяньцзинь	Q11736	Тяньцзинь	P131	административно-территориальная единица	Китайская Республика	0	0	1930-06-01	1930-10-30	0	-0.33768966758613844
1950	тяньцзинь	Q11736	Тяньцзинь	P131	административно-территориальная единица	Китайская Народная Республика	0	0	1949-10-01	1958-02-10	0	3.2132462642809196
[1926, 1931]	тяньцзинь	Q11736	Тяньцзинь	P131	административно-территориальная единица	Хэбэй	0	0	1928-06-28	1930-05-31	0	-0.33768966758613844
1950	тяньцзинь	Q11736	Тяньцзинь	P17	государство	Китайская Народная Республика	0	0	1949-10-01	0	0	3.2132462642809196
[1936, 1940]	тяньцзинь	Q11736	Тяньцзинь	P131	административно-территориальная единица	Китайская Республика	0	0	1935-06-01	1937-12-13	0	0.3463489115279641
[1957, 1959]	тяньцзинь	Q11736	Тяньцзинь	P131	административно-территориальная единица	Хэбэй	0	0	1958-02-11	1967-01-01	0	-0.008043544172602632
[1936, 1940]	тяньцзинь	Q11736	Тяньцзинь	P131	административно-территориальная единица	Временное правительство Китайской Республики	0	0	1937-12-14	1940-03-29	0	0.3463489115279641
[1946, 1949]	тяпкин	Q4468016	Елена Алексеевна Тяпкина	P166	полученные награды	заслуженный артист РСФСР	0	0	0	0	1947-01-01	-0.09594145204624303
1940	тяпкин	Q4468016	Елена Алексеевна Тяпкина	P166	полученные награды	орден «Знак Почёта»	0	0	0	0	1939-02-01	2.853173923564116
[1964, 1965]	тяпушкин	Q4468025	Тяпушкин, Дмитрий Альбертович	P569	дата рождения	0	0	1964-11-06	0	0	0	-0.6124401948137357
