Year or Period	Unigram	#Q	Subject	#P	Predicate	Object	Organization	Just Date	Start Time	End Time	Time Point	growth_speed
[1935, 1937]	фабрициус	Q422182	Фабрициус	P138	названо в честь	Давид Фабриций	0	0	1935-01-01	0	0	-0.36318465617083867
2005	фадеевка	Q29401657	Фадеевка	P131	административно-территориальная единица	Шимолинский сельсовет	0	0	2003-12-01	0	0	2.054874102692005
2005	фадеевка	Q15241977	Фадеевка	P131	административно-территориальная единица	Покровское сельское поселение	0	0	2004-11-10	0	0	2.054874102692005
[2001, 2007]	фазенда	Q4480499	Фазенда	P580	дата начала	0	0	2006-05-21	0	0	0	-0.34282467656350085
1959	файнман	Q4480618	Файнман, Зигмунд	P570	дата смерти	0	0	1909-01-01	0	0	0	2.925310522098603
1962	файнман	Q4480618	Файнман, Зигмунд	P569	дата рождения	0	0	1862-01-01	0	0	0	1.8477418911542562
2000	файнциммер	Q2002232	Александр Михайлович Файнциммер	P166	полученные награды	Сталинская премия 3-й степени	0	0	0	0	1950-01-01	1.8775303543293675
[1975, 1979]	файнциммер	Q2002232	Александр Михайлович Файнциммер	P166	полученные награды	орден «Знак Почёта»	0	0	0	0	1976-01-12	-0.34447867592724374
[1951, 1952]	файнциммер	Q2002232	Александр Михайлович Файнциммер	P166	полученные награды	Сталинская премия 3-й степени	0	0	0	0	1951-01-01	-0.7568896240579912
1961	фако	Q190562	Камерун	P793	ключевое событие	первое восхождение	0	0	0	0	1861-01-01	1.9945563413289262
[1931, 1936]	фаланга	Q207308	Испанская фаланга	P571	дата основания / создания / возникновения	0	0	1934-02-01	0	0	0	0.5014801240115455
1948	фаллада	Q76539	Ганс Фаллада	P570	дата смерти	0	0	1947-02-05	0	0	0	1.7486425241034864
[2005, 2008]	фалудить	Q725303	Фалуди, Дьёрдь	P570	дата смерти	0	0	2006-09-01	0	0	0	-0.28746794862528674
1960	фалькбергет	Q721749	Фалькбергет, Юхан	P1411	номинирован на	Нобелевская премия по литературе	0	0	0	0	1960-01-01	3.4581955464647827
1960	фалькбергет	Q721749	Фалькбергет, Юхан	P166	полученные награды	Медаль Гуннеруса	0	0	0	0	1960-01-01	3.4581955464647827
1960	фалькбергет	Q721749	Фалькбергет, Юхан	P166	полученные награды	премия Доблоуга	0	0	0	0	1958-01-01	3.4581955464647827
1961	фалькбергет	Q721749	Фалькбергет, Юхан	P1411	номинирован на	Нобелевская премия по литературе	0	0	0	0	1961-01-01	1.846606306715526
1995	фалькенберг	Q701347	Фалькенберг	P131	административно-территориальная единица	Штендаль	0	0	1994-07-01	2009-12-31	0	4.428841621295263
1995	фалькенберг	Q701347	Фалькенберг	P131	административно-территориальная единица	Kreis Osterburg	0	0	1965-07-02	1994-06-30	0	4.428841621295263
1968	фалькенхаузен	Q62521	Фалькенхаузен, Александр фон	P570	дата смерти	0	0	1966-07-31	0	0	0	1.764466634770312
[1963, 1969]	фалькенхорст	Q57233	Фалькенхорст, Николаус фон	P570	дата смерти	0	0	1968-06-18	0	0	0	-0.3033731234893383
[2007, 2008]	фальшивомонетчик	Q167411	Фальшивомонетчики	P166	полученные награды	премия «Оскар» за лучший фильм на иностранном языке	0	0	0	0	2007-01-01	-0.9149119409659072
[2001, 2006]	фанатик	Q466593	Фанатик	P577	дата публикации	0	0	2001-01-01	0	0	0	-0.5951736188445996
[1980, 1997]	фанатик	Q4882829	Фанатики	P577	дата публикации	0	0	1994-04-27	0	0	0	0.24390454123524424
[2006, 2007]	фантазия	Q4189225	Фантазия	P577	дата публикации	0	0	2006-01-01	0	0	0	-0.6857045274961882
[2007, 2008]	фаня	Q493285	Фанё	P131	административно-территориальная единица	Южная Дания	0	0	2007-01-01	0	0	-0.5748354606666017
[2007, 2008]	фаня	Q493285	Фанё	P6	глава правительства	Erik Nørreby	0	0	2007-01-01	2017-12-31	0	-0.5748354606666017
1967	фара	Q667001	Фару	P1619	дата официального открытия	0	0	1965-01-01	0	0	0	3.0884025534018513
1976	фарамон	Q2701529	Фарамон, Александр	P569	дата рождения	0	0	1876-10-20	0	0	0	2.437667417168767
1997	фарго	Q222720	Фарго	P166	полученные награды	London Film Critics Circle Award for Film of the Year	0	0	0	0	1996-01-01	3.9897621617444425
1997	фарго	Q222720	Фарго	P166	полученные награды	New York Film Critics Circle Award for Best Film	0	0	0	0	1996-01-01	3.9897621617444425
1997	фарго	Q222720	Фарго	P166	полученные награды	премия «Оскар» за лучшую женскую роль	0	0	0	0	1996-01-01	3.9897621617444425
1997	фарго	Q222720	Фарго	P166	полученные награды	премия «Оскар» за лучший оригинальный сценарий	0	0	0	0	1996-01-01	3.9897621617444425
1997	фарго	Q222720	Фарго	P166	полученные награды	премия Гильдии сценаристов США за лучший оригинальный сценарий	0	0	0	0	1997-01-01	3.9897621617444425
[1946, 1950]	фареры	Q4628	Фарерские острова	P571	дата основания / создания / возникновения	0	0	1948-04-01	0	0	0	-0.14511716893624688
[2001, 2004]	фарингит	Q2085267	Фарингит	P2176	лекарство, используемое для лечения	cefaclor	0	0	2002-09-04	0	0	-0.03823504493927443
2007	фарингит	Q2085267	Фарингит	P2176	лекарство, используемое для лечения	cefdinir	0	0	2006-05-19	0	0	2.0873271004313896
[2001, 2004]	фарингит	Q2085267	Фарингит	P2176	лекарство, используемое для лечения	cefditoren pivoxil	0	0	2001-08-29	0	0	-0.03823504493927443
2007	фарингит	Q2085267	Фарингит	P2176	лекарство, используемое для лечения	(E)-cefprozil	0	0	2005-11-14	0	0	2.0873271004313896
2007	фарингит	Q2085267	Фарингит	P2176	лекарство, используемое для лечения	cefpodoxime	0	0	2007-06-08	0	0	2.0873271004313896
[2005, 2007]	фарт	Q4481328	Фарт	P577	дата публикации	0	0	2005-01-01	0	0	0	-0.7089908636404113
[1979, 1983]	фарцовка	Q20801657	Фарцовка	P582	дата окончания	0	0	1980-01-01	0	0	0	-0.7902935283008481
[1982, 1986]	фасбиндер	Q44426	Райнер Вернер Фасбиндер	P570	дата смерти	0	0	1982-06-10	0	0	0	0.2542297895083335
1960	фасмер	Q77420	Макс Фасмер	P166	полученные награды	Большой офицерский крест ордена «За заслуги перед Федеративной Республикой Германия»	0	0	0	0	1958-01-01	2.1250474407440656
1984	фассбиндер	Q44426	Райнер Вернер Фасбиндер	P570	дата смерти	0	0	1982-06-10	0	0	0	3.1306446149670974
[1960, 1964]	фастов	Q161984	Фастов	P31	это частный случай понятия	город областного значения Украины	0	0	1962-12-30	0	0	-0.2978503686668035
[1925, 1931]	фатеж	Q197356	Фатеж	P131	административно-территориальная единица	Курский уезд	0	0	1924-05-12	1928-05-13	0	0.3104905332346773
[1925, 1931]	фатеж	Q197356	Фатеж	P131	административно-территориальная единица	Фатежский район	0	0	1928-05-14	2004-10-20	0	0.3104905332346773
[1991, 1995]	фатерланд	Q845167	Фатерланд	P577	дата публикации	0	0	1992-05-07	0	0	0	-0.2632490847058579
[1981, 1983]	фауст	Q16711258	Фауст	P577	дата публикации	0	0	1982-01-01	0	0	0	-0.09859589664586432
[1974, 1983]	фахд	Q183187	Фахд ибн Абдул-Азиз Аль-Сауд	P166	полученные награды	цепь ордена Гражданских заслуг	0	0	0	0	1977-01-01	-0.1926908520198858
1987	фахд	Q183187	Фахд ибн Абдул-Азиз Аль-Сауд	P166	полученные награды	Королевская Викторианская цепь	0	0	0	0	1987-01-01	4.0830936021536415
1993	фегелейн	Q57676	Фегелейн, Герман	P410	воинское звание	бригадефюрер	0	0	1943-05-01	0	0	2.431648224976691
[1995, 2000]	федерика	Q1084046	(12817) Федерика	P575	дата открытия	0	0	1996-03-22	0	0	0	0.1621713264279497
[1967, 1969]	федерцони	Q1379609	Федерцони, Луиджи	P570	дата смерти	0	0	1967-01-24	0	0	0	-0.3414512848180841
[2003, 2009]	федин	Q4481945	Федино	P131	административно-территориальная единица	Зимницкое сельское поселение	0	0	2004-12-02	0	0	-0.3479227344782956
[2005, 2006]	федоровка	Q18805019	Федоровка	P131	административно-территориальная единица	Сельское поселение Струпненское	0	0	2005-02-28	0	0	-0.4021413875329339
[2005, 2006]	федоровка	Q19935620	Федоровка	P131	административно-территориальная единица	Фёдоровское сельское поселение	0	0	2005-01-01	0	0	-0.4021413875329339
[1963, 1964]	федоровка	Q3207644	Фёдоровка	P131	административно-территориальная единица	Покровский район	0	0	1935-01-18	1963-01-31	0	-0.6309285083283678
[1963, 1964]	федоровка	Q3207644	Фёдоровка	P131	административно-территориальная единица	Свердловский район	0	0	1963-02-01	1965-01-12	0	-0.6309285083283678
[1923, 1925]	федоровка	Q4494130	Фёдоровка	P131	административно-территориальная единица	Фёдоровская волость	0	0	1861-01-01	1924-02-25	0	-0.14313970773033982
[1923, 1925]	федоровка	Q4494070	Фёдоровка	P131	административно-территориальная единица	Волчанский район	0	0	1923-01-01	0	0	-0.14313970773033982
[1923, 1925]	федоровка	Q4482028	Фёдоровка	P131	административно-территориальная единица	Карловский район	0	0	1923-03-07	0	0	-0.14313970773033982
[1928, 1933]	федоровка	Q18805023	Фёдоровка	P131	административно-территориальная единица	Каменский район	0	0	1928-07-16	2004-11-01	0	-0.3256930878502902
[1923, 1925]	федоровка	Q4494070	Фёдоровка	P131	административно-территориальная единица	Волчанский уезд	0	0	1780-04-25	1923-01-01	0	-0.14313970773033982
[1923, 1925]	федоровка	Q4494130	Фёдоровка	P131	административно-территориальная единица	Фёдоровский сельсовет	0	0	1924-03-01	0	0	-0.14313970773033982
[1957, 1962]	федякин	Q4482363	Федякин, Андрей Анатольевич	P569	дата рождения	0	0	1959-06-08	0	0	0	-0.34585333560322534
[1983, 2004]	фейерверк	Q1125897	Фейерверк	P1411	номинирован на	премия «Сезар» за лучший фильм на иностранном языке	0	0	0	0	1998-01-01	0.01689642325598332
[1983, 2004]	фейерверк	Q1125897	Фейерверк	P1411	номинирован на	премия Японской киноакадемии за лучший сценарий	0	0	0	0	1999-01-01	0.01689642325598332
1997	фейерверк	Q1125897	Фейерверк	P166	полученные награды	премия Европейской киноакадемии за лучший неевропейский фильм	0	0	0	0	1997-01-01	3.069473349026069
1997	фейерверк	Q1125897	Фейерверк	P1411	номинирован на	премия Европейской киноакадемии за лучший неевропейский фильм	0	0	0	0	1997-01-01	3.069473349026069
1997	фейерверк	Q1125897	Фейерверк	P166	полученные награды	Золотой лев	0	0	0	0	1997-01-01	3.069473349026069
[1983, 2004]	фейерверк	Q1125897	Фейерверк	P1411	номинирован на	премия Национального общества кинокритиков США за лучший фильм на иностранном языке	0	0	0	0	1998-01-01	0.01689642325598332
[1983, 2004]	фейерверк	Q1125897	Фейерверк	P1411	номинирован на	премия Японской киноакадемии за лучшую женскую роль	0	0	0	0	1999-01-01	0.01689642325598332
[1983, 2004]	фейерверк	Q1125897	Фейерверк	P1411	номинирован на	премия Японской киноакадемии за лучший фильм	0	0	0	0	1999-01-01	0.01689642325598332
[1983, 2004]	фейерверк	Q1125897	Фейерверк	P1411	номинирован на	Japan Academy Prize for Outstanding Performance by an Actor in a Leading Role	0	0	0	0	1999-01-01	0.01689642325598332
[1983, 2004]	фейерверк	Q1125897	Фейерверк	P1411	номинирован на	премия Японской киноакадемии лучшему режиссёру	0	0	0	0	1999-01-01	0.01689642325598332
[1983, 2004]	фейерверк	Q1125897	Фейерверк	P1411	номинирован на	премия «Независимый дух» за лучший иностранный фильм	0	0	0	0	1999-01-01	0.01689642325598332
1935	фейхтвангер	Q77024	Лион Фейхтвангер	P793	ключевое событие	Сожжение книг в нацистской Германии	0	0	0	0	1933-01-01	1.7960490148338395
[1954, 1960]	фейхтвангер	Q77024	Лион Фейхтвангер	P1411	номинирован на	Нобелевская премия по литературе	0	0	0	0	1955-01-01	-0.11939787171801448
[1954, 1960]	фейхтвангер	Q77024	Лион Фейхтвангер	P1411	номинирован на	Нобелевская премия по литературе	0	0	0	0	1956-01-01	-0.11939787171801448
[1954, 1960]	фейхтвангер	Q77024	Лион Фейхтвангер	P570	дата смерти	0	0	1958-12-21	0	0	0	-0.11939787171801448
[1954, 1960]	фейхтвангер	Q77024	Лион Фейхтвангер	P166	полученные награды	Литературная премия города Мюнхена	0	0	0	0	1957-01-01	-0.11939787171801448
[1954, 1960]	фейхтвангер	Q77024	Лион Фейхтвангер	P1411	номинирован на	Нобелевская премия по литературе	0	0	0	0	1957-01-01	-0.11939787171801448
[1956, 1962]	фелл	Q639726	Фелле, Эрнст	P570	дата смерти	0	0	1959-04-23	0	0	0	-0.41314993240274184
1944	фельдхернхалл	Q251712	Фельдхернхалле	P571	дата основания / создания / возникновения	0	0	1844-01-01	0	0	0	4.580629488521787
1985	феми	Q249713	Олувафеми Аджилоре	P569	дата рождения	0	0	1985-01-18	0	0	0	3.873938898310301
1994	феникс	Q684964	Феникс	P1619	дата официального открытия	0	0	1994-07-01	0	0	0	2.200950972081463
[2006, 2009]	феникс	Q129091	Феникс	P619	дата запуска космического корабля	0	0	2007-08-04	0	0	0	-0.14731355744523283
[2006, 2009]	феникс	Q129091	Феникс	P620	дата посадки	0	0	2008-05-25	0	0	0	-0.14731355744523283
[1986, 2000]	феникс	Q154419	(4543) Феникс	P575	дата открытия	0	0	1989-02-02	0	0	0	0.5762296628359569
2004	феньвеш	Q854242	Феньвеши, Мате	P54	член спортивной команды	сборная Венгрии по футболу	0	0	1954-01-01	1966-01-01	0	3.8654951542378817
[1940, 1942]	феодорит	Q18202942	Феодорит	P569	дата рождения	0	0	1941-01-01	0	0	0	-0.6048175843293061
1993	феодосий	Q158491	Феодосия	P17	государство	Украина	0	0	1991-08-24	0	0	1.672214091145421
1993	феодосий	Q158491	Феодосия	P17	государство	СССР	0	0	1922-12-30	1991-08-24	0	1.672214091145421
[1936, 1938]	феодосий	Q16711502	Феодосий	P569	дата рождения	0	0	1936-01-01	0	0	0	-0.49464303233263407
1944	феофил	Q16711534	Феофил	P569	дата рождения	0	0	1894-10-14	0	0	0	1.7487055399399323
[1957, 1967]	фервурд	Q297000	Фервурд, Хендрик	P570	дата смерти	0	0	1966-09-06	0	0	0	0.7307715872068791
[2003, 2006]	ферг	Q180004	Ферги	P463	участник организации или клуба	The Black Eyed Peas	0	0	2003-01-01	0	0	-0.06586426247252833
[2003, 2006]	ферг	Q180004	Ферги	P463	участник организации или клуба	Wild Orchid	0	0	1991-01-01	2003-01-01	0	-0.06586426247252833
1923	ференбах	Q77156	Ференбах, Константин	P39	занимаемая должность	рейхсканцлер Веймарской республики	0	0	1920-06-25	1921-05-10	0	2.0877028627693335
1923	ференбах	Q77156	Ференбах, Константин	P39	занимаемая должность	канцлер Германии	0	0	1920-06-25	1921-05-04	0	2.0877028627693335
[1930, 1936]	ферма	Q1406393	Ферма	P138	названо в честь	Пьер Ферма	0	0	1935-01-01	0	0	1.3482575299085358
[1950, 1954]	фермий	Q1896	фермий	P575	дата открытия	0	0	1952-12-01	0	0	0	-0.8686663146660107
[1983, 1985]	ферраса	Q5445276	Феррас	P569	дата рождения	0	0	1984-07-02	0	0	0	-0.1121662350916668
[1982, 1987]	фес	Q4481859	Федерация европейских ассоциаций сёги	P571	дата основания / создания / возникновения	0	0	1985-08-26	0	0	0	0.08887021789675124
[1989, 1990]	фесик	Q975249	Фесиков, Сергей Васильевич	P569	дата рождения	0	0	1989-01-21	0	0	0	-0.16593569629151866
[2005, 2009]	фест	Q4027682	!ФЕСТ	P571	дата основания / создания / возникновения	0	0	2007-01-01	0	0	0	-0.4806590773312511
[1988, 1990]	фестингер	Q315916	Фестингер, Леон	P570	дата смерти	0	0	1989-02-11	0	0	0	-0.7282978788310377
[2003, 2008]	фея	Q2734172	Фея	P571	дата основания / создания / возникновения	0	0	2005-01-01	0	0	0	-0.41244602448297824
[1971, 1975]	фига	Q483145	Фигу, Луиш	P569	дата рождения	0	0	1972-11-04	0	0	0	-0.6731868065356114
[1995, 1997]	фигули	Q455156	Маргита Фигули	P570	дата смерти	0	0	1995-03-27	0	0	0	-0.20470349959170844
1961	фидель	Q11256	Фидель Кастро	P166	полученные награды	Международная Ленинская премия «За укрепление мира между народами»	0	0	0	0	1961-01-01	2.901312486708634
2007	фийон	Q101410	Франсуа Фийон	P166	полученные награды	кавалер Большого креста ордена «За заслуги»	0	0	0	0	2007-11-21	2.8624340784514635
[1925, 1926]	фила	Q529865	Гуаризи, Анфилоджино	P54	член спортивной команды	Паулистано	0	0	1925-01-01	1928-01-01	0	-0.44868658892936436
[1925, 1926]	фила	Q529865	Гуаризи, Анфилоджино	P54	член спортивной команды	сборная Бразилии по футболу	0	0	1925-01-01	1925-01-01	0	-0.44868658892936436
[1930, 1937]	фила	Q529865	Гуаризи, Анфилоджино	P54	член спортивной команды	Коринтианс	0	0	1929-01-01	1931-01-01	0	0.5563602241720491
1936	фила	Q529865	Гуаризи, Анфилоджино	P54	член спортивной команды	Лацио	0	0	1931-01-01	1936-01-01	0	2.3934300443466765
1939	фила	Q529865	Гуаризи, Анфилоджино	P54	член спортивной команды	Португеза Сантиста	0	0	1939-01-01	1940-01-01	0	2.9929175837468684
1939	фила	Q529865	Гуаризи, Анфилоджино	P54	член спортивной команды	Коринтианс	0	0	1937-01-01	1939-01-01	0	2.9929175837468684
1935	фила	Q529865	Гуаризи, Анфилоджино	P54	член спортивной команды	сборная Италии по футболу	0	0	1932-01-01	1934-01-01	0	1.9092344999708182
[1982, 1983]	филатович	Q4483790	Александр Филатович	P569	дата рождения	0	0	1982-02-26	0	0	0	-0.4741935463200253
[2005, 2007]	филатово	Q19848578	Филатово	P131	административно-территориальная единица	Купреевское сельское поселение	0	0	2005-05-25	0	0	-0.14514011829413473
1978	филатово	Q18805176	Филатово	P131	административно-территориальная единица	Курский уезд	0	0	1924-05-12	1928-07-29	0	2.2725563868085334
[2005, 2007]	филатово	Q19656777	Филатово	P131	административно-территориальная единица	Новосельское сельское поселение	0	0	2006-01-01	0	0	-0.14514011829413473
1978	филатово	Q18805176	Филатово	P131	административно-территориальная единица	Обоянский район	0	0	1928-07-30	2004-10-20	0	2.2725563868085334
[1988, 1992]	филбить	Q296313	Филби, Ким	P570	дата смерти	0	0	1988-05-11	0	0	0	0.7068860146428505
[1946, 1947]	филбить	Q296313	Филби, Ким	P166	полученные награды	офицер ордена Британской империи	0	0	0	0	1946-01-01	-0.18641090433534585
[2004, 2005]	филино	Q4483963	Филино	P131	административно-территориальная единица	Муниципальное образование «Толшменское»	0	0	2004-12-06	0	0	-0.10219157409958697
1983	филипенко	Q545415	(2892) Филипенко	P575	дата открытия	0	0	1983-01-13	0	0	0	1.7868210890175698
1960	филиппины	Q928	Филиппины	P463	участник организации или клуба	Международная ассоциация развития	0	0	1960-10-28	0	0	2.7239640209249227
1944	филиппины	Q928	Филиппины	P35	глава государства	Мануэль Кесон	0	0	1935-11-25	1944-08-01	0	2.5853829773185386
[1985, 1988]	филиппины	Q928	Филиппины	P35	глава государства	Корасон Акино	0	0	1986-02-25	1992-06-30	0	-0.26588698273311695
1944	филиппины	Q928	Филиппины	P35	глава государства	Хосе Лаурель	0	0	1943-01-01	1944-01-01	0	2.5853829773185386
[1974, 1981]	филиппины	Q928	Филиппины	P463	участник организации или клуба	Международный центр по урегулированию инвестиционных споров	0	0	1978-12-17	0	0	-0.24217561205393884
1930	филипсон	Q4484169	Филипсон, Григорий Иванович	P607	война/сражение	Польское восстание 1830 года	0	0	0	0	1830-01-01	3.5867673380835337
[1956, 1962]	филя	Q2547892	Фили	P1619	дата официального открытия	0	0	1959-11-07	0	0	0	-0.06750537396985636
[1994, 2009]	финам	Q4484732	Финам	P571	дата основания / создания / возникновения	0	0	1994-01-01	0	0	0	0.22164514080892456
[2004, 2006]	финикс	Q16556	Финикс	P6	глава правительства	Skip Rimsza	0	0	1999-11-04	2004-01-02	0	-0.10167893349308459
1977	финикс	Q16556	Финикс	P6	глава правительства	Timothy A. Barrow	0	0	1974-01-01	1976-01-01	0	2.116622915842698
1977	финикс	Q16556	Финикс	P6	глава правительства	Margaret Hance	0	0	1976-01-01	1983-01-01	0	2.116622915842698
[1984, 1985]	финикс	Q16556	Финикс	P6	глава правительства	Terry Goddard	0	0	1984-01-01	1990-02-16	0	0.46879671540299134
[2004, 2006]	финикс	Q16556	Финикс	P6	глава правительства	Фил Гордон	0	0	2004-01-01	2012-01-01	0	-0.10167893349308459
[1988, 1999]	финляндия	Q5450446	Финляндия	P571	дата основания / создания / возникновения	0	0	1996-01-01	0	0	0	-0.16097294722648045
[1966, 1967]	финляндия	Q3438703	премия «Финляндия» Шведской академии	P571	дата основания / создания / возникновения	0	0	1966-01-01	0	0	0	-0.4876408540289228
[1988, 1993]	фиорентина	Q2052	Фиорентина	P286	тренер	Радиче, Луиджи	0	0	1991-10-06	1993-01-06	0	0.03695641161207506
[1996, 2000]	фиорентина	Q2052	Фиорентина	P286	тренер	Трапаттони, Джованни	0	0	1998-07-01	2000-06-30	0	0.0803185820132952
[1988, 1993]	фиорентина	Q2052	Фиорентина	P286	тренер	Свен-Ёран Эрикссон	0	0	1987-07-01	1989-06-30	0	0.03695641161207506
2003	фиорентина	Q2052	Фиорентина	P286	тренер	Оттавио Бьянки	0	0	2002-01-14	2002-03-31	0	4.30968712461031
[1996, 2000]	фиорентина	Q2052	Фиорентина	P286	тренер	Раньери, Клаудио	0	0	1993-07-01	1997-06-30	0	0.0803185820132952
2003	фиорентина	Q2052	Фиорентина	P286	тренер	Манчини, Роберто	0	0	2001-03-06	2001-01-14	0	4.30968712461031
1935	фиппс	Q831031	Фиппс, Эрик	P39	занимаемая должность	посол Великобритании в Германии	0	0	1933-01-01	1937-01-01	0	3.0714004432351985
[1933, 1938]	фиппс	Q831031	Фиппс, Эрик	P39	занимаемая должность	посол Великобритании во Франции	0	0	1937-01-01	1939-01-01	0	0.8348400620225184
1935	фиппс	Q831031	Фиппс, Эрик	P39	занимаемая должность	ambassador of the United Kingdom to Austria	0	0	1928-01-01	1933-01-01	0	3.0714004432351985
[2002, 2006]	фирсов	Q4485028	Фирсово	P131	административно-территориальная единица	Санниковский сельсовет	0	0	2003-12-01	0	0	-0.30532183736174523
[1987, 1991]	фиссер	Q46104	Лео Виссер	P166	полученные награды	премия Оскара Матисена	0	0	0	0	1989-01-01	-0.32466595328936537
[2004, 2009]	фитиль	Q4485081	Фитиль	P582	дата окончания	0	0	2008-08-03	0	0	0	-0.5871024037818702
[1958, 1959]	фитопатология	Q188956	Фитопатология	P571	дата основания / создания / возникновения	0	0	1958-01-01	0	0	0	-0.3238524841905903
[1999, 2000]	фишбах	Q672421	Тексингталь	P463	участник организации или клуба	Climate Alliance	0	0	1999-01-01	0	0	-0.22912941284022142
[1991, 1994]	фишборн	Q193048	Лоуренс Фишборн	P166	полученные награды	Театральный мир	0	0	0	0	1992-01-01	-0.2301371061995816
[1991, 1994]	фишборн	Q193048	Лоуренс Фишборн	P166	полученные награды	Премия «Тони» за лучшую мужскую роль второго плана в пьесе	0	0	0	0	1992-01-01	-0.2301371061995816
[1991, 1994]	фишборн	Q193048	Лоуренс Фишборн	P166	полученные награды	Прайм-тайм премия «Эмми»	0	0	0	0	1993-01-01	-0.2301371061995816
[1991, 1994]	фишборн	Q193048	Лоуренс Фишборн	P1411	номинирован на	премия «Оскар» за лучшую мужскую роль	0	0	0	0	1993-01-01	-0.2301371061995816
[1990, 1998]	флаг	Q8552427	Флаг	P571	дата основания / создания / возникновения	0	0	1995-02-27	0	0	0	-0.29514463034754024
[1986, 1988]	флеволанд	Q707	Флеволанд	P571	дата основания / создания / возникновения	0	0	1986-01-01	0	0	0	-0.6365238646941397
[2002, 2008]	флейм	Q5457133	Флейм	P2031	начало периода активности	0	0	2003-01-01	0	0	0	0.548826371917573
[1983, 1985]	флоракис	Q506372	Флоракис, Харилаос	P166	полученные награды	орден Дружбы	0	0	0	0	1984-08-01	0.16238916171629514
1979	флорена	Q1046884	(3518) Флорена	P575	дата открытия	0	0	1977-08-18	0	0	0	1.95077017197443
[1981, 1982]	флоренс	Q150892	(3122) Флоренс	P575	дата открытия	0	0	1981-03-02	0	0	0	-0.2679293759278234
1954	флоридсдорф	Q696474	Флоридсдорф	P571	дата основания / создания / возникновения	0	0	1904-01-01	0	0	0	4.849228126699324
[1990, 1992]	флото	Q53907	Флото	P17	государство	Германия	0	0	1990-10-03	0	0	-0.2852794094274088
[1990, 1992]	флото	Q53907	Флото	P17	государство	Федеративная Республика Германии	0	0	1949-05-23	1990-10-02	0	-0.2852794094274088
[1962, 1964]	флэннерить	Q256656	Флэннери, Сьюзан	P2031	начало периода активности	0	0	1963-01-01	0	0	0	-0.42333551298364575
[1994, 1996]	флюк	Q1266693	Флюк	P577	дата публикации	0	0	1995-01-01	0	0	0	-0.37974715325270264
[1987, 1989]	флюр	Q681136	Флюр, Вольфганг	P463	участник организации или клуба	Kraftwerk	0	0	1973-01-01	1987-01-01	0	-0.4323977907880274
[1945, 1951]	фнря	Q83286	СФРЮ	P571	дата основания / создания / возникновения	0	0	1945-11-29	0	0	0	-0.3034327780014472
[1951, 1957]	фогараша	Q465568	Фогараши, Бела	P166	полученные награды	премия имени Кошута	0	0	0	0	1952-01-01	0.13960410492316383
[2002, 2008]	фоер	Q359548	Фоер, Джонатан Сафран	P2031	начало периода активности	0	0	2002-01-01	0	0	0	0.832287963782182
1947	фойницкий	Q4491311	Фойницкий, Иван Яковлевич	P569	дата рождения	0	0	1847-09-10	0	0	0	1.8666258819356256
1966	фокас	Q4491320	Фокас, Димитриос	P570	дата смерти	0	0	1966-01-01	0	0	0	1.7394983286922212
2005	фокино	Q4491357	Фокино	P131	административно-территориальная единица	Акатовское сельское поселение	0	0	2004-12-02	0	0	4.601221787849028
2005	фокино	Q26262107	Фокино	P131	административно-территориальная единица	Сельское поселение «Село Шанский Завод»	0	0	2004-01-01	0	0	4.601221787849028
1949	фокино	Q197382	Фокино	P571	дата основания / создания / возникновения	0	0	1899-01-01	0	0	0	3.7370956661811885
1994	фол	Q155042	(5145) Фол	P575	дата открытия	0	0	1992-01-09	0	0	0	2.596245821540836
[1933, 1936]	фолк	Q448296	Фолкэм, Лео	P569	дата рождения	0	0	1935-11-20	0	0	0	-0.6322425431909976
[1999, 2003]	фолкленды	Q9648	Фолклендские острова	P31	это частный случай понятия	Британские заморские территории	0	0	2002-01-01	0	0	-0.23347400658582868
1982	фолкленды	Q9648	Фолклендские острова	P31	это частный случай понятия	коронная колония	0	0	1841-01-01	1981-01-01	0	2.0347282685654844
2000	фолкман	Q710619	Фолкман, Джуда	P166	полученные награды	премия Массри	0	0	0	0	1998-01-01	4.589501851414887
2000	фолкман	Q710619	Фолкман, Джуда	P166	полученные награды	Keio Medical Science Prize	0	0	0	0	1998-01-01	4.589501851414887
2000	фолкман	Q710619	Фолкман, Джуда	P166	полученные награды	J. Allyn Taylor International Prize in Medicine	0	0	0	0	1999-01-01	4.589501851414887
2000	фолкман	Q710619	Фолкман, Джуда	P166	полученные награды	honorary doctor of the Nankai University	0	0	0	0	2000-01-01	4.589501851414887
[2000, 2003]	фолкман	Q710619	Фолкман, Джуда	P166	полученные награды	медаль Бенджамина Франклина	0	0	0	0	2001-01-01	1.3911630514056643
1997	фолкнер	Q38392	Уильям Фолкнер	P569	дата рождения	0	0	1897-09-25	0	0	0	1.9497337869920222
1926	фомич	Q15364615	Фомичи	P131	административно-территориальная единица	Биртяевское сельское поселение	0	0	1924-04-10	0	0	2.0289735095569403
1953	фонк	Q48674	Рене Поль Фонк	P570	дата смерти	0	0	1953-06-18	0	0	0	3.944984541535039
[1986, 1995]	фонтевро	Q283254	Фонтевро	P1435	статус наследия	исторический памятник зарегистрированный	0	0	1989-08-28	0	0	-0.280336253075293
[1986, 1995]	фонтевро	Q283254	Фонтевро	P1435	статус наследия	исторический памятник классифицированный	0	0	1989-08-28	0	0	-0.280336253075293
[2002, 2003]	форальберг	Q38981	Форарльберг	P463	участник организации или клуба	Climate Alliance	0	0	2002-01-01	0	0	-0.1842036361293392
2003	форер	Q4491840	Форер, Алоис	P570	дата смерти	0	0	2001-10-26	0	0	0	3.9193864697856826
[1950, 1987]	формирование	Q20683404	Формирование	P571	дата основания / создания / возникновения	0	0	1967-01-01	0	0	0	0.42707466301677127
[1978, 1981]	форрая	Q4491981	Форраи, Миклош	P166	полученные награды	Премия Роберта Шумана	0	0	0	0	1980-01-01	0.4588319122003289
1948	форрестол	Q463385	Форрестол, Джеймс	P39	занимаемая должность	министр военно-морских сил США	0	0	1944-05-19	1947-09-17	0	1.790208119158398
1948	форрестол	Q463385	Форрестол, Джеймс	P39	занимаемая должность	министр обороны США	0	0	1947-09-17	1949-03-28	0	1.790208119158398
[2005, 2009]	форс	Q10498070	Форса	P576	дата прекращения существования	0	0	2005-12-31	0	0	0	0.859739627294589
[2002, 2006]	форт	Q10667206	Крепость Сиарё	P1435	статус наследия	governmental listed building complex	0	0	2002-12-05	0	0	-0.3932403175254405
[1966, 1968]	фортуна	Q1439076	Фортуна	P571	дата основания / создания / возникновения	0	0	1966-10-28	0	0	0	-0.7643029755265683
2003	форум	Q800764	Форум	P1619	дата официального открытия	0	0	2003-01-01	0	0	0	2.313904793279697
2003	форум	Q800764	Форум	P571	дата основания / создания / возникновения	0	0	2003-01-01	0	0	0	2.313904793279697
[1991, 2009]	фотограф	Q1029546	Фотограф	P577	дата публикации	0	0	1992-01-01	0	0	0	0.6446012642173152
[1991, 2009]	фотограф	Q1029546	Фотограф	P577	дата публикации	0	0	1992-10-16	0	0	0	0.6446012642173152
[1991, 2009]	фотограф	Q1029546	Фотограф	P577	дата публикации	0	0	1993-02-04	0	0	0	0.6446012642173152
[1959, 1965]	фотоприбор	Q19966863	Фотоприбор	P571	дата основания / создания / возникновения	0	0	1962-01-01	0	0	0	-0.14883723631653628
[1981, 1985]	фрадкин	Q4492291	Фрадкина, Елена Михайловна	P570	дата смерти	0	0	1981-01-01	0	0	0	-0.4721059888255292
[1981, 1983]	фраен	Q4492527	Фраёнов, Виктор Павлович	P166	полученные награды	Заслуженный работник культуры РСФСР	0	0	0	0	1982-01-01	-0.5943672951024133
2009	фрайберг	Q14819	Фрайберг	P6	глава правительства	Uta Rensch	0	0	2001-01-01	2008-01-01	0	3.9350665639386353
[1991, 1995]	фрайберг	Q14819	Фрайберг	P1376	является столицей	Q1787290	0	0	1953-01-01	1994-01-01	0	-0.09095157959040123
2009	фрайберг	Q14819	Фрайберг	P1376	является столицей	Средняя Саксония	0	0	2008-01-01	0	0	3.9350665639386353
2009	фрайберг	Q14819	Фрайберг	P6	глава правительства	Bernd-Erwin Schramm	0	0	2008-08-01	0	0	3.9350665639386353
2009	фрайберг	Q14819	Фрайберг	P1376	является столицей	Фрайберг	0	0	1994-01-01	2008-01-01	0	3.9350665639386353
2004	фрайбург	Q106394	Фрайбург	P571	дата основания / создания / возникновения	0	0	1904-01-01	0	0	0	2.267929309112598
[1981, 1998]	фрайбург	Q133490	Фрайбург	P571	дата основания / создания / возникновения	0	0	1984-01-01	0	0	0	0.5418563303785349
[2003, 2004]	фрайталь	Q5870	Фрайталь	P31	это частный случай понятия	объединение общин Саксонии	0	0	2003-03-01	0	0	-0.017835038394004854
1984	фрайталь	Q5870	Фрайталь	P6	глава правительства	Erhardt Schroeter	0	0	1934-01-01	1938-01-01	0	2.300948887575275
[1974, 1976]	фрайя	Q121806	Филипп Дж. Фрай	P569	дата рождения	0	0	1974-08-09	0	0	0	-0.3296169493099222
1945	франк	Q2348883	франк Французской Экваториальной Африки	P582	дата окончания	0	0	1945-01-01	0	0	0	1.7535995287098565
1923	франк	Q2086443	марокканский франк	P580	дата начала	0	0	1921-01-01	0	0	0	2.356480185469847
1945	франк	Q2616592	франк Французской Западной Африки	P576	дата прекращения существования	0	0	1945-01-01	0	0	0	1.7535995287098565
[1983, 1985]	франк	Q2629054	малийский франк	P582	дата окончания	0	0	1984-07-01	0	0	0	-1.2215448245384726
1945	франк	Q2356178	франк Французской Полинезии	P580	дата начала	0	0	1945-01-01	0	0	0	1.7535995287098565
[1997, 2000]	франклин	Q1031028	Франклин	P580	дата начала	0	0	1997-11-03	0	0	0	-0.3078563015469108
[1929, 1937]	франклин	Q1445153	Франклин	P138	названо в честь	Бенджамин Франклин	0	0	1935-01-01	0	0	-0.43850552894527756
[1969, 1973]	франкофония	Q134102	Франкофония	P571	дата основания / создания / возникновения	0	0	1972-01-01	0	0	0	-0.2893240467800451
1990	франциск	Q2543165	Франциск	P577	дата публикации	0	0	1989-11-16	0	0	0	3.691172070263424
1990	франциск	Q2543165	Франциск	P577	дата публикации	0	0	1989-01-01	0	0	0	3.691172070263424
1960	фрг	Q183	Германия	P530	дипломатические отношения	Мали	0	0	1960-09-01	0	0	2.63716650336154
[1974, 1980]	фрг	Q183	Германия	P530	дипломатические отношения	Джибути	0	0	1978-01-23	0	0	-0.10844194858562536
1960	фрг	Q183	Германия	P530	дипломатические отношения	Кипр	0	0	1960-08-20	0	0	2.63716650336154
[1974, 1980]	фрг	Q183	Германия	P6	глава правительства	Вальтер Шеель	0	0	1974-05-07	1974-05-16	0	-0.10844194858562536
1960	фрг	Q183	Германия	P530	дипломатические отношения	Гондурас	0	0	1960-01-20	0	0	2.63716650336154
1960	фрг	Q183	Германия	P530	дипломатические отношения	Буркина-Фасо	0	0	1960-01-01	0	0	2.63716650336154
1962	фрг	Q183	Германия	P530	дипломатические отношения	Уганда	0	0	1962-10-09	0	0	2.8047904114776876
1959	фрг	Q183	Германия	P35	глава государства	Теодор Хойс	0	0	1949-09-12	1959-09-12	0	2.421169165508872
[1946, 1950]	фрг	Q183	Германия	P1365	заменил	Германский рейх	0	0	0	0	1949-05-23	-0.6644261452139446
1959	фрг	Q183	Германия	P35	глава государства	Генрих Любке	0	0	1959-09-13	1969-06-30	0	2.421169165508872
[1974, 1980]	фрг	Q183	Германия	P35	глава государства	Густав Хайнеман	0	0	1969-07-01	1974-06-30	0	-0.10844194858562536
[1955, 1966]	фрг	Q183	Германия	P530	дипломатические отношения	США	0	0	1955-01-01	0	0	1.0643000777236173
[1974, 1980]	фрг	Q183	Германия	P6	глава правительства	Вилли Брандт	0	0	1969-10-22	1974-05-07	0	-0.10844194858562536
[1974, 1980]	фрг	Q183	Германия	P35	глава государства	Карл Карстенс	0	0	1979-07-01	1984-06-30	0	-0.10844194858562536
[1955, 1966]	фрг	Q183	Германия	P6	глава правительства	Людвиг Эрхард	0	0	1963-10-17	1966-11-30	0	1.0643000777236173
[1974, 1980]	фрг	Q183	Германия	P35	глава государства	Вальтер Шеель	0	0	1974-07-01	1979-06-30	0	-0.10844194858562536
[1955, 1966]	фрг	Q183	Германия	P793	ключевое событие	Occupation statute	0	0	1949-05-12	1955-05-05	0	1.0643000777236173
1960	фрг	Q183	Германия	P530	дипломатические отношения	Бенин	0	0	1960-08-01	0	0	2.63716650336154
1959	фрг	Q183	Германия	P793	ключевое событие	Римские договоры	0	0	1958-01-01	0	0	2.421169165508872
1961	фрг	Q183	Германия	P463	участник организации или клуба	Организация экономического сотрудничества и развития	0	0	1961-09-27	0	0	2.4259214254723247
[1955, 1966]	фрг	Q183	Германия	P463	участник организации или клуба	Международная организация гражданской авиации	0	0	1956-01-01	0	0	1.0643000777236173
[1955, 1966]	фрг	Q183	Германия	P463	участник организации или клуба	Международная финансовая корпорация	0	0	1956-07-20	0	0	1.0643000777236173
[1974, 1980]	фрг	Q183	Германия	P463	участник организации или клуба	Всемирная туристская организация	0	0	1976-01-01	0	0	-0.10844194858562536
[1974, 1980]	фрг	Q183	Германия	P463	участник организации или клуба	Договор о нераспространении ядерного оружия	0	0	1975-05-02	0	0	-0.10844194858562536
[1974, 1980]	фрг	Q183	Германия	P463	участник организации или клуба	Международный фонд сельскохозяйственного развития	0	0	1977-10-14	0	0	-0.10844194858562536
1960	фрг	Q183	Германия	P463	участник организации или клуба	Международная ассоциация развития	0	0	1960-09-24	0	0	2.63716650336154
1962	фрг	Q183	Германия	P463	участник организации или клуба	Европейская южная обсерватория	0	0	1962-01-01	0	0	2.8047904114776876
[1974, 1980]	фрг	Q183	Германия	P463	участник организации или клуба	Договор об Антарктике	0	0	1979-01-01	0	0	-0.10844194858562536
1959	фрг	Q183	Германия	P793	ключевое событие	Саар	0	0	1957-01-01	0	0	2.421169165508872
1962	фрг	Q183	Германия	P530	дипломатические отношения	Бурунди	0	0	1962-01-01	0	0	2.8047904114776876
1960	фрг	Q183	Германия	P530	дипломатические отношения	Габон	0	0	1960-01-01	0	0	2.63716650336154
[1946, 1950]	фрг	Q183	Германия	P38	денежная единица	немецкая марка	0	0	1948-06-21	2001-12-31	0	-0.6644261452139446
[1946, 1950]	фрг	Q713750	Федеративная Республика Германии	P38	денежная единица	немецкая марка	0	0	1949-05-23	1990-10-02	0	-0.6644261452139446
[1974, 1980]	фрг	Q183	Германия	P6	глава правительства	Гельмут Шмидт	0	0	1974-05-16	1982-10-01	0	-0.10844194858562536
[1946, 1950]	фрг	Q713750	Федеративная Республика Германии	P1365	заменил	Германский рейх	0	0	0	0	1949-05-23	-0.6644261452139446
[1955, 1966]	фрг	Q183	Германия	P530	дипломатические отношения	Израиль	0	0	1965-05-12	0	0	1.0643000777236173
[1946, 1950]	фрг	Q713750	Федеративная Республика Германии	P1336	на территорию претендует	ГДР	0	0	1949-10-07	1972-12-21	0	-0.6644261452139446
[1946, 1950]	фрг	Q713750	Федеративная Республика Германии	P31	это частный случай понятия	суверенное государство	0	0	1949-05-23	1990-10-02	0	-0.6644261452139446
1962	фрг	Q183	Германия	P530	дипломатические отношения	Нигер	0	0	1962-01-01	0	0	2.8047904114776876
[1955, 1966]	фрг	Q183	Германия	P530	дипломатические отношения	Замбия	0	0	1964-10-24	0	0	1.0643000777236173
1960	фрг	Q183	Германия	P530	дипломатические отношения	Чад	0	0	1960-01-01	0	0	2.63716650336154
[1974, 1980]	фрг	Q183	Германия	P530	дипломатические отношения	Мозамбик	0	0	1976-01-01	0	0	-0.10844194858562536
[1955, 1966]	фрг	Q183	Германия	P6	глава правительства	Конрад Аденауэр	0	0	1949-09-20	1963-10-11	0	1.0643000777236173
1960	фрг	Q183	Германия	P530	дипломатические отношения	Демократическая Республика Конго	0	0	1960-06-30	0	0	2.63716650336154
[1974, 1980]	фрг	Q183	Германия	P530	дипломатические отношения	Вьетнам	0	0	1975-09-23	0	0	-0.10844194858562536
[1946, 1950]	фрг	Q183	Германия	P36	столица	Бонн	0	0	1949-11-29	1990-10-02	0	-0.6644261452139446
[1946, 1950]	фрг	Q183	Германия	P47	имеет границы с	ГДР	0	0	1949-10-07	1990-10-03	0	-0.6644261452139446
1959	фрг	Q183	Германия	P463	участник организации или клуба	Европейское сообщество по атомной энергии	0	0	1957-03-25	2009-12-01	0	2.421169165508872
1959	фрг	Q183	Германия	P463	участник организации или клуба	Европейский союз	0	0	1957-03-25	0	0	2.421169165508872
1959	фрг	Q183	Германия	P463	участник организации или клуба	Международное агентство по атомной энергии	0	0	1957-10-01	0	0	2.421169165508872
1960	фрг	Q183	Германия	P463	участник организации или клуба	Евроконтроль	0	0	1960-01-01	0	0	2.63716650336154
[1946, 1950]	фрг	Q183	Германия	P793	ключевое событие	Основной закон ФРГ	0	0	1949-05-23	0	0	-0.6644261452139446
[1955, 1966]	фрг	Q183	Германия	P463	участник организации или клуба	Организация Североатлантического договора	0	0	1955-05-09	0	0	1.0643000777236173
1959	фрг	Q183	Германия	P463	участник организации или клуба	Международная морская организация	0	0	1959-01-07	0	0	2.421169165508872
[1974, 1980]	фрг	Q183	Германия	P463	участник организации или клуба	Европейское космическое агентство	0	0	1977-05-31	0	0	-0.10844194858562536
[1955, 1966]	фрг	Q183	Германия	P47	имеет границы с	Саар	0	0	1947-01-01	1956-12-31	0	1.0643000777236173
1960	фрг	Q183	Германия	P530	дипломатические отношения	Парагвай	0	0	1860-08-01	0	0	2.63716650336154
1959	фрг	Q183	Германия	P530	дипломатические отношения	Гана	0	0	1957-01-01	0	0	2.421169165508872
[1955, 1966]	фрг	Q183	Германия	P530	дипломатические отношения	Мальта	0	0	1965-01-01	0	0	1.0643000777236173
1959	фрг	Q183	Германия	P530	дипломатические отношения	Египет	0	0	1957-12-01	0	0	2.421169165508872
[1955, 1966]	фрг	Q183	Германия	P530	дипломатические отношения	Гамбия	0	0	1965-02-18	0	0	1.0643000777236173
[1955, 1966]	фрг	Q183	Германия	P793	ключевое событие	Élysée Treaty	0	0	1963-01-22	0	0	1.0643000777236173
1961	фрг	Q183	Германия	P793	ключевое событие	Берлинская стена	0	0	1961-08-13	1989-11-09	0	2.4259214254723247
[1955, 1966]	фрг	Q183	Германия	P530	дипломатические отношения	Республика Корея	0	0	1955-12-01	0	0	1.0643000777236173
[1974, 1980]	фрг	Q183	Германия	P530	дипломатические отношения	Монголия	0	0	1974-01-01	0	0	-0.10844194858562536
[1974, 1980]	фрг	Q183	Германия	P530	дипломатические отношения	Гвинея-Бисау	0	0	1975-01-01	0	0	-0.10844194858562536
[1955, 1966]	фрг	Q183	Германия	P530	дипломатические отношения	Марокко	0	0	1956-01-01	0	0	1.0643000777236173
[1955, 1966]	фрг	Q183	Германия	P530	дипломатические отношения	Кения	0	0	1963-01-01	0	0	1.0643000777236173
[2006, 2008]	фред	Q1000296	Фред	P54	член спортивной команды	Гуарани	0	0	2005-01-01	2006-01-01	0	-0.1989160831696726
[2006, 2008]	фред	Q5496635	Фред	P570	дата смерти	0	0	2006-08-09	0	0	0	-0.1989160831696726
[2006, 2008]	фред	Q1000296	Фред	P54	член спортивной команды	Ди Си Юнайтед	0	0	2007-01-01	2009-01-01	0	-0.1989160831696726
[2006, 2008]	фред	Q1000296	Фред	P54	член спортивной команды	Мельбурн Виктори	0	0	2006-01-01	2007-01-01	0	-0.1989160831696726
2002	фредериксберг	Q2488464	Фредериксберг	P6	глава правительства	Mads Lebech	0	0	2001-01-01	2009-01-15	0	2.0450870528455685
1943	фрейслер	Q57601	Роланд Фрейслер	P569	дата рождения	0	0	1893-10-30	0	0	0	3.724663691868274
[1962, 1979]	фрелимый	Q504564	ФРЕЛИМО	P571	дата основания / создания / возникновения	0	0	1962-06-25	0	0	0	0.13294266008941708
[1936, 1940]	фрибур	Q33699	Фрибур-Готтерон	P571	дата основания / создания / возникновения	0	0	1937-01-01	0	0	0	0.009977440128947256
2004	фрида	Q35738	Фрида	P577	дата публикации	0	0	2003-03-06	0	0	0	2.44223412117027
2004	фрида	Q35738	Фрида	P577	дата публикации	0	0	2002-08-29	0	0	0	2.44223412117027
1940	фридеберг	Q3820466	Фридеберг, Рафаэль	P570	дата смерти	0	0	1940-08-16	0	0	0	2.0360329360296756
[1996, 1998]	фридрихсхафен	Q4051	Фридрихсхафен	P463	участник организации или клуба	Climate Alliance	0	0	1996-01-01	0	0	-0.2581160426850877
[2007, 2009]	фриман	Q3087350	Фриман	P463	участник организации или клуба	IAM	0	0	1990-01-01	2008-01-01	0	0.3026425167342118
[1974, 1980]	фрингс	Q107076	Фрингс, Торстен	P569	дата рождения	0	0	1976-11-22	0	0	0	-0.43106999370899995
[1977, 1981]	фрисландия	Q5932	Фрисландия	P571	дата основания / создания / возникновения	0	0	1980-01-01	0	0	0	-0.2146439798124411
[2001, 2005]	фрозинон	Q845043	Фрозиноне	P488	руководитель	Maurizio Stirpe	0	0	2003-01-01	0	0	-0.3720908634582241
[2004, 2008]	фрол	Q4493003	Фролы	P131	административно-территориальная единица	Сметанинское сельское поселение	0	0	2004-12-02	0	0	-0.36182901236707127
[2004, 2006]	фролово	Q4492978	Фролово	P131	административно-территориальная единица	Муниципальное образование «Толшменское»	0	0	2004-12-06	0	0	0.06598181717998543
[2004, 2006]	фролово	Q4492980	Фролово	P131	административно-территориальная единица	Полдневское сельское поселение	0	0	2004-12-02	0	0	0.06598181717998543
[1976, 1978]	фроян	Q4493069	Фроянов, Игорь Яковлевич	P512	учёная степень	доктор исторических наук	0	0	0	0	1976-01-01	-0.41439764556024095
1929	фрукт	Q21730663	Фрукты	P571	дата основания / создания / возникновения	0	0	1879-01-01	0	0	0	2.8825999175236654
1951	фрязино	Q16712734	Фрязино	P1619	дата официального открытия	0	0	1949-01-01	0	0	0	2.2894374939303472
1997	фсб	Q58792	Федеральная служба безопасности Российской Федерации	P571	дата основания / создания / возникновения	0	0	1995-04-12	0	0	0	1.6863324336069827
2005	фст	Q4481692	Федеральная служба по тарифам	P571	дата основания / создания / возникновения	0	0	2004-03-09	0	0	0	2.0973011016402183
[1956, 1957]	фуер	Q4493287	Фуер, Виктор Семёнович	P569	дата рождения	0	0	1956-12-17	0	0	0	-0.14710188521604084
[1965, 1966]	фуль	Q1925811	Фулем	P576	дата прекращения существования	0	0	1965-01-01	0	0	0	-0.18407863740793343
[2001, 2004]	фульда	Q3963	Фульда	P6	глава правительства	Alois Rhiel	0	0	1998-01-01	2003-01-01	0	-0.3017917221176104
[2001, 2004]	фульда	Q3963	Фульда	P6	глава правительства	Gerhard Möller	0	0	2003-01-01	2015-01-01	0	-0.3017917221176104
[1945, 1946]	фунин	Q1331690	Фунин	P131	административно-территориальная единица	Китайская Республика (марионеточное правительство Ван Цзинвэя)	0	0	1940-03-30	1945-09-02	0	0.25561274278253354
1928	фунин	Q1331690	Фунин	P131	административно-территориальная единица	Хэбэй	0	0	1928-06-28	1935-11-14	0	4.7218400151903515
[1937, 1939]	фунин	Q1331690	Фунин	P131	административно-территориальная единица	Антикоммунистическое автономное правительство Восточного Цзи	0	0	1935-11-15	1938-01-31	0	-0.03258619149744892
[1945, 1946]	фунин	Q1331690	Фунин	P131	административно-территориальная единица	Хэбэй	0	0	1945-09-03	1948-12-31	0	0.25561274278253354
[1937, 1939]	фунин	Q1331690	Фунин	P131	административно-территориальная единица	Временное правительство Китайской Республики	0	0	1938-02-01	1940-03-29	0	-0.03258619149744892
[1954, 1956]	фуртвенглер	Q57285	Фуртвенглер, Вильгельм	P570	дата смерти	0	0	1954-11-30	0	0	0	-0.08194187572330762
1960	фуртуна	Q11689145	Фуртуна	P577	дата публикации	0	0	1959-01-01	0	0	0	2.8917279531756805
[1990, 1995]	фухиморить	Q133040	Альберто Фухимори	P39	занимаемая должность	президент Перу	0	0	1990-07-28	2000-11-21	0	0.8168192201860572
[1967, 1970]	фэнд	Q737865	Фэнду	P131	административно-территориальная единица	Округ Фулин	0	0	1968-01-01	1995-11-04	0	-0.5634578218332951
[1948, 1950]	фэнд	Q737865	Фэнду	P131	административно-территориальная единица	Сычуань	0	0	1912-01-01	1949-12-31	0	-0.36284653158895636
[1967, 1970]	фэнд	Q737865	Фэнду	P131	административно-территориальная единица	Специальный район Фулин	0	0	1950-01-01	1967-12-31	0	-0.5634578218332951
1972	фэнсян	Q1201619	Фэнсян	P131	административно-территориальная единица	Специальный район Баоцзи	0	0	1961-09-01	1971-01-31	0	1.744798720807361
1972	фэнсян	Q1201619	Фэнсян	P131	административно-территориальная единица	Баоцзи	0	0	1971-02-01	1979-02-28	0	1.744798720807361
1957	фэньян	Q929190	Фэньян	P131	административно-территориальная единица	Специальный район Юйцы	0	0	1951-03-27	1957-12-31	0	2.8623686654434852
[1931, 1939]	фюрер	Q352	Адольф Гитлер	P166	полученные награды	Honorary citizen of Sankt Andreasberg	0	0	0	0	1933-04-04	-0.4995829327754233
[1931, 1939]	фюрер	Q352	Адольф Гитлер	P166	полученные награды	цепь Имперского ордена Красных стрел	0	0	0	0	1937-01-01	-0.4995829327754233
[1931, 1939]	фюрер	Q352	Адольф Гитлер	P166	полученные награды	Человек года по версии журнала «Time»	0	0	0	0	1938-01-01	-0.4995829327754233
[1931, 1939]	фюрер	Q352	Адольф Гитлер	P166	полученные награды	honorary citizen of Trier	Трир	0	0	0	1933-01-01	-0.4995829327754233
