Year or Period	Unigram	#Q	Subject	#P	Predicate	Object	Organization	Just Date	Start Time	End Time	Time Point	growth_speed
1943	цапин	Q4503095	Цапин, Александр Иванович	P569	дата рождения	0	0	1943-10-23	0	0	0	5.644276095386679
[1932, 1940]	царевич	Q4023879	Царевич	P577	дата публикации	0	0	1933-01-01	0	0	0	0.5345853884305402
1953	царевка	Q4503328	Царёвка	P571	дата основания / создания / возникновения	0	0	1953-01-01	0	0	0	1.9886100883923445
1994	царевна	Q16722486	Царевна	P571	дата основания / создания / возникновения	0	0	1993-01-01	0	0	0	2.841957046826404
[1989, 1999]	цареубийца	Q1998214	Цареубийца	P577	дата публикации	0	0	1991-01-01	0	0	0	0.30272954200493624
[1923, 1926]	царицын	Q27945467	Царицын	P582	дата окончания	0	0	1925-04-10	0	0	0	-0.030575126965532745
[1998, 2005]	цацкин	Q4503382	Эмиль Цацкин	P54	член спортивной команды	Волгарь	0	0	2003-01-01	2003-01-01	0	-0.19148311696929649
[1998, 2005]	цацкин	Q4503382	Эмиль Цацкин	P54	член спортивной команды	Динамо	0	0	1997-01-01	1999-01-01	0	-0.19148311696929649
[1998, 2005]	цацкин	Q4503382	Эмиль Цацкин	P54	член спортивной команды	Кубань	0	0	2000-01-01	2002-01-01	0	-0.19148311696929649
[1998, 2005]	цацкин	Q4503382	Эмиль Цацкин	P54	член спортивной команды	Луч-Энергия	0	0	2003-01-01	2004-01-01	0	-0.19148311696929649
[2001, 2003]	цвейба	Q340595	Цвейба, Ахрик Сократович	P2032	окончание периода активности	0	0	2002-01-01	0	0	0	-0.26359573915614093
2000	цвек	Q360261	Цвек, Роберт	P2962	шахматный титул	международный мастер	0	0	1999-01-01	0	0	2.2367305019576524
[1986, 1995]	цвет	Q1111758	Цвета	P577	дата публикации	0	0	1988-01-01	0	0	0	-0.5998772856276968
[1986, 1995]	цвет	Q1111758	Цвета	P577	дата публикации	0	0	1988-11-24	0	0	0	-0.5998772856276968
[2006, 2009]	цветок	Q15351098	Цветы	P131	административно-территориальная единица	Гостовское сельское поселение	0	0	2006-01-01	0	0	-0.5175151589241157
[2006, 2009]	цветок	Q5646742	Цветок	P577	дата публикации	0	0	2006-01-01	0	0	0	-0.5175151589241157
[2000, 2009]	цветочный	Q29566826	Цветочное	P131	административно-территориальная единица	Табунский сельсовет	0	0	2003-12-01	0	0	-0.5192652706079258
[1974, 1976]	цвикки	Q115462	Цвикки, Фриц	P570	дата смерти	0	0	1974-02-08	0	0	0	0.8251439405246712
1960	цвингер	Q155107	Цвингер	P31	это частный случай понятия	стройка	0	0	1945-09-01	1960-10-30	0	1.9032213982129609
1948	цвирка	Q2496710	Цвирка, Пятрас	P570	дата смерти	0	0	1947-05-02	0	0	0	3.9227449424405183
1963	цгок	Q4504254	Центральный горно-обогатительный комбинат	P571	дата основания / создания / возникновения	0	0	1961-01-01	0	0	0	3.2941797114406945
[2001, 2006]	цегельня	Q4503645	Цегельня	P131	административно-территориальная единица	Любавичское сельское поселение	0	0	2004-12-02	0	0	-0.2374624739338029
[1925, 1932]	цекомбанк	Q4504286	Центральный банк коммунального хозяйства и жилищного строительства	P571	дата основания / создания / возникновения	0	0	1925-01-01	0	0	0	0.5221436878322931
[2002, 2006]	целинный	Q24728672	Целинный	P131	административно-территориальная единица	Октябрьский сельсовет	0	0	2003-12-01	0	0	-0.5310995108527519
[2002, 2006]	целинный	Q24728958	Целинный	P131	административно-территориальная единица	Новоцелинный сельсовет	0	0	2003-12-01	0	0	-0.5310995108527519
[2002, 2006]	целинный	Q28483106	Целинное	P1376	является столицей	Сумон Целинный	0	0	2004-12-29	0	0	-0.5310995108527519
1954	целинный	Q4503763	Целинный	P571	дата основания / создания / возникновения	0	0	1954-01-01	0	0	0	3.4159775529451264
1954	целинный	Q4503762	Целинный	P571	дата основания / создания / возникновения	0	0	1954-01-01	0	0	0	3.4159775529451264
1955	целинный	Q4503749	Целинное	P571	дата основания / создания / возникновения	0	0	1955-01-01	0	0	0	3.0838563133558132
[1991, 1992]	целиноград	Q1520	Нур-Султан	P17	государство	СССР	0	0	1923-01-01	1991-01-01	0	-0.26924882411950485
[1991, 1992]	целиноград	Q1520	Нур-Султан	P17	государство	Казахстан	0	0	1991-12-10	0	0	-0.26924882411950485
1962	целиноград	Q1520	Нур-Султан	P31	это частный случай понятия	город	0	0	1862-09-26	0	0	3.1883785066089794
[1991, 1992]	целиноград	Q1520	Нур-Султан	P131	административно-территориальная единица	Казахская Советская Социалистическая Республика	0	0	1936-12-05	1991-12-10	0	-0.26924882411950485
[1991, 1992]	целиноград	Q1520	Нур-Султан	P131	административно-территориальная единица	Казахстан	0	0	1991-12-10	0	0	-0.26924882411950485
1935	целла	Q3933	Целле	P131	административно-территориальная единица	Административный округ Люнебург	0	0	1885-04-01	2004-12-31	0	2.1619590153747854
[2005, 2006]	целлер	Q463121	Цёллер, Карлхайнц	P570	дата смерти	0	0	2005-07-29	0	0	0	-0.28863293172101334
[2006, 2007]	целлерфельд	Q504590	Клаусталь-Целлерфельд	P6	глава правительства	Peter Dietz	0	0	2006-01-01	2010-01-01	0	-0.31549692659257533
[1971, 1973]	целлерфельд	Q504590	Клаусталь-Целлерфельд	P131	административно-территориальная единица	Оберхарц	0	0	1972-07-01	2014-12-31	0	0.09202305460351863
1957	центральный	Q2026363	Центральный	P571	дата основания / создания / возникновения	0	0	1955-01-01	0	0	0	4.410989030457391
[1978, 1988]	церукать	Q421095	Метоклопрамид	P2175	применяется для лечения медицинского состояния	гастроэзофагеальная рефлюксная болезнь	0	0	1980-12-29	0	0	0.539720414361386
[1982, 1992]	цефтазидим	Q808845	Цефтазидим	P2175	применяется для лечения медицинского состояния	инфекция мочевого тракта	0	0	1985-07-19	0	0	-0.36245000587334886
[1982, 1992]	цефтазидим	Q808845	Цефтазидим	P2175	применяется для лечения медицинского состояния	бактериальная инфекция	0	0	1985-07-19	0	0	-0.36245000587334886
1987	цец	Q237385	Ражнатович, Светлана	P2031	начало периода активности	0	0	1987-01-01	0	0	0	2.5239730945209677
1975	цец	Q237385	Ражнатович, Светлана	P569	дата рождения	0	0	1973-06-14	0	0	0	1.9713145900688314
[1971, 1976]	цзилун	Q249996	Цзилун	P6	глава правительства	Q56260541	0	0	1965-10-21	1973-02-01	0	-0.38610488786920233
1990	цзилун	Q249996	Цзилун	P6	глава правительства	Q65680122	0	0	1981-12-20	1989-12-20	0	4.7626907752221745
1990	цзилун	Q249996	Цзилун	P6	глава правительства	Q65680129	0	0	1989-12-20	1997-12-20	0	4.7626907752221745
[1950, 1956]	цзилун	Q249996	Цзилун	P6	глава правительства	Q48936421	0	0	1951-06-01	1960-06-02	0	0.1503040834667019
[1971, 1976]	цзилун	Q249996	Цзилун	P6	глава правительства	Q65680120	0	0	1973-02-01	1981-12-20	0	-0.38610488786920233
[1978, 1979]	цзимо	Q713349	Цзимо	P131	административно-территориальная единица	Специальный район Яньтай	0	0	1961-05-23	1978-11-16	0	0.12542620306657365
[1978, 1979]	цзимо	Q713349	Цзимо	P131	административно-территориальная единица	Циндао	0	0	1978-11-17	0	0	0.12542620306657365
1938	цзинань	Q170247	Цзинань	P131	административно-территориальная единица	Шаньдун	0	0	1929-01-01	1937-12-31	0	1.8992356274641202
1950	цзинань	Q170247	Цзинань	P131	административно-территориальная единица	Шаньдун	0	0	1948-09-01	0	0	3.1193054915592393
1950	цзинань	Q170247	Цзинань	P131	административно-территориальная единица	Шаньдун	0	0	1945-09-03	1948-08-31	0	3.1193054915592393
1938	цзинань	Q170247	Цзинань	P131	административно-территориальная единица	Временное правительство Китайской Республики	0	0	1938-01-01	1940-03-29	0	1.8992356274641202
1961	цзиндэ	Q1198008	Цзиндэ	P131	административно-территориальная единица	Нингоская управа	0	0	1368-01-09	1911-12-31	0	4.127692509058781
1961	цзиндэ	Q1198008	Цзиндэ	P131	административно-территориальная единица	Специальный район Хойчжоу	0	0	1961-04-07	1987-11-26	0	4.127692509058781
1961	цзиндэ	Q1198008	Цзиндэ	P131	административно-территориальная единица	Специальный район Уху	0	0	1956-01-12	1961-04-06	0	4.127692509058781
1993	цзиньмэнь	Q249870	Цзиньмэнь	P6	глава правительства	Chen Shui-tsai	0	0	1992-11-07	1993-12-20	0	2.5989764247424887
1993	цзиньмэнь	Q249870	Цзиньмэнь	P6	глава правительства	Chen Shui-tsai	0	0	1993-12-20	2001-12-20	0	2.5989764247424887
1954	цзисянь	Q1333100	Цзисянь	P131	административно-территориальная единица	Сунцзян	0	0	1949-04-21	1954-06-18	0	4.007351781380428
1954	цзисянь	Q1333100	Цзисянь	P131	административно-территориальная единица	Специальный район Хэцзян	0	0	1954-06-19	1984-12-31	0	4.007351781380428
1950	цзиюань	Q997623	Цзиюань	P131	административно-территориальная единица	Хэнань	0	0	1945-09-03	1948-09-30	0	2.440748171271668
1939	цзиюань	Q997623	Цзиюань	P131	административно-территориальная единица	Хэнань	0	0	1913-06-01	1937-12-31	0	1.7282076320144475
1950	цзиюань	Q997623	Цзиюань	P131	административно-территориальная единица	Специальный район Синьсян	0	0	1949-09-01	1986-01-31	0	2.440748171271668
1955	цзычуань	Q198408	Цзычуань	P131	административно-территориальная единица	Специальный район Цзыбо	0	0	1950-01-01	1955-03-31	0	2.3307334945700493
1955	цзычуань	Q198408	Цзычуань	P131	административно-территориальная единица	Цзыбо	0	0	1955-04-01	0	0	2.3307334945700493
[1956, 1961]	цзюцюань	Q533432	Цзюцюань	P131	административно-территориальная единица	Ганьсу	0	0	1959-01-01	1960-12-31	0	0.18065886153667796
[1956, 1961]	цзюцюань	Q533432	Цзюцюань	P131	административно-территориальная единица	Чжанъе	0	0	1955-01-01	1958-12-31	0	0.18065886153667796
1958	цзяннина	Q1331311	Цзяннин	P131	административно-территориальная единица	Специальный район Чжэньцзян	0	0	1949-05-01	1958-06-30	0	4.884642474468664
1958	цзяннина	Q1331311	Цзяннин	P131	административно-территориальная единица	Нанкин	0	0	1958-07-01	1962-04-30	0	4.884642474468664
1948	цзяочжоу	Q675321	Цзяо-Чжоу	P571	дата основания / создания / возникновения	0	0	1898-01-01	0	0	0	3.753482933865305
1992	циг	Q155884	Циге, Кристиан	P54	член спортивной команды	Бавария	0	0	1990-01-01	1997-01-01	0	1.790748020129898
1992	циг	Q155884	Циге, Кристиан	P54	член спортивной команды	молодёжная сборная Германии по футболу	0	0	1991-01-01	1993-01-01	0	1.790748020129898
[2000, 2001]	циг	Q155884	Циге, Кристиан	P54	член спортивной команды	Ливерпуль	0	0	2000-01-01	2001-01-01	0	-0.9634106855038106
[2000, 2001]	циг	Q155884	Циге, Кристиан	P54	член спортивной команды	Мидлсбро	0	0	1999-01-01	2000-01-01	0	-0.9634106855038106
1992	циг	Q155884	Циге, Кристиан	P54	член спортивной команды	олимпийская сборная Германии по футболу	0	0	1992-01-01	1992-01-01	0	1.790748020129898
[1930, 1940]	циклон	Q29383466	Циклон	P571	дата основания / создания / возникновения	0	0	1939-01-01	0	0	0	0.15367944950326995
[1956, 1965]	циклосерин	Q418508	Циклосерин	P2175	применяется для лечения медицинского состояния	туберкулёз	0	0	1964-06-29	0	0	0.896908491469587
[1932, 1936]	цилиндр	Q1139031	Цилиндр	P577	дата публикации	0	0	1935-01-01	0	0	0	0.805068596449875
[1984, 1989]	цимбалюк	Q4505689	Цимбалюк, Инна Анатольевна	P569	дата рождения	0	0	1985-06-11	0	0	0	-0.27158805233520883
[1952, 1957]	цимерман	Q353461	Цимерман, Кристиан	P569	дата рождения	0	0	1956-12-05	0	0	0	-0.1949387545773341
[1986, 1992]	ципрофлоксацин	Q256602	Ципрофлоксацин	P2175	применяется для лечения медицинского состояния	дизентерия	0	0	1990-12-26	0	0	-0.5035255943439818
[1986, 1992]	ципрофлоксацин	Q256602	Ципрофлоксацин	P2175	применяется для лечения медицинского состояния	инфекция мочевого тракта	0	0	1990-12-26	0	0	-0.5035255943439818
[1978, 1992]	цисплатин	Q412415	цисплатин	P2175	применяется для лечения медицинского состояния	Злокачественные новообразования яичка	0	0	1978-12-19	0	0	-0.3752685207060931
[1978, 1992]	цисплатин	Q412415	цисплатин	P2175	применяется для лечения медицинского состояния	рак мочевого пузыря	0	0	1978-12-19	0	0	-0.3752685207060931
[1978, 1992]	цисплатин	Q412415	цисплатин	P2175	применяется для лечения медицинского состояния	рак яичника	0	0	1978-12-19	0	0	-0.3752685207060931
[2003, 2007]	цистерсдорф	Q206085	Цистерсдорф	P463	участник организации или клуба	Climate Alliance	0	0	2003-01-01	0	0	-0.3541210348097362
[2000, 2004]	цистит	Q221668	инфекция мочевого тракта	P2176	лекарство, используемое для лечения	cefaclor	0	0	2002-09-04	0	0	0.40308855478506295
[2000, 2004]	цистит	Q221668	инфекция мочевого тракта	P2176	лекарство, используемое для лечения	Цефтриаксон	0	0	2003-09-30	0	0	0.40308855478506295
[1990, 1992]	цистит	Q221668	инфекция мочевого тракта	P2176	лекарство, используемое для лечения	Ципрофлоксацин	0	0	1990-12-26	0	0	-0.737105043790435
[1985, 1988]	цистит	Q221668	инфекция мочевого тракта	P2176	лекарство, используемое для лечения	Цефтазидим	0	0	1985-07-19	0	0	-0.44318589628150235
[1985, 1988]	цистит	Q221668	инфекция мочевого тракта	P2176	лекарство, используемое для лечения	Норфлоксацин	0	0	1986-10-30	0	0	-0.44318589628150235
[1990, 1992]	цистит	Q246084	цистит	P2176	лекарство, используемое для лечения	enoxacin	0	0	1991-12-31	0	0	-0.737105043790435
[1990, 1992]	цистит	Q246084	цистит	P2176	лекарство, используемое для лечения	tosufloxacin	0	0	1990-01-22	0	0	-0.737105043790435
[1990, 1994]	цифер	Q1020250	Цифер	P17	государство	Словакия	0	0	1993-01-01	0	0	-0.6164230610507644
[1989, 2000]	цкбм	Q628397	НПО машиностроения	P17	государство	Россия	0	0	1992-01-01	0	0	0.17158784538108404
[1989, 2000]	цкбм	Q628397	НПО машиностроения	P17	государство	СССР	0	0	1944-01-01	1992-01-01	0	0.17158784538108404
[1983, 1985]	цори	Q554120	(6175) Цори	P575	дата открытия	0	0	1983-12-04	0	0	0	-0.4281091789370732
1989	цорионов	Q21140516	Цорионов, Дмитрий Сергеевич	P569	дата рождения	0	0	1989-02-13	0	0	0	4.221391614799454
1993	црнянский	Q31215	Црнянский, Милош	P569	дата рождения	0	0	1893-09-26	0	0	0	2.7651320735916327
1993	црнянский	Q31215	Црнянский, Милош	P569	дата рождения	0	0	1893-10-26	0	0	0	2.7651320735916327
[1961, 1968]	цсбс	Q4504376	Центральный сибирский ботанический сад	P571	дата основания / создания / возникновения	0	0	1961-01-01	0	0	0	-0.33976524085055626
[1993, 1999]	цска	Q4502973	ЦСКА	P571	дата основания / создания / возникновения	0	0	1996-01-01	0	0	0	0.4100632761232165
1928	цсу	Q3656004	Центральное статистическое управление	P355	дочерние компании (организации, учреждения)	Институт конъюнктуры	0	0	1928-07-14	1930-01-01	0	3.908359880485982
1969	цуг	Q662592	Цуг	P571	дата основания / создания / возникновения	0	0	1967-01-01	0	0	0	2.089368835632744
[1986, 1992]	цунх	Q3656004	Центральное статистическое управление	P576	дата прекращения существования	0	0	1991-01-01	0	0	0	-0.3328595704130691
2002	цфо	Q190778	Центральный федеральный округ	P571	дата основания / создания / возникновения	0	0	2000-05-13	0	0	0	3.4981278450310125
1991	цхинвали	Q79863	Цхинвал	P17	государство	Грузия	0	0	1991-04-09	0	0	4.462704938835935
1991	цхинвали	Q79863	Цхинвал	P131	административно-территориальная единица	Юго-Осетинская автономная область	0	0	1922-04-20	1991-12-20	0	4.462704938835935
[1998, 1999]	цхо	Q4506258	Цховребов, Станислав Сосланович	P54	член спортивной команды	Автодор	0	0	1998-01-01	1999-01-01	0	-0.6747097577907673
[1984, 1988]	цымбаларь	Q551609	Цымбаларь, Илья Владимирович	P2031	начало периода активности	0	0	1986-01-01	0	0	0	-0.15459185748118887
[1961, 1978]	цэми	Q4504389	Центральный экономико-математический институт РАН	P571	дата основания / создания / возникновения	0	0	1963-01-01	0	0	0	0.41941216966986045
1988	чавайн	Q2606744	Чавайн, Сергей Григорьевич	P569	дата рождения	0	0	1888-10-06	0	0	0	2.2682153172595974
1949	чавар	Q5088466	Чавара	P131	административно-территориальная единица	Траванкор	0	0	1729-01-01	1949-01-01	0	2.873858092046301
1949	чавар	Q5088466	Чавара	P131	административно-территориальная единица	Траванкор-Кочин	0	0	1949-01-01	1956-10-30	0	2.873858092046301
1950	чаган	Q12569994	Чаган	P571	дата основания / создания / возникновения	0	0	1950-01-01	0	0	0	1.8539347669172068
[1997, 1999]	чайка	Q25396688	Чайка	P571	дата основания / создания / возникновения	0	0	1997-01-01	0	0	0	-0.4225248844269907
1940	чайковский	Q7315	Пётр Ильич Чайковский	P569	дата рождения	0	0	1840-05-07	0	0	0	5.176211199403665
[1973, 1976]	чайнатаун	Q644987	Китайский квартал	P577	дата публикации	0	0	1974-01-01	0	0	0	-0.40452520626834015
[1973, 1976]	чайнатаун	Q644987	Китайский квартал	P577	дата публикации	0	0	1974-12-19	0	0	0	-0.40452520626834015
[1988, 1992]	чак	Q25097	Чаки	P569	дата рождения	0	0	1988-11-09	0	0	0	-0.21854764033708268
[2007, 2008]	чанда	Q5070895	Чанда	P577	дата публикации	0	0	2007-01-01	0	0	0	-0.4803258700430888
[1946, 1948]	чанлин	Q1062078	Чанлин	P131	административно-территориальная единица	Ляобэй	0	0	1946-04-01	1948-12-31	0	0.3215851094966842
[1946, 1948]	чанлин	Q1062078	Чанлин	P131	административно-территориальная единица	Маньчжурия под оккупацией СССР	0	0	1945-09-03	1946-04-01	0	0.3215851094966842
1962	чаншоу	Q713691	Чаншоу	P131	административно-территориальная единица	Сычуань	0	0	1912-01-01	1949-12-31	0	2.458165723853107
[1952, 1953]	чаншоу	Q713691	Чаншоу	P131	административно-территориальная единица	Специальный район Фулин	0	0	1950-01-23	1952-11-02	0	0.046959211334943324
[1959, 1960]	чаншоу	Q713691	Чаншоу	P131	административно-территориальная единица	Специальный район Фулин	0	0	1953-01-01	1959-03-31	0	-0.2512629460139273
[1959, 1960]	чаншоу	Q713691	Чаншоу	P131	административно-территориальная единица	Чунцин	0	0	1959-04-01	0	0	-0.2512629460139273
[1952, 1953]	чаншоу	Q713691	Чаншоу	P131	административно-территориальная единица	Чунцин	0	0	1952-11-03	1952-12-31	0	0.046959211334943324
[1928, 1935]	чапаевск	Q197677	Чапаевск	P131	административно-территориальная единица	Средневолжский край	0	0	1929-10-20	1936-12-05	0	-0.4125051923580978
[1928, 1935]	чапаевск	Q197677	Чапаевск	P131	административно-территориальная единица	Средне-Волжская область	0	0	1928-05-14	1929-10-20	0	-0.4125051923580978
[2002, 2004]	чапша	Q24728858	Чапша	P131	административно-территориальная единица	Красногорский сельсовет	0	0	2003-12-01	0	0	-0.3003425100294145
[1963, 1965]	чарджуй	Q487684	Туркменабад	P1376	является столицей	Чарджоуская область	0	0	1939-11-21	1963-01-01	0	-0.3584609523502323
1926	чарджуй	Q487684	Туркменабад	P1376	является столицей	Чарджуйский округ	0	0	1924-01-01	1930-01-01	0	1.9289673779471115
1926	чарджуй	Q487684	Туркменабад	P131	административно-территориальная единица	Чарджуйский округ	0	0	1924-01-01	1930-07-01	0	1.9289673779471115
[1963, 1965]	чарджуй	Q487684	Туркменабад	P131	административно-территориальная единица	Туркменская Советская Социалистическая Республика	0	0	1963-01-01	1969-01-01	0	-0.3584609523502323
1949	чарли	Q2960816	Чарли	P569	дата рождения	0	0	1899-01-01	0	0	0	4.200704791899935
[1984, 1986]	чарльз	Q43274	Чарльз, принц Уэльский	P166	полученные награды	медаль Альберта	0	0	0	0	1985-01-01	-0.5988340525015676
[1954, 1958]	чарня	Q1091780	Чарни	P571	дата основания / создания / возникновения	0	0	1957-01-01	0	0	0	-0.17456466333165324
1942	чарторыйск	Q1007758	Старый Чарторийск	P131	административно-территориальная единица	Маневичский район	0	0	1940-01-01	0	0	2.111770142642364
[2006, 2007]	часовня	Q18805991	Часовня	P131	административно-территориальная единица	Борское сельское поселение	0	0	2006-01-01	0	0	-0.3502662164409934
[1977, 1979]	чаттерджи	Q2385894	Чаттерджи, Сунити Кумар	P570	дата смерти	0	0	1977-05-29	0	0	0	-0.31397031927306607
1930	чахар	Q1058919	Чахар	P571	дата основания / создания / возникновения	0	0	1928-01-01	0	0	0	1.6728261683225591
1930	чахар	Q1058919	Чахар	P580	дата начала	0	0	1928-01-01	0	0	0	1.6728261683225591
1950	чахар	Q1058919	Чахар	P576	дата прекращения существования	0	0	1948-01-01	0	0	0	3.343588870219982
2003	чгк	Q497935	Что? Где? Когда?	P449	первоначальная телесеть	Первый канал	0	0	2003-01-01	0	0	2.1920879623793117
2003	чгк	Q497935	Что? Где? Когда?	P449	первоначальная телесеть	1-й канал Останкино	0	0	1992-01-01	2003-01-01	0	2.1920879623793117
2002	чгк	Q497935	Что? Где? Когда?	P57	режиссёр	Владимир Яковлевич Ворошилов	0	0	1975-01-01	2000-01-01	0	1.9224965267186753
[1991, 2000]	чгк	Q497935	Что? Где? Когда?	P449	первоначальная телесеть	НТВ	0	0	1999-01-01	1999-01-01	0	0.3910313468738234
2002	чгк	Q497935	Что? Где? Когда?	P57	режиссёр	Борис Александрович Крюк	0	0	2001-01-01	0	0	1.9224965267186753
2002	чгк	Q497935	Что? Где? Когда?	P371	ведущий теле- или радиопередачи	Владимир Яковлевич Ворошилов	0	0	1977-01-01	2000-01-01	0	1.9224965267186753
[1991, 2000]	чгк	Q497935	Что? Где? Когда?	P449	первоначальная телесеть	Центральное телевидение Гостелерадио СССР	0	0	1975-01-01	1992-01-01	0	0.3910313468738234
2002	чгк	Q497935	Что? Где? Когда?	P371	ведущий теле- или радиопередачи	Борис Александрович Крюк	0	0	2001-01-01	0	0	1.9224965267186753
[1991, 2000]	чгк	Q497935	Что? Где? Когда?	P272	производящая компания	Останкино	0	0	1992-01-01	0	0	0.3910313468738234
[1991, 2000]	чгк	Q497935	Что? Где? Когда?	P272	производящая компания	Главная редакция для детей и молодёжи	0	0	1975-01-01	1991-01-01	0	0.3910313468738234
[2001, 2006]	чеберчина	Q18173141	Чеберчино	P131	административно-территориальная единица	Дубёнский район	0	0	1928-07-16	2004-12-27	0	-0.029312488277732585
[2001, 2006]	чеберчина	Q18173141	Чеберчино	P131	административно-территориальная единица	Чеберчинское сельское поселение	0	0	2004-12-28	0	0	-0.029312488277732585
1942	чебоксары	Q4508059	Чебоксары	P571	дата основания / создания / возникновения	0	0	1940-01-01	0	0	0	3.154284129633814
1942	чебоксары	Q4508059	Чебоксары	P1619	дата официального открытия	0	0	1940-01-01	0	0	0	3.154284129633814
1959	чейс	Q376129	Чейс	P571	дата основания / создания / возникновения	0	0	1859-02-11	0	0	0	5.210579076897199
[2006, 2007]	чекмарь	Q19693453	Чекмари	P131	административно-территориальная единица	Чеглаковское сельское поселение	0	0	2006-01-01	0	0	-0.5625501535562041
1997	челибидак	Q165671	Челибидаке, Серджиу	P570	дата смерти	0	0	1996-08-14	0	0	0	3.0920672924454933
1997	челибидак	Q165671	Челибидаке, Серджиу	P570	дата смерти	0	0	1996-08-15	0	0	0	3.0920672924454933
[1930, 1934]	челль	Q1034039	Каньон Де Шейи	P571	дата основания / создания / возникновения	0	0	1931-04-01	0	0	0	-0.04899443445587244
1992	чело	Q1150775	Челах, Владислав Валерьевич	P569	дата рождения	0	0	1992-10-08	0	0	0	2.4455205742479578
[2004, 2005]	челпаново	Q18405908	Челпаново	P131	административно-территориальная единица	Атяшевский район	0	0	1928-07-16	2004-12-27	0	-0.21386914122120837
[2004, 2005]	челпаново	Q18405908	Челпаново	P131	административно-территориальная единица	Киржеманское сельское поселение	0	0	2004-12-28	0	0	-0.21386914122120837
1987	чеменземинль	Q574502	Чеменземинли, Юсиф Везир	P569	дата рождения	0	0	1887-09-12	0	0	0	2.722137985953364
1980	чеменли	Q4541631	Чеменли	P131	административно-территориальная единица	Агдамский район	0	0	1930-08-08	0	0	3.123559233784112
[1980, 1991]	чемодан	Q16716555	Чемодан	P577	дата публикации	0	0	1986-01-01	0	0	0	-0.33024609219565176
[2005, 2009]	червяк	Q15360759	Червяки	P131	административно-территориальная единица	Черновское сельское поселение	0	0	2006-01-01	0	0	-0.4021818736758854
[1974, 1975]	черевченко	Q4512643	Черевченко, Игорь Геннадьевич	P569	дата рождения	0	0	1974-08-21	0	0	0	-0.31015956648237536
[1968, 1978]	чередниченко	Q1045927	(3966) Чередниченко	P575	дата открытия	0	0	1976-09-24	0	0	0	-0.04144124004481898
[1923, 1927]	черемной	Q16018469	Черёмное	P571	дата основания / создания / возникновения	0	0	1924-01-01	0	0	0	-0.09021885010136595
[1939, 1941]	черемушки	Q4514785	Черёмушки	P571	дата основания / создания / возникновения	0	0	1940-01-01	0	0	0	-0.6369778134117884
2008	черемушки	Q12170112	Черёмушки	P131	административно-территориальная единица	Муниципальное образование «Черёмушкинское»	0	0	2006-01-01	0	0	3.075920267339638
[1984, 1988]	черепенин	Q4512883	Черепенин, Александр Евгеньевич	P569	дата рождения	0	0	1987-08-24	0	0	0	-0.2232326248728284
[2001, 2005]	черкасово	Q24728670	Черкасово	P131	административно-территориальная единица	Октябрьский сельсовет	0	0	2003-12-01	0	0	-0.22662536312431722
[1967, 1972]	черн	Q501448	Чёрн	P571	дата основания / создания / возникновения	0	0	1971-01-01	0	0	0	-0.1522762110547344
1978	чернег	Q1191748	(10005) Чернега	P575	дата открытия	0	0	1976-09-24	0	0	0	5.847472606047642
1984	черненко	Q127442	Константин Устинович Черненко	P39	занимаемая должность	генеральный секретарь ЦК КПСС	0	0	1984-02-13	1985-03-10	0	6.463183360190817
1984	черненко	Q127442	Константин Устинович Черненко	P39	занимаемая должность	председатель Президиума Верховного Совета СССР	0	0	1984-04-11	1985-03-10	0	6.463183360190817
1956	черниковск	Q4513642	Черниковск	P576	дата прекращения существования	0	0	1956-01-01	0	0	0	4.422696214968334
[1957, 1958]	чернобаевка	Q16723453	Чернобаевка	P1619	дата официального открытия	0	0	1957-01-01	0	0	0	0.35773906470534866
[1997, 2000]	черногуб	Q4513937	Черногубов, Алексей Александрович	P570	дата смерти	0	0	1999-09-14	0	0	0	-0.45968620563998125
[2002, 2006]	черноморский	Q4514060	Черноморская	P131	административно-территориальная единица	Муниципальное образование город Горячий Ключ	0	0	2005-01-01	0	0	-0.5136204511839826
[2004, 2005]	чернуха	Q18806301	Чернуха	P131	административно-территориальная единица	Кечасовский сельсовет	0	0	2004-06-15	0	0	-0.5223259356142409
[2004, 2005]	чернуха	Q18806301	Чернуха	P131	административно-территориальная единица	Краснооктябрьский район	0	0	1965-01-12	2004-06-14	0	-0.5223259356142409
[1978, 1982]	чернушевич	Q4514213	Чернушевич, Алексей Александрович	P569	дата рождения	0	0	1978-12-18	0	0	0	-0.3326878492015585
[2005, 2009]	черный	Q4518713	Чёрное	P131	административно-территориальная единица	Мойкинское сельское поселение	0	0	2005-11-11	0	0	-0.4519339713695595
[2005, 2009]	черный	Q4518541	Чёрная	P131	административно-территориальная единица	Муниципальное образование Сошневское	0	0	2006-01-01	0	0	-0.4519339713695595
1929	черный	Q19236278	Чёрные	P571	дата основания / создания / возникновения	0	0	1927-01-01	0	0	0	3.086284464521376
[2005, 2009]	черри	Q2478969	Черри	P106	род занятий	рестлер	0	0	1999-01-01	2008-11-21	0	0.8830130058590369
1932	черский	Q384623	Черский	P131	административно-территориальная единица	Нижнеколымский район	0	0	1930-01-01	0	0	4.724565129037709
1959	чертать	Q888665	Чертала	P131	административно-территориальная единица	Аллеппи	0	0	1957-08-17	0	0	2.882535949485122
1959	чертать	Q888665	Чертала	P131	административно-территориальная единица	Коттаям	0	0	1957-04-05	1957-08-17	0	2.882535949485122
1959	чертать	Q888665	Чертала	P131	административно-территориальная единица	Траванкор-Кочин	0	0	1949-07-01	1957-04-05	0	2.882535949485122
[2005, 2006]	чертково	Q4514658	Чертково	P131	административно-территориальная единица	Чертковское сельское поселение	0	0	2005-05-13	0	0	-0.5216046403051607
[1953, 1961]	черч	Q20416809	Черч	P571	дата основания / создания / возникновения	0	0	1954-01-01	0	0	0	0.3711108098178944
1923	черч	Q5116544	Черч	P1619	дата официального открытия	0	0	1922-11-05	0	0	0	2.7877673402783967
[1983, 1996]	чеснок	Q23400	чеснок	P166	полученные награды	Лекарственное растение года	0	0	0	0	1989-01-01	-0.18710506781231406
[1995, 2006]	четверка	Q1675632	Четвёрка	P577	дата публикации	0	0	1995-10-20	0	0	0	-0.12835874598845617
2000	чехоев	Q4515253	Чехоев, Анатолий Георгиевич	P569	дата рождения	0	0	1950-04-20	0	0	0	2.824105141204652
[1957, 1962]	чехословакия	Q853348	Чехословацкая Социалистическая Республика	P571	дата основания / создания / возникновения	0	0	1960-07-11	0	0	0	0.6353071018804305
1938	чехословакия	Q2010024	Вторая Чехословацкая республика	P571	дата основания / создания / возникновения	0	0	1938-01-01	0	0	0	3.113682984081012
1938	чехословакия	Q140359	Первая Чехословацкая Республика	P576	дата прекращения существования	0	0	1938-01-01	0	0	0	3.113682984081012
[1992, 1998]	чечерин	Q2024466	Юлия Дмитриевна Чичерина	P2031	начало периода активности	0	0	1997-01-01	0	0	0	-0.3104736989865105
[1977, 1979]	чечерин	Q2024466	Юлия Дмитриевна Чичерина	P569	дата рождения	0	0	1978-08-07	0	0	0	-0.758800620892273
1995	чечня	Q5187	Чечня	P571	дата основания / создания / возникновения	0	0	1993-01-09	0	0	0	2.8899456407358235
[1987, 2004]	чечня	Q210036	Чеченская Республика Ичкерия	P576	дата прекращения существования	0	0	2000-01-01	0	0	0	0.8523498000820748
[1987, 2004]	чечня	Q210036	Чеченская Республика Ичкерия	P571	дата основания / создания / возникновения	0	0	1991-01-01	0	0	0	0.8523498000820748
[2004, 2006]	чечулино	Q4515380	Чечулино	P131	административно-территориальная единица	Новгородский район	0	0	1927-08-01	2005-12-31	0	-0.5421097008714613
1945	чжочжоу	Q198244	Чжочжоу	P131	административно-территориальная единица	Китайская Республика (марионеточное правительство Ван Цзинвэя)	0	0	1940-03-30	1945-09-02	0	2.156239317229233
1978	чжочжоу	Q198244	Чжочжоу	P131	административно-территориальная единица	Хэбэй	0	0	1928-06-28	1937-12-13	0	3.534976291617729
1978	чжочжоу	Q198244	Чжочжоу	P131	административно-территориальная единица	Столичный округ	0	0	1914-10-04	1928-06-27	0	3.534976291617729
1945	чжочжоу	Q198244	Чжочжоу	P131	административно-территориальная единица	Хэбэй	0	0	1945-09-03	1948-10-31	0	2.156239317229233
[1923, 1931]	чжунго	Q854418	(3789) Чжунго	P575	дата открытия	0	0	1928-10-25	0	0	0	-0.5935923563898575
1951	чжунъян	Q197931	Чжунъян	P131	административно-территориальная единица	Шаньси	0	0	1912-02-01	1949-03-31	0	3.914048910888943
1951	чжунъян	Q197931	Чжунъян	P131	административно-территориальная единица	Люйлян	0	0	1951-03-27	1952-06-30	0	3.914048910888943
[1950, 1953]	чжунъян	Q197931	Чжунъян	P131	административно-территориальная единица	Специальный район Юйцы	0	0	1952-07-01	1957-12-31	0	1.577449622715048
1951	чжунъян	Q197931	Чжунъян	P131	административно-территориальная единица	Специальный район Фэньян	0	0	1950-01-01	1951-03-26	0	3.914048910888943
1957	чжучэн	Q198184	Чжучэн	P131	административно-территориальная единица	Специальный район Чанвэй	0	0	1956-01-01	1983-09-30	0	3.2848971525466797
1957	чжучэн	Q198184	Чжучэн	P131	административно-территориальная единица	Специальный район Цзяочжоу	0	0	1950-01-01	1955-12-31	0	3.2848971525466797
1950	чжэндин	Q197678	Чжэндин	P131	административно-территориальная единица	Специальный район Шицзячжуан	0	0	1949-08-01	1960-02-28	0	2.6967098507776806
[1995, 1998]	чжэнчжоу	Q2034869	Чжэнчжоу	P1619	дата официального открытия	0	0	1997-01-01	0	0	0	-0.7550663324852459
[1995, 1998]	чжэнчжоу	Q2034869	Чжэнчжоу	P571	дата основания / создания / возникновения	0	0	1997-01-01	0	0	0	-0.7550663324852459
[1973, 1982]	чибурданидзе	Q232720	Чибурданидзе, Майя Григорьевна	P2962	шахматный титул	женский международный мастер	0	0	1974-01-01	0	0	0.7227944574740163
1978	чибурданидзе	Q232720	Чибурданидзе, Майя Григорьевна	P2962	шахматный титул	международный мастер	0	0	1978-01-01	0	0	1.8810217166581162
[1973, 1982]	чибурданидзе	Q232720	Чибурданидзе, Майя Григорьевна	P2962	шахматный титул	мастер спорта СССР по шахматам	0	0	1974-01-01	0	0	0.7227944574740163
1978	чибурданидзе	Q232720	Чибурданидзе, Майя Григорьевна	P2962	шахматный титул	женский гроссмейстер	0	0	1977-01-01	0	0	1.8810217166581162
[1979, 1984]	чивадзе	Q74989	Чивадзе, Александр Габриэлович	P54	член спортивной команды	сборная СССР по футболу	0	0	1980-01-01	1987-01-01	0	0.06787299874819737
[2004, 2005]	чигринский	Q298140	Дмитрий Анатольевич Чигринский	P2031	начало периода активности	0	0	2004-01-01	0	0	0	-0.549102327099259
1942	чикаго	Q151343	(334) Чикаго	P575	дата открытия	0	0	1892-08-23	0	0	0	2.7529614779155005
[2002, 2006]	чикаго	Q189889	Чикаго	P577	дата публикации	0	0	2002-12-10	0	0	0	-0.2724564298135095
1943	чикаго	Q2963284	Чикаго	P1619	дата официального открытия	0	0	1943-10-17	0	0	0	3.8494487118294867
1943	чикаго	Q2963284	Чикаго	P571	дата основания / создания / возникновения	0	0	1943-10-17	0	0	0	3.8494487118294867
[2002, 2006]	чикаго	Q189889	Чикаго	P577	дата публикации	0	0	2003-02-27	0	0	0	-0.2724564298135095
[1925, 1927]	чикаго	Q5095462	Чикаго	P577	дата публикации	0	0	1926-01-01	0	0	0	-0.3749020993320824
1951	чикобава	Q1989811	Чикобава, Арнольд Степанович	P166	полученные награды	орден Ленина	0	0	0	0	1951-01-01	2.6438141171501286
[1946, 1954]	чикобава	Q1989811	Чикобава, Арнольд Степанович	P166	полученные награды	орден «Знак Почёта»	0	0	0	0	1946-01-01	1.0288739218975071
1990	чикотить	Q44496	Андрей Чикатило	P2032	окончание периода активности	0	0	1990-01-01	0	0	0	2.167311768068672
[1978, 1982]	чикотить	Q44496	Андрей Чикатило	P2031	начало периода активности	0	0	1978-01-01	0	0	0	0.15870586853417543
[1991, 1992]	чиксулуб	Q55816	Чиксулуб	P575	дата открытия	0	0	1991-01-01	0	0	0	-0.7149989782786539
1989	чилд	Q249722	(4580) Чилд	P575	дата открытия	0	0	1989-03-04	0	0	0	4.043971478352985
1975	чили	Q298	Чили	P38	денежная единица	чилийское песо	0	0	1975-09-29	0	0	2.044075967577118
[1959, 1968]	чили	Q298	Чили	P463	участник организации или клуба	Международная ассоциация развития	0	0	1960-12-30	0	0	0.046119690805382696
1991	чип	Q21821461	Чуффо, Пьетро	P569	дата рождения	0	0	1891-09-05	0	0	0	1.8144448432841753
[2004, 2008]	чирковый	Q13208101	Чирково	P131	административно-территориальная единица	Папуловское сельское поселение	0	0	2006-01-01	0	0	1.025541857307172
2005	чирковый	Q18407091	Чирково	P131	административно-территориальная единица	Хмелёвское сельское поселение	0	0	2005-05-29	0	0	2.534976384397789
[2002, 2007]	чиркун	Q1062350	Олег Анатольевич Чиркунов	P39	занимаемая должность	губернатор Пермского края	0	0	2005-12-01	2012-04-28	0	0.33166370713983834
[2006, 2007]	чирок	Q18806415	Чирки	P131	административно-территориальная единица	Ошланское сельское поселение	0	0	2006-01-01	0	0	-0.7772870748220433
1929	чирха	Q75096	Чирх, Александр	P1411	номинирован на	Нобелевская премия по химии	0	0	0	0	1928-01-01	2.0721723159470886
[1994, 1995]	численко	Q2547988	Численко, Игорь Леонидович	P570	дата смерти	0	0	1994-09-22	0	0	0	-0.35513345990266043
[2003, 2006]	число	Q1075456	Новая надежда	P577	дата публикации	0	0	2005-03-02	0	0	0	-0.5852639011883523
[2001, 2009]	чистить	Q19989035	Чисти	P131	административно-территориальная единица	Обросовское сельское поселение	0	0	2006-01-01	0	0	-0.25167718296178554
1931	чистить	Q19989035	Чисти	P131	административно-территориальная единица	Молоковский район	0	0	1929-07-12	1963-02-01	0	1.797672846533934
[2001, 2009]	чистить	Q19989035	Чисти	P131	административно-территориальная единица	Молоковский район	0	0	1966-12-30	2006-01-01	0	-0.25167718296178554
1932	чита	Q2735084	Кадала	P1619	дата официального открытия	0	0	1932-01-01	0	0	0	1.99677275972482
[1995, 1997]	чифтен	Q741609	Чифтен	P730	дата вывода из эксплуатации	0	0	1995-01-01	0	0	0	0.14075391541676366
[2007, 2009]	чичулин	Q922509	Чичулин, Антон Борисович	P54	член спортивной команды	Астана-1964	0	0	2001-01-01	2008-01-01	0	-0.1163950204765684
1938	чкалов	Q20026679	Чкалов	P571	дата основания / создания / возникновения	0	0	1936-01-01	0	0	0	2.3751109836673794
[1937, 1942]	чкаловск	Q198125	Чкаловск	P138	названо в честь	Валерий Павлович Чкалов	0	0	1937-08-01	0	0	-0.055234267329059394
[1932, 1933]	чкаловский	Q908071	Чкаловский	P1619	дата официального открытия	0	0	1932-11-10	0	0	0	-0.17978101776459976
[1994, 1999]	чкаловский	Q939190	Чкаловская	P571	дата основания / создания / возникновения	0	0	1995-12-28	0	0	0	-0.19137124553943244
[1994, 1999]	чкаловский	Q939190	Чкаловская	P1619	дата официального открытия	0	0	1995-12-28	0	0	0	-0.19137124553943244
1939	чкаловский	Q4516889	Чкаловский	P571	дата основания / создания / возникновения	0	0	1939-01-01	0	0	0	2.839960371033829
[1967, 1973]	чоб	Q859389	Чобе	P571	дата основания / создания / возникновения	0	0	1967-01-01	0	0	0	-0.12769654984319906
1952	чойбалсан	Q311488	Хорлогийн Чойбалсан	P570	дата смерти	0	0	1952-01-26	0	0	0	5.603624006445705
[1961, 1993]	чокнутый	Q943300	Чокнутые	P577	дата публикации	0	0	1987-11-20	0	0	0	0.07514535797909978
2008	чокнутый	Q4471	Чокнутый	P577	дата публикации	0	0	2006-09-26	0	0	0	4.871560091264107
1990	чокнутый	Q943300	Чокнутые	P577	дата публикации	0	0	1988-03-24	0	0	0	2.02205771341892
[1961, 1993]	чокнутый	Q943300	Чокнутые	P577	дата публикации	0	0	1987-01-01	0	0	0	0.07514535797909978
[1991, 2005]	чом	Q874008	Чом, Иштван	P2962	шахматный титул	Международный судья	0	0	1991-01-01	0	0	-0.020365674389249286
1996	чоран	Q193405	Чоран, Эмиль Мишель	P570	дата смерти	0	0	1995-06-20	0	0	0	4.3325202512584955
1940	чортков	Q148473	Чортков	P131	административно-территориальная единица	Чертковский повят	0	0	1922-01-01	1939-01-01	0	1.7042934355834032
1940	чортков	Q148473	Чортков	P131	административно-территориальная единица	Чортковский район	0	0	1939-01-01	2013-01-01	0	1.7042934355834032
1997	чосон	Q28179	Чосон	P31	это частный случай понятия	историческое государство	0	0	1897-01-01	0	0	3.1237694811248518
1997	чосон	Q28179	Чосон	P31	это частный случай понятия	суверенное государство	0	0	1392-01-01	1897-01-01	0	3.1237694811248518
1997	чосон	Q28179	Чосон	P209	высший судебный орган	British Supreme Court for China and Japan	0	0	1883-01-01	1897-01-01	0	3.1237694811248518
1961	чочар	Q128761	Чочара	P166	полученные награды	Sølvklumpen за лучший иностранный фильм	0	0	0	0	1961-01-01	1.8370059495766546
1991	чсфр	Q33946	Чехословакия	P6	глава правительства	Ладислав Адамец	0	0	1988-10-11	1989-12-07	0	1.846386883561734
1991	чсфр	Q33946	Чехословакия	P463	участник организации или клуба	Организация Варшавского договора	0	0	1955-05-14	1991-07-01	0	1.846386883561734
1992	чсфр	Q33946	Чехословакия	P47	имеет границы с	Австрия	0	0	1919-10-21	1992-12-31	0	2.129492443925321
1991	чсфр	Q33946	Чехословакия	P47	имеет границы с	ГДР	0	0	1949-10-07	1990-10-02	0	1.846386883561734
1992	чсфр	Q33946	Чехословакия	P47	имеет границы с	Европейский союз	0	0	1957-03-25	1992-12-31	0	2.129492443925321
1991	чсфр	Q33946	Чехословакия	P78	интернет-домен верхнего уровня	.cs	0	0	1990-01-01	1995-01-01	0	1.846386883561734
1992	чсфр	Q33946	Чехословакия	P47	имеет границы с	Венгрия	0	0	1918-10-28	1992-12-31	0	2.129492443925321
[1987, 1994]	чсфр	Q33946	Чехословакия	P6	глава правительства	Штроугал, Любомир	0	0	1970-01-28	1988-10-11	0	0.42312876431861596
1992	чсфр	Q33946	Чехословакия	P6	глава правительства	Страский, Ян	0	0	1992-07-02	1992-12-31	0	2.129492443925321
1991	чсфр	Q33946	Чехословакия	P35	глава государства	Густав Гусак	0	0	1975-05-29	1989-12-10	0	1.846386883561734
1992	чсфр	Q33946	Чехословакия	P1304	центральный банк	Государственный банк Чехословакии	0	0	1950-01-01	1992-01-01	0	2.129492443925321
1991	чсфр	Q33946	Чехословакия	P35	глава государства	Вацлав Гавел	0	0	1989-12-29	1992-07-20	0	1.846386883561734
1992	чсфр	Q33946	Чехословакия	P463	участник организации или клуба	Организация Объединённых Наций	0	0	1945-10-24	1992-12-31	0	2.129492443925321
1992	чсфр	Q33946	Чехословакия	P47	имеет границы с	Германия	0	0	1918-10-28	1992-12-31	0	2.129492443925321
[1987, 1994]	чсфр	Q33946	Чехословакия	P31	это частный случай понятия	историческое государство	0	0	1993-01-01	0	0	0.42312876431861596
1992	чсфр	Q33946	Чехословакия	P47	имеет границы с	Польша	0	0	1918-10-28	1992-12-31	0	2.129492443925321
1991	чсфр	Q33946	Чехословакия	P47	имеет границы с	СССР	0	0	1945-06-29	1991-12-26	0	1.846386883561734
1992	чсфр	Q33946	Чехословакия	P31	это частный случай понятия	суверенное государство	0	0	1918-10-28	1992-12-31	0	2.129492443925321
1991	чсфр	Q33946	Чехословакия	P47	имеет границы с	Украина	0	0	1991-12-27	1992-12-31	0	1.846386883561734
1991	чсфр	Q33946	Чехословакия	P463	участник организации или клуба	Совет экономической взаимопомощи	0	0	1949-01-25	1991-06-28	0	1.846386883561734
1991	чсфр	Q33946	Чехословакия	P6	глава правительства	Чалфа, Мариан	0	0	1989-12-07	1992-07-02	0	1.846386883561734
[1987, 1989]	чтица	Q425602	Чтица	P166	полученные награды	приз Луи Деллюка	0	0	0	0	1988-01-01	-0.5192900496706503
1936	чубарян	Q4517379	Чубарян, Эдуард Варданович	P569	дата рождения	0	0	1936-05-05	0	0	0	1.7307160751273647
[1971, 1976]	чуваев	Q1047205	(3429) Чуваев	P575	дата открытия	0	0	1974-09-19	0	0	0	0.20836849002182722
[1970, 1971]	чугач	Q1089333	Чугач	P571	дата основания / создания / возникновения	0	0	1970-08-06	0	0	0	-0.41335271836490584
[1936, 1940]	чудаков	Q4517602	Чудакова, Мариэтта Омаровна	P569	дата рождения	0	0	1937-01-02	0	0	0	-0.17940005296888623
[1978, 1998]	чужой	Q103569	Чужой	P1411	номинирован на	Премия «Сатурн» лучшей киноактрисе второго плана	0	0	0	0	1979-01-01	0.028629828332119377
[1978, 1998]	чужой	Q103569	Чужой	P166	полученные награды	премия Хьюго за лучшую постановку	0	0	0	0	1980-01-01	0.028629828332119377
[1978, 1998]	чужой	Q103569	Чужой	P166	полученные награды	Премия «Сатурн» за лучший научно-фантастический фильм	0	0	0	0	1979-01-01	0.028629828332119377
[1978, 1998]	чужой	Q103569	Чужой	P1411	номинирован на	премия «Оскар» за лучшие визуальные эффекты	0	0	0	0	1979-01-01	0.028629828332119377
[1978, 1998]	чужой	Q103569	Чужой	P166	полученные награды	премия «Оскар» за лучшие визуальные эффекты	0	0	0	0	1979-01-01	0.028629828332119377
[1978, 1998]	чужой	Q103569	Чужой	P1411	номинирован на	BAFTA Award for Most Promising Newcomer to Leading Film Roles	0	0	0	0	1980-01-01	0.028629828332119377
[1978, 1998]	чужой	Q103569	Чужой	P1411	номинирован на	Премия «Сатурн» за лучший научно-фантастический фильм	0	0	0	0	1979-01-01	0.028629828332119377
[1978, 1998]	чужой	Q103569	Чужой	P1411	номинирован на	премия «Золотой глобус» за лучшую музыку к фильму	0	0	0	0	1979-01-01	0.028629828332119377
[1978, 1998]	чужой	Q103569	Чужой	P1411	номинирован на	премия BAFTA за лучшую музыку к фильму	0	0	0	0	1980-01-01	0.028629828332119377
[1978, 1998]	чужой	Q104814	Чужие	P577	дата публикации	0	0	1986-07-18	0	0	0	0.028629828332119377
[1978, 1998]	чужой	Q103569	Чужой	P1411	номинирован на	премия Хьюго за лучшую постановку	0	0	0	0	1980-01-01	0.028629828332119377
[1978, 1998]	чужой	Q103569	Чужой	P1411	номинирован на	Премия BAFTA за лучший звук	0	0	0	0	1980-01-01	0.028629828332119377
[1978, 1998]	чужой	Q103569	Чужой	P1411	номинирован на	премия BAFTA за лучшую мужскую роль второго плана	0	0	0	0	1980-01-01	0.028629828332119377
[1978, 1998]	чужой	Q103569	Чужой	P166	полученные награды	Премия BAFTA за лучший звук	0	0	0	0	1980-01-01	0.028629828332119377
[1978, 1998]	чужой	Q103569	Чужой	P1411	номинирован на	премия «Оскар» за лучшую работу художника-постановщика	0	0	0	0	1979-01-01	0.028629828332119377
[1978, 1998]	чужой	Q103569	Чужой	P1411	номинирован на	премия BAFTA за лучший монтаж	0	0	0	0	1980-01-01	0.028629828332119377
[1978, 1998]	чужой	Q103569	Чужой	P166	полученные награды	Премия «Сатурн» за лучшую режиссуру	0	0	0	0	1980-01-01	0.028629828332119377
[1978, 1998]	чужой	Q103569	Чужой	P166	полученные награды	Премия «Сатурн» лучшей киноактрисе второго плана	0	0	0	0	1979-01-01	0.028629828332119377
[2004, 2008]	чукала	Q18407171	Чукалы	P131	административно-территориальная единица	Чукальское сельское поселение	0	0	2004-12-28	0	0	0.025794911525368704
[2004, 2008]	чукала	Q18407174	Чукалы	P131	административно-территориальная единица	Чукальское сельское поселение	0	0	2004-12-01	0	0	0.025794911525368704
[2004, 2008]	чукала	Q18407174	Чукалы	P131	административно-территориальная единица	Большеигнатовский район	0	0	1930-01-10	2004-11-30	0	0.025794911525368704
[2004, 2008]	чукала	Q18407171	Чукалы	P131	административно-территориальная единица	Ардатовский район	0	0	1928-07-16	2004-12-28	0	0.025794911525368704
1932	чукотка	Q7984	Чукотский автономный округ	P571	дата основания / создания / возникновения	0	0	1930-12-10	0	0	0	2.5548757302041656
[1930, 1932]	чунгур	Q4446108	Сунгур	P571	дата основания / создания / возникновения	0	0	1930-01-01	0	0	0	-0.25012416917777613
[1977, 1981]	чунцин	Q150596	(3011) Чунцин	P575	дата открытия	0	0	1978-11-26	0	0	0	-0.2627225286042461
[2004, 2008]	чуриловка	Q4518215	Чуриловка	P131	административно-территориальная единица	Муниципальное образование «Великодворское»	0	0	2004-12-06	0	0	-0.5303154985550861
[1973, 1978]	чусовитин	Q60557	Чусовитина, Оксана Александровна	P569	дата рождения	0	0	1975-06-19	0	0	0	0.46332680686700956
[1981, 1986]	чусовитин	Q60557	Чусовитина, Оксана Александровна	P2031	начало периода активности	0	0	1982-01-01	0	0	0	-0.165722947217839
[1977, 1988]	чучело	Q2530123	Чучело	P577	дата публикации	0	0	1984-01-01	0	0	0	-0.347515543061825
[2000, 2002]	чхаттисгарх	Q1168	Чхаттисгарх	P571	дата основания / создания / возникновения	0	0	2000-01-01	0	0	0	-0.318262994355775
1924	чхенкель	Q2028186	Чхенкели, Акакий Иванович	P569	дата рождения	0	0	1874-01-01	0	0	0	2.44052857438346
[1959, 1961]	чшмаритянин	Q4518475	Чшмаритян, Карен Юрьевич	P569	дата рождения	0	0	1959-09-12	0	0	0	0.3062308838398675
1953	чэнд	Q30002	Чэнду	P131	административно-территориальная единица	Специальный административный район Чуаньси	0	0	1950-01-01	1952-08-06	0	1.9799974474848463
1953	чэнд	Q30002	Чэнду	P131	административно-территориальная единица	Сычуань	0	0	1952-08-07	0	0	1.9799974474848463
[1949, 1954]	чэнд	Q30002	Чэнду	P131	административно-территориальная единица	Сычуань	0	0	1928-06-28	1949-01-01	0	1.2978802625856372
