Year or Period	Unigram	#Q	Subject	#P	Predicate	Object	Organization	Just Date	Start Time	End Time	Time Point	growth_speed
1944	лавочкин	Q511124	Семён Алексеевич Лавочкин	P410	воинское звание	генерал-майор инженерно-технической службы	0	0	1944-08-19	0	0	6.703892261096694
[1955, 1959]	лавочкин	Q511124	Семён Алексеевич Лавочкин	P463	участник организации или клуба	Академия наук СССР	0	0	1958-01-01	0	0	-0.25710034636291146
[2003, 2004]	лавр	Q1026339	Лавра	P31	это частный случай понятия	малый город Португалии	0	0	2003-08-26	0	0	0.4722493140836124
2008	лавровый	Q28525454	Лаврово	P131	административно-территориальная единица	Юсьвинское сельское поселение	0	0	2006-01-01	0	0	1.7063052482755336
[1936, 1940]	лаг	Q162632	Лога	P31	это частный случай понятия	бывший муниципалитет	0	0	1936-01-01	0	0	-0.105674619077366
[1936, 1940]	лаг	Q162632	Лога	P131	административно-территориальная единица	Зарич	0	0	1936-01-01	1993-01-01	0	-0.105674619077366
[1968, 1975]	лаг	Q527095	Лаги, Пио	P39	занимаемая должность	католический епископ	0	0	1969-06-22	0	0	0.480703781846162
[1973, 1976]	лагерквист	Q93137	Лагерквист, Пер	P570	дата смерти	0	0	1974-07-11	0	0	0	-0.6767499519619691
1940	лагерлеф	Q44519	Сельма Лагерлёф	P570	дата смерти	0	0	1940-03-16	0	0	0	3.2241841889757805
1937	лагранж	Q195032	Лагранж	P138	названо в честь	Жозеф Луи Лагранж	0	0	1935-01-01	0	0	4.303183630337487
[1967, 1970]	ладога	Q740105	(2574) Ладога	P575	дата открытия	0	0	1968-10-22	0	0	0	-0.26307896123862734
[1990, 1994]	ладомирова	Q672362	Ладомирова	P17	государство	Словакия	0	0	1993-01-01	0	0	-0.4419580740726049
[1989, 1995]	ладыженский	Q450269	Ольга Александровна Ладыженская	P166	полученные награды	премия имени С. В. Ковалевской	0	0	0	0	1992-01-01	-0.18738286534462795
[1987, 1998]	лазарь	Q310197	Лазарь Хребелянович	P119	место погребения	Монастырь Раваница	0	0	1989-01-01	0	0	0.6355610506376307
[1987, 1998]	лазарь	Q310197	Лазарь Хребелянович	P119	место погребения	Собор Святого Михаила	0	0	1942-01-01	1988-06-28	0	0.6355610506376307
[1944, 1946]	лайба	Q437	Любляна	P17	государство	СР Словения	0	0	1944-01-01	1991-06-25	0	0.5955616567618346
1932	лайка	Q732860	Лаек, Сулейман	P569	дата рождения	0	0	1930-10-12	0	0	0	1.8784819192827815
[1957, 1962]	лайка	Q53662	Лайка	P570	дата смерти	0	0	1957-11-03	0	0	0	-0.24242219406856036
[1960, 1961]	лайоло	Q312043	Лайоло, Джованни	P106	род занятий	католический священник	0	0	1960-04-29	0	0	-0.5344604712964073
[2003, 2007]	лайоло	Q312043	Лайоло, Джованни	P39	занимаемая должность	Q72168896	0	0	2003-10-06	2006-09-15	0	-0.25138698146962063
1950	лайся	Q1198038	Лайси	P131	административно-территориальная единица	Специальный район Лайян	0	0	1950-01-01	1957-12-31	0	4.596419440731736
[1956, 1973]	лайтфут	Q1865086	Лайтфут	P569	дата рождения	0	0	1969-03-01	0	0	0	-0.053419255529869786
[1989, 1990]	лайтфут	Q1865086	Лайтфут	P2031	начало периода активности	0	0	1989-01-01	0	0	0	-0.4028388396789224
[1988, 1992]	лайф	Q171972	Лайф	P585	момент времени	0	0	1990-01-01	0	0	0	-0.3241896484353598
[1997, 1999]	лакснесс	Q80321	Халлдор Кильян Лакснесс	P570	дата смерти	0	0	1998-02-08	0	0	0	-0.008595221638149778
[1985, 1986]	лаллеман	Q1280510	Лаллеман	P138	названо в честь	Лальман, Андре	0	0	1985-01-01	0	0	-0.40425936231193305
[1956, 1966]	лами	Q6482757	Лами	P577	дата публикации	0	0	1960-01-01	0	0	0	0.26201932789683385
[1931, 1944]	ламонт	Q1801634	Ламонт	P138	названо в честь	Ламонт, Иоганн	0	0	1935-01-01	0	0	0.5331214949241235
1985	ланая	Q187063	Ланаи	P127	владельцем является	David H. Murdock	0	0	1985-01-01	2012-06-01	0	1.8642832396223432
1946	ландшафт	Q22953628	Ландшафт	P571	дата основания / создания / возникновения	0	0	1945-01-01	0	0	0	2.5380240380606107
[1978, 1980]	ланцев	Q4254064	Ланцев, Михаил Васильевич	P569	дата рождения	0	0	1978-04-07	0	0	0	-0.4704095974562898
[1948, 1951]	лаос	Q819	Лаос	P571	дата основания / создания / возникновения	0	0	1949-01-01	0	0	0	-0.44922466843811965
1979	лапенис	Q4254154	Лапенис, Донатас	P2962	шахматный титул	гроссмейстер ИКЧФ	0	0	1979-01-01	0	0	4.099995259256232
[1956, 1961]	лапорт	Q1101615	Лапорте, Хуан	P569	дата рождения	0	0	1959-11-24	0	0	0	-0.20921694555520007
[2005, 2006]	ларина	Q15267684	Ларина	P131	административно-территориальная единица	Краснополянское сельское поселение	0	0	2005-01-01	0	0	-0.34167680982659965
[2005, 2006]	ларинский	Q19848120	Ларинская	P131	административно-территориальная единица	Муниципальное образование «Посёлок Красное Эхо»	0	0	2005-05-25	0	0	-0.7411342638073037
[1990, 1997]	ласка	Q379307	(7441) Ласка	P575	дата открытия	0	0	1995-07-30	0	0	0	-0.015785004122527153
1925	лассаль	Q75784	Лассаль, Фердинанд	P569	дата рождения	0	0	1825-04-11	0	0	0	5.057725343123952
1940	латвия	Q211	Латвия	P47	имеет границы с	Польша	0	0	1918-01-01	1939-01-01	0	2.2198933509137295
[1993, 1994]	латвия	Q211	Латвия	P38	денежная единица	латвийский рубль	0	0	1992-05-07	1993-03-05	0	-0.8797313162140871
[1993, 1994]	латвия	Q211	Латвия	P463	участник организации или клуба	Международная финансовая корпорация	0	0	1993-09-29	0	0	-0.8797313162140871
1940	латвия	Q211	Латвия	P47	имеет границы с	СССР	0	0	1922-01-01	1940-01-01	0	2.2198933509137295
[1993, 1994]	латвия	Q211	Латвия	P530	дипломатические отношения	Грузия	0	0	1993-03-11	0	0	-0.8797313162140871
1985	латвсср	Q192180	Латвийская Советская Социалистическая Республика	P6	глава правительства	Рубикс, Альфред Петрович	0	0	1984-01-01	1990-01-01	0	2.1941492119421473
2002	латимер	Q848649	Латимер	P571	дата основания / создания / возникновения	0	0	1902-01-01	0	0	0	2.119517562665524
2003	латковский	Q4254987	Латковский, Сильвестр	P2031	начало периода активности	0	0	2001-01-01	0	0	0	4.221050377428016
[1988, 1992]	лаутенберг	Q508752	Лаутенберг, Фрэнк	P39	занимаемая должность	Сенатор США	0	0	1991-01-03	1993-01-03	0	-0.5565282597364478
1997	лаутенберг	Q508752	Лаутенберг, Фрэнк	P39	занимаемая должность	Сенатор США	0	0	1997-01-03	1999-01-03	0	1.6697184920513428
1997	лаутенберг	Q508752	Лаутенберг, Фрэнк	P39	занимаемая должность	Сенатор США	0	0	1995-01-04	1997-01-03	0	1.6697184920513428
1997	лаутенберг	Q508752	Лаутенберг, Фрэнк	P39	занимаемая должность	Сенатор США	0	0	1993-01-03	1995-01-03	0	1.6697184920513428
1998	лахова	Q4255359	Екатерина Лахова	P569	дата рождения	0	0	1948-05-26	0	0	0	2.559508805025609
[2001, 2007]	лацио	Q2609	Лацио	P286	тренер	Манчини, Роберто	0	0	2002-07-01	2004-06-30	0	0.09329681163038088
[2001, 2007]	лацио	Q2609	Лацио	P488	руководитель	Клаудио Лотито	0	0	2004-07-19	0	0	0.09329681163038088
[1981, 1986]	лацио	Q2609	Лацио	P286	тренер	Симони, Луиджи	0	0	1985-07-01	1986-06-30	0	-0.13171609136873996
[1981, 1986]	лацио	Q2609	Лацио	P286	тренер	Кастаньер, Иларио	0	0	1980-07-01	1982-01-25	0	-0.13171609136873996
[1994, 1997]	лацио	Q2609	Лацио	P286	тренер	Земан, Зденек	0	0	1994-07-01	1997-01-27	0	-0.4587217532097687
1950	лашелье	Q2303850	Лашелье, Жюль	P166	полученные награды	Конкур женераль	0	0	0	0	1850-01-01	3.8776905813095635
1993	лдпсс	Q4251592	Либерально-демократическая партия Советского Союза	P576	дата прекращения существования	0	0	1992-08-10	0	0	0	2.6878958727004183
[1993, 1997]	лебедин	Q476688	Лебедин	P131	административно-территориальная единица	Сумская область	0	0	1993-11-26	0	0	0.1717938910427601
[1993, 1997]	лебедин	Q476688	Лебедин	P31	это частный случай понятия	город областного значения Украины	0	0	1993-11-26	0	0	0.1717938910427601
[1993, 1997]	лебедин	Q476688	Лебедин	P131	административно-территориальная единица	Лебединский район	0	0	1923-03-07	1993-11-26	0	0.1717938910427601
1929	лебедянь	Q157447	Лебедянь	P131	административно-территориальная единица	Липецкий уезд	0	0	1924-01-01	1928-01-01	0	4.169197991211416
1929	лебедянь	Q157447	Лебедянь	P131	административно-территориальная единица	Лебедянский район	0	0	1928-01-01	0	0	4.169197991211416
2005	левашово	Q4256282	Левашово	P131	административно-территориальная единица	Львовское сельское поселение	0	0	2004-12-02	0	0	2.065684501007582
1932	леверкузен	Q2938	Леверкузен	P571	дата основания / создания / возникновения	0	0	1930-01-01	0	0	0	2.1604920166668506
[1932, 1938]	леви	Q1867905	Леви	P138	названо в честь	Леви, Морис	0	0	1935-01-01	0	0	0.15665453259494555
[1926, 1931]	левик	Q4256427	Левиков, Александр Ильич	P569	дата рождения	0	0	1926-11-27	0	0	0	-0.6128397226416614
[2003, 2005]	левин	Q21851950	Левино	P131	административно-территориальная единица	Сельское поселение «Село Никитское»	0	0	2004-11-01	0	0	-0.4345856106805222
1928	левин	Q21851950	Левино	P131	административно-территориальная единица	Мятлевский уезд	0	0	1927-10-10	1929-09-30	0	4.123489778189245
1930	левин	Q21851950	Левино	P131	административно-территориальная единица	Медынский район	0	0	1929-10-01	2004-10-31	0	2.991183100765391
[1987, 2000]	левинас	Q153034	Левинас, Эммануэль	P463	участник организации или клуба	Европейская академия	0	0	1991-01-01	0	0	0.06995839526933025
1928	левиха	Q608442	Лёвиха	P571	дата основания / создания / возникновения	0	0	1927-01-01	0	0	0	1.758181835648575
[1986, 1992]	легкоступов	Q4256992	Валентина Валерьевна Легкоступова	P69	учебное заведение	Российская академия музыки имени Гнесиных	0	0	1985-01-01	1990-01-01	0	-0.23481768931036306
1976	легниц	Q106274	Легница	P131	административно-территориальная единица	Легницкое воеводство	0	0	1975-06-01	1999-01-01	0	1.7667722533962948
1976	легниц	Q106274	Легница	P131	административно-территориальная единица	Вроцлавское воеводство	0	0	1946-01-01	1975-06-01	0	1.7667722533962948
[1979, 1997]	леденящий	Q60364	Леденящий	P577	дата публикации	0	0	1985-01-01	0	0	0	-0.09006190675509707
[1980, 1982]	леди	Q1800071	Леди	P577	дата публикации	0	0	1980-09-29	0	0	0	-0.11097973213193146
[1999, 2008]	леди	Q3825450	Леди	P577	дата публикации	0	0	2004-11-23	0	0	0	-0.04357798316719408
[1963, 1964]	ледмозеро	Q4257113	Ледмозеро	P571	дата основания / создания / возникновения	0	0	1963-01-01	0	0	0	-0.7252848363523946
2000	ледовский	Q4257173	Ледовских, Константин Вячеславович	P54	член спортивной команды	Жемчужина-Сочи	0	0	1999-01-01	2000-01-01	0	3.0604178338264103
[2006, 2007]	ледовский	Q4257173	Ледовских, Константин Вячеславович	P54	член спортивной команды	Океан	0	0	2006-01-01	2006-01-01	0	0.5769437539237747
[1993, 1995]	ледовский	Q4257173	Ледовских, Константин Вячеславович	P54	член спортивной команды	Урал	0	0	1993-01-01	1994-01-01	0	-0.07139978506638366
2000	ледовский	Q4257173	Ледовских, Константин Вячеславович	P54	член спортивной команды	Арсенал	0	0	1997-01-01	1998-01-01	0	3.0604178338264103
2000	ледовский	Q4257173	Ледовских, Константин Вячеславович	P54	член спортивной команды	сборная Казахстана по футболу	0	0	2000-01-01	2000-01-01	0	3.0604178338264103
[1993, 1995]	ледовский	Q4257173	Ледовских, Константин Вячеславович	P54	член спортивной команды	Днепр	0	0	1994-01-01	1995-01-01	0	-0.07139978506638366
[2004, 2008]	ледюк	Q1873422	Ледюк, Люсьен	P570	дата смерти	0	0	2004-07-17	0	0	0	-0.6168856732380898
1972	лейбенстайн	Q1345552	Лейбенстайн, Харви	P569	дата рождения	0	0	1922-08-11	0	0	0	2.3862294840331617
[2003, 2009]	лейв	Q220593	Лейва, Лукас	P54	член спортивной команды	Гремио	0	0	2005-01-01	2007-01-01	0	-0.2909882593291005
[2003, 2009]	лейв	Q220593	Лейва, Лукас	P54	член спортивной команды	молодёжная сборная Бразилии по футболу	0	0	2007-01-01	2007-01-01	0	-0.2909882593291005
[2003, 2009]	лейв	Q220593	Лейва, Лукас	P54	член спортивной команды	молодёжная сборная Бразилии по футболу	0	0	2006-01-01	2007-01-01	0	-0.2909882593291005
[2003, 2009]	лейв	Q220593	Лейва, Лукас	P54	член спортивной команды	олимпийская сборная Бразилии по футболу	0	0	2008-01-01	2008-01-01	0	-0.2909882593291005
[2003, 2009]	лейв	Q220593	Лейва, Лукас	P54	член спортивной команды	Ливерпуль	0	0	2007-01-01	2017-07-01	0	-0.2909882593291005
[2003, 2009]	лейв	Q220593	Лейва, Лукас	P54	член спортивной команды	сборная Бразилии по футболу	0	0	2007-01-01	2013-01-01	0	-0.2909882593291005
[1994, 1999]	лейпциг	Q20242	Лейпциг	P571	дата основания / создания / возникновения	0	0	1994-08-01	0	0	0	-0.13165513213009786
1966	лейрия	Q211401	Униан Лейрия	P571	дата основания / создания / возникновения	0	0	1966-01-01	0	0	0	3.7616551307689967
[1971, 1975]	лек	Q1358220	ЛеКи	P118	выступает в лиге	Jääkiekon III-divisioona	0	0	1974-01-01	0	0	-0.4106581012890844
[2007, 2009]	лек	Q1358220	ЛеКи	P118	выступает в лиге	Местис	0	0	2007-01-01	2019-01-01	0	-0.44559060626770636
[2007, 2009]	лек	Q1358220	ЛеКи	P118	выступает в лиге	Suomi-sarja	0	0	2005-01-01	2007-01-01	0	-0.44559060626770636
[1992, 1994]	лемиш	Q4015881	Лемиш, Владислав Юрьевич	P54	член спортивной команды	Паламос	0	0	1992-01-01	1993-01-01	0	0.11443604713575972
[1992, 1994]	лемиш	Q4015881	Лемиш, Владислав Юрьевич	P54	член спортивной команды	сборная России по футболу	0	0	1992-01-01	1992-01-01	0	0.11443604713575972
[1992, 1994]	лемиш	Q4015881	Лемиш, Владислав Юрьевич	P54	член спортивной команды	Торпедо	0	0	1992-01-01	1992-01-01	0	0.11443604713575972
1937	ленгник	Q4258002	Ленгник, Фридрих Вильгельмович	P570	дата смерти	0	0	1936-11-29	0	0	0	3.1025806218670855
[1935, 1941]	ленинабад	Q373808	Худжанд	P138	названо в честь	Владимир Ильич Ленин	0	0	1936-01-01	1991-01-01	0	0.036147830839528806
1924	ленинград	Q27899309	Ленинград	P580	дата начала	0	0	1924-01-26	0	0	0	3.1572148378717415
1970	ленинский	Q4258294	Ленинский	P571	дата основания / создания / возникновения	0	0	1920-01-01	0	0	0	4.717920758226268
[1923, 1934]	ленинский	Q4258311	Ленинский	P131	административно-территориальная единица	Минераловодский район	0	0	1929-01-01	0	0	0.13387142529472126
[2004, 2009]	ленинский	Q4258289	Ленинский	P131	административно-территориальная единица	Орменское сельское поселение	0	0	2005-01-01	0	0	-0.8998431307556601
[1957, 1965]	ленинский	Q4258428	Ленинское	P571	дата основания / создания / возникновения	0	0	1957-01-01	0	0	0	0.36732684161183227
[1923, 1934]	ленинский	Q7242687	Зелёный Клин	P571	дата основания / создания / возникновения	0	0	1924-01-01	0	0	0	0.13387142529472126
[1923, 1934]	ленинский	Q4258425	Грушевка	P131	административно-территориальная единица	Апостоловский район	0	0	1923-03-07	0	0	0.13387142529472126
[2004, 2009]	ленинский	Q3830184	Ленинское	P131	административно-территориальная единица	Ленинское городское поселение	0	0	2006-01-01	0	0	-0.8998431307556601
[2004, 2009]	ленинский	Q3830184	Ленинское	P131	административно-территориальная единица	Шабалинский район	0	0	1929-07-15	2006-01-01	0	-0.8998431307556601
[1958, 1963]	ленни	Q498727	Ленни	P571	дата основания / создания / возникновения	0	0	1958-01-01	0	0	0	0.30075804388217103
[1958, 1963]	ленни	Q498727	Ленни	P577	дата публикации	0	0	1958-01-01	0	0	0	0.30075804388217103
1949	леннук	Q2061875	Автроил	P730	дата вывода из эксплуатации	0	0	1947-11-01	0	0	0	3.477820751750374
[1980, 1990]	лентяй	Q6343388	Лентяй	P577	дата публикации	0	0	1982-01-01	0	0	0	-0.31119760233485605
1964	ленхарт	Q78942	Ленхарт, Юлиус	P570	дата смерти	0	0	1962-11-10	0	0	0	1.75184878169606
[1994, 1995]	леон	Q484675	Леон	P577	дата публикации	0	0	1994-01-01	0	0	0	0.05395732419536778
1969	леонов	Q155050	(5154) Леонов	P575	дата открытия	0	0	1969-10-08	0	0	0	2.1034608046530896
[1983, 1998]	леонтий	Q152166	(3793) Леонтий	P575	дата открытия	0	0	1985-10-11	0	0	0	-0.13265138531370863
[1969, 1974]	леонченко	Q4259072	Леонченко, Владимир Валерьевич	P569	дата рождения	0	0	1972-04-11	0	0	0	-0.06331692902178558
1929	лепсинск	Q279568	Лепси	P1376	является столицей	Лепсинский уезд	0	0	1893-01-01	1928-01-17	0	2.642575907045297
1931	лепсинск	Q279568	Лепси	P1376	является столицей	Лепсинский район	0	0	1930-12-17	1935-01-31	0	2.434451962247317
[1963, 1964]	лепсинск	Q279568	Лепси	P131	административно-территориальная единица	Уйгентасский район	0	0	1935-02-01	1963-01-01	0	-0.48685519622395906
[1997, 1998]	лепсинск	Q279568	Лепси	P131	административно-территориальная единица	Уйгентасский район	0	0	1964-12-31	1997-05-23	0	-0.6283093977696548
1929	лепсинск	Q279568	Лепси	P131	административно-территориальная единица	Уйгентасский район	0	0	1928-01-17	1930-12-16	0	2.642575907045297
[1997, 1998]	лепсинск	Q279568	Лепси	P131	административно-территориальная единица	Алакольский район	0	0	1997-05-24	0	0	-0.6283093977696548
1929	лепсинск	Q279568	Лепси	P131	административно-территориальная единица	Лепсинский уезд	0	0	1867-04-26	1928-01-16	0	2.642575907045297
1931	лепсинск	Q279568	Лепси	P131	административно-территориальная единица	Лепсинский район	0	0	1930-12-17	1935-01-31	0	2.434451962247317
[1963, 1964]	лепсинск	Q279568	Лепси	P131	административно-территориальная единица	Алакольский район	0	0	1963-01-02	1964-12-30	0	-0.48685519622395906
2004	лесбиянка	Q6530235	Лесбиянка	P571	дата основания / создания / возникновения	0	0	2004-01-01	0	0	0	1.7076130960105154
2007	леска	Q20003895	Лески	P131	административно-территориальная единица	Гусевское сельское поселение	0	0	2005-01-01	0	0	2.2033265785569567
1925	лесовод	Q731742	Лесоводы	P131	административно-территориальная единица	Городокский район	0	0	1923-01-01	0	0	1.658851808942253
1925	лесовод	Q731742	Лесоводы	P131	административно-территориальная единица	Каменец-Подольский уезд	0	0	1793-01-01	1923-01-01	0	1.658851808942253
1945	лесогорский	Q4892	Лесогорский	P131	административно-территориальная единица	Лесогорский район	0	0	1944-09-19	1960-12-08	0	2.1366633394740457
1943	лесогорский	Q4892	Лесогорский	P131	административно-территориальная единица	Лесогорский район	0	0	1940-03-12	1941-06-24	0	5.209921315980142
[2005, 2008]	лесогорский	Q4892	Лесогорский	P131	административно-территориальная единица	Лесогорское городское поселение	0	0	2006-01-01	2009-12-31	0	-0.3825415500037903
[2005, 2008]	лесогорский	Q4892	Лесогорский	P131	административно-территориальная единица	Выборгский район	0	0	1960-12-09	2005-12-31	0	-0.3825415500037903
1943	лесогорский	Q4892	Лесогорский	P131	административно-территориальная единица	Яскисский уезд	0	0	1941-06-25	1944-09-18	0	5.209921315980142
[2005, 2008]	лесогорский	Q4259882	Лесогорская	P131	административно-территориальная единица	Тверское сельское поселение	0	0	2005-01-01	0	0	-0.3825415500037903
1945	лесогорский	Q4892	Лесогорский	P17	государство	СССР	0	0	1944-09-19	1991-12-25	0	2.1366633394740457
1943	лесогорский	Q4892	Лесогорский	P17	государство	Финляндия	0	0	1941-06-25	1944-09-18	0	5.209921315980142
1943	лесогорский	Q4892	Лесогорский	P17	государство	СССР	0	0	1940-03-12	1941-06-24	0	5.209921315980142
1990	лесоповал	Q4259929	Лесоповал (группа)	P2031	начало периода активности	0	0	1990-01-01	0	0	0	2.936126682493345
1990	лесоповал	Q4259929	Лесоповал (группа)	P571	дата основания / создания / возникновения	0	0	1990-01-01	0	0	0	2.936126682493345
[1975, 1983]	лесосибирск	Q157566	Лесосибирск	P571	дата основания / создания / возникновения	0	0	1975-01-01	0	0	0	-0.057948594580753264
1959	лесун	Q19674980	Лесун	P571	дата основания / создания / возникновения	0	0	1909-01-01	0	0	0	2.9800151023203885
[1923, 1924]	летичев	Q2431181	Летичев	P131	административно-территориальная единица	Летичевский район	0	0	1923-03-07	0	0	0.30176173953919005
1926	летка	Q18401000	Летки	P131	административно-территориальная единица	Рузаевский уезд	0	0	1925-01-01	1928-07-17	0	3.7661643483201335
1928	летка	Q18401000	Летки	P131	административно-территориальная единица	Старошайговский район	0	0	1928-07-16	2004-12-27	0	1.9462734420886934
[1986, 1988]	лефебюр	Q448719	Лефебюр, Ивонн	P570	дата смерти	0	0	1986-01-23	0	0	0	-0.30321722933233985
1994	лефковица	Q80910	Лефковиц, Роберт	P166	полученные награды	Bristol-Myers Squibb Award for Distinguished Achievement in Cardiovascular Research	0	0	0	0	1992-01-01	1.8190159618658859
[1988, 1990]	лефковица	Q80910	Лефковиц, Роберт	P166	полученные награды	международная премия Гайрднера	0	0	0	0	1988-01-01	-0.3231540756654188
[1961, 1970]	лефшец	Q371942	Лефшец, Соломон	P166	полученные награды	Национальная научная медаль США	0	0	0	0	1964-01-01	0.09307608312742968
[1939, 1946]	леша	Q67210	Август Лёш	P570	дата смерти	0	0	1945-05-30	0	0	0	0.5395477368696561
[1969, 1979]	лешкевич	Q4112948	Влади	P569	дата рождения	0	0	1978-12-17	0	0	0	-0.4435891538313937
1950	леясциемс	Q2041303	Леясциемс	P131	административно-территориальная единица	Леясциемская волость	0	0	1949-01-01	0	0	2.2840836346388915
1942	лжец	Q928354	Лжец!	P571	дата основания / создания / возникновения	0	0	1941-01-01	0	0	0	3.207529165304247
1942	лжец	Q928354	Лжец!	P577	дата публикации	0	0	1941-05-01	0	0	0	3.207529165304247
[1979, 1984]	лиана	Q1961839	Лиана	P577	дата публикации	0	0	1983-01-01	0	0	0	-0.3634102889813218
[1987, 1994]	либава	Q167668	Лиепая	P131	административно-территориальная единица	Латвия	0	0	1991-08-21	0	0	-0.059298065727563964
[1940, 1942]	либава	Q167668	Лиепая	P17	государство	СССР	0	0	1940-08-05	1941-07-17	0	0.052936501455410366
[1940, 1942]	либава	Q167668	Лиепая	P17	государство	Латвия	0	0	1918-11-18	1940-08-05	0	0.052936501455410366
[1987, 1994]	либава	Q167668	Лиепая	P17	государство	СССР	0	0	1945-05-09	1990-05-04	0	-0.059298065727563964
[1940, 1942]	либава	Q167668	Лиепая	P17	государство	Рейхскомиссариат Остланд	0	0	1941-07-17	1945-05-09	0	0.052936501455410366
[1987, 1994]	либава	Q167668	Лиепая	P17	государство	Латвия	0	0	1990-05-04	0	0	-0.059298065727563964
[1952, 1961]	либединский	Q472783	Либединский, Юрий Николаевич	P570	дата смерти	0	0	1959-11-24	0	0	0	-0.3502894640398362
1963	либерия	Q1014	Либерия	P463	участник организации или клуба	Международный банк реконструкции и развития	0	0	1962-03-28	0	0	4.078335873044194
[1923, 1929]	либерия	Q1014	Либерия	P463	участник организации или клуба	Международный союз электросвязи	0	0	1927-10-10	0	0	-0.4511141662626113
1963	либерия	Q1014	Либерия	P463	участник организации или клуба	Международная финансовая корпорация	0	0	1962-03-28	0	0	4.078335873044194
[1943, 1944]	либерия	Q1014	Либерия	P38	денежная единица	западноафриканский фунт	0	0	1907-01-01	1943-01-01	0	-0.21708713202768207
1963	либерия	Q1014	Либерия	P463	участник организации или клуба	Международная ассоциация развития	0	0	1962-03-28	0	0	4.078335873044194
1943	либерт	Q1725892	Либерте	P571	дата основания / создания / возникновения	0	0	1942-01-01	0	0	0	2.10783987486908
1943	либерт	Q1725892	Либерте	P1619	дата официального открытия	0	0	1942-10-05	0	0	0	2.10783987486908
[2004, 2005]	либерти	Q19886200	Либерти	P571	дата основания / создания / возникновения	0	0	2004-01-01	0	0	0	-0.29172384292905434
[2000, 2007]	либескинд	Q154538	Либескинд, Даниэль	P166	полученные награды	медаль Гёте	0	0	0	0	2000-01-01	0.19923696668500857
[2000, 2007]	либескинд	Q154538	Либескинд, Даниэль	P166	полученные награды	медаль Лео Бека	0	0	0	0	2003-01-01	0.19923696668500857
[1943, 1948]	ливан	Q822	Ливан	P571	дата основания / создания / возникновения	0	0	1943-11-22	0	0	0	-0.034309467859396266
[1925, 1929]	ливенка	Q4260970	Ливенка	P131	административно-территориальная единица	Воронежская губерния	0	0	1923-01-04	1928-07-29	0	0.9576171746920347
[1925, 1929]	ливенка	Q4260970	Ливенка	P131	административно-территориальная единица	Никитовский район	0	0	1928-07-30	1963-01-31	0	0.9576171746920347
[2002, 2007]	ливерпуль	Q1130849	Ливерпуль	P1411	номинирован на	Laureus World Sports Award — Команда года	0	0	0	0	2006-01-01	-0.2775245835097529
[1973, 1974]	лиекс	Q608752	Лиекса	P571	дата основания / создания / возникновения	0	0	1973-01-01	0	0	0	-0.6396900856879658
[1975, 1984]	лизоркина	Q2660446	Лизоркина, Марина Сергеевна	P569	дата рождения	0	0	1983-06-09	0	0	0	-0.2279539226759187
[1952, 1961]	лизунов	Q4261450	Лизунов, Павел Владимирович	P569	дата рождения	0	0	1960-10-08	0	0	0	-0.11652145842372139
2007	лика	Q6543562	Лика	P54	член спортивной команды	Академика	0	0	2007-01-01	2011-01-01	0	4.743880423586234
2007	лика	Q6543562	Лика	P54	член спортивной команды	G.D. Tourizense	0	0	2007-01-01	2008-01-01	0	4.743880423586234
[1923, 1926]	лиманский	Q2652121	Лиманское	P1376	является столицей	Зельцский район	0	0	1924-10-04	1939-03-26	0	-0.3263986693399125
[1954, 1958]	лимбек	Q6305941	Лимбек, Жюль	P570	дата смерти	0	0	1955-01-01	0	0	0	-0.1711173293411959
1939	лимбург	Q376009	Лимбург	P571	дата основания / создания / возникновения	0	0	1839-01-01	0	0	0	3.238711814727004
1939	лимбург	Q1569278	Лимбург	P576	дата прекращения существования	0	0	1839-01-01	0	0	0	3.238711814727004
[2001, 2007]	лимонов	Q15379591	Лимоновы	P131	административно-территориальная единица	Просницкое сельское поселение	0	0	2006-01-01	0	0	-0.04526728090359718
[1972, 1973]	лимузен	Q1190	Лимузен	P580	дата начала	0	0	1972-07-09	0	0	0	-0.4383929533266363
1957	лимузен	Q1190	Лимузен	P571	дата основания / создания / возникновения	0	0	1956-01-01	0	0	0	2.4093534407373154
[1994, 1995]	линда	Q469929	Линда	P136	жанр	трип-хоп	0	0	0	0	1994-01-01	0.280820432194264
1932	линдбек	Q739274	Линдбек, Ассар	P569	дата рождения	0	0	1930-01-26	0	0	0	2.7530121540902948
[1962, 1963]	линев	Q4262363	Линёв, Андрей Николаевич	P569	дата рождения	0	0	1962-06-20	0	0	0	-0.4251033682802925
[1972, 1977]	линево	Q1826775	Линёво	P571	дата основания / создания / возникновения	0	0	1974-01-01	0	0	0	-0.6213943799400087
[1982, 1986]	линкол	Q734434	Линкола, Каарло Пентти	P166	полученные награды	премия Эйно Лейно	0	0	0	0	1983-01-01	-0.37099344104675014
[1982, 1988]	линкольн	Q583652	(3153) Линкольн	P575	дата открытия	0	0	1984-09-28	0	0	0	-0.32583480965839423
[1968, 1972]	линь	Q1201045	Линью	P131	административно-территориальная единица	Баоцзи	0	0	1971-02-01	1979-02-28	0	0.06766334669775217
1950	линь	Q1201045	Линью	P131	административно-территориальная единица	Специальный район Баоцзи	0	0	1950-01-01	1956-09-30	0	1.9035288670506294
[1968, 1972]	линь	Q1201045	Линью	P131	административно-территориальная единица	Специальный район Баоцзи	0	0	1961-09-01	1971-01-31	0	0.06766334669775217
1950	линь	Q1201045	Линью	P131	административно-территориальная единица	Шэньси	0	0	1912-02-01	1949-12-31	0	1.9035288670506294
[1933, 1935]	линьси	Q1342502	Линьси	P131	административно-территориальная единица	Жэхэ	0	0	1928-06-28	1933-03-05	0	0.008925470255461346
[1933, 1935]	линьси	Q1342502	Линьси	P131	административно-территориальная единица	Объединённая Синъань	0	0	1933-03-06	1945-08-10	0	0.008925470255461346
[1958, 1959]	линьчэн	Q1343351	Линьчэн	P131	административно-территориальная единица	Специальный район Синтай	0	0	1949-08-01	1958-04-30	0	-0.44352839738126837
[1958, 1959]	линьчэн	Q1343351	Линьчэн	P131	административно-территориальная единица	Специальный район Ханьдань	0	0	1958-05-01	1961-04-30	0	-0.44352839738126837
1938	линьчэн	Q1343351	Линьчэн	P131	административно-территориальная единица	Временное правительство Китайской Республики	0	0	1937-12-14	1940-03-29	0	4.179628808009715
1938	линьчэн	Q1343351	Линьчэн	P131	административно-территориальная единица	Хэбэй	0	0	1928-06-28	1937-12-13	0	4.179628808009715
1959	лион	Q456	Лион	P6	глава правительства	Прадель, Луи	0	0	1957-04-14	1976-11-27	0	1.6802574307831941
1959	лион	Q456	Лион	P6	глава правительства	Эдуар Эррио	0	0	1945-05-18	1957-03-26	0	1.6802574307831941
1934	липецк	Q3490	Липецк	P131	административно-территориальная единица	Воронежская область	0	0	1934-07-13	1954-01-06	0	3.329708660662934
1934	липецк	Q3490	Липецк	P131	административно-территориальная единица	Центрально-Чернозёмная область	0	0	1930-08-20	1934-07-12	0	3.329708660662934
[1930, 1935]	липецк	Q3490	Липецк	P131	административно-территориальная единица	Липецкий район	0	0	1928-07-30	1930-08-19	0	0.6440008165868917
[1936, 1940]	липный	Q324922	Липно	P17	государство	Третий рейх	0	0	1939-09-01	1945-05-08	0	0.3905012941546181
[1936, 1940]	липный	Q324922	Липно	P17	государство	Польша	0	0	1918-11-11	1939-08-31	0	0.3905012941546181
[2004, 2009]	липовый	Q15613403	Липовая	P131	административно-территориальная единица	Советское сельское поселение	0	0	2005-01-01	0	0	-0.11374813056627002
1947	липп	Q107380	Липпе-Детмольд	P576	дата прекращения существования	0	0	1946-01-01	0	0	0	1.7915019061445463
[2006, 2007]	липсет	Q352959	Липсет, Сеймур Мартин	P570	дата смерти	0	0	2006-12-31	0	0	0	0.2154562253784789
[1926, 1929]	липяга	Q18787730	Липяги	P131	административно-территориальная единица	Колышлейский район	0	0	1928-07-16	2010-10-31	0	-0.3134775572460683
[1996, 2001]	лира	Q948566	Лир	P577	дата публикации	0	0	2000-01-01	0	0	0	-0.21600385090742527
[1996, 2001]	лирика	Q5477291	Лирика	P1619	дата официального открытия	0	0	1998-01-18	0	0	0	0.09645333873589394
[1973, 1974]	лисберн	Q1828035	Лисберн	P131	административно-территориальная единица	Лисберн	0	0	1973-01-01	2015-01-01	0	-0.5563103670761154
[1994, 1996]	лисео	Q1130050	Гран Театро дель Лисео	P793	ключевое событие	разрушение	0	0	0	0	1994-01-31	-0.04523457097245637
1942	лисичка	Q565643	Лисички	P577	дата публикации	0	0	1941-01-01	0	0	0	5.040408247500051
[2003, 2005]	лисовый	Q4263260	Лисово	P131	административно-территориальная единица	Волоедовское сельское поселение	0	0	2004-12-02	0	0	-0.3503451866938508
[1932, 1933]	лиственный	Q4263388	Лиственное	P17	государство	СССР	0	0	1932-01-01	1991-01-01	0	0.15094730702834383
[1993, 2001]	листопад	Q428232	Листопад	P571	дата основания / создания / возникновения	0	0	1994-01-01	0	0	0	-0.17242358558475734
[1923, 1924]	литин	Q2473421	Литин	P131	административно-территориальная единица	Литинский уезд	0	0	1796-01-01	1923-01-31	0	-0.33869266584904933
[1923, 1924]	литин	Q2473421	Литин	P131	административно-территориальная единица	Литинский район	0	0	1923-01-31	0	0	-0.33869266584904933
1960	литлвуд	Q353426	Джон Идензор Литлвуд	P166	полученные награды	медаль Копли	0	0	0	0	1958-01-01	1.7996430777320052
1988	литлвуд	Q353426	Джон Идензор Литлвуд	P166	полученные награды	медаль де Моргана	0	0	0	0	1938-01-01	1.8898370642738669
[1959, 1964]	литмаш	Q16671632	Литмаш	P138	названо в честь	Сергей Миронович Киров	0	0	1924-01-01	1961-01-01	0	-0.15199679056974427
1926	литр	Q286107	Литтре, Поль-Максимильен-Эмиль	P39	занимаемая должность	депутат Национального собрания Франции	0	0	1871-02-08	1876-03-07	0	2.885712321540479
1940	литторио	Q1190744	Линейные корабли типа «Литторио»	P729	дата принятия в эксплуатацию	0	0	1940-01-01	0	0	0	5.9498093162710655
[1973, 1974]	лиувилль	Q1337625	Лиувилль	P138	названо в честь	Жозеф Лиувилль	0	0	1973-01-01	0	0	-0.8357850796820341
[1933, 1938]	лифли	Q4258142	Ленинградский институт истории, философии и лингвистики	P576	дата прекращения существования	0	0	1937-01-01	0	0	0	1.0007960973375774
[2000, 2009]	лифт	Q1253121	Лифт	P577	дата публикации	0	0	2002-05-23	0	0	0	1.349051959286528
[2000, 2009]	лифт	Q1253121	Лифт	P577	дата публикации	0	0	2001-01-01	0	0	0	1.349051959286528
1942	лихач	Q21659635	Лихачи	P131	административно-территориальная единица	Мокровский сельсовет	0	0	1940-01-01	0	0	3.553755503394088
[1966, 1970]	лихин	Q4264189	Лихин, Пётр Константинович	P570	дата смерти	0	0	1967-02-27	0	0	0	-0.24452596454201442
[1964, 1966]	лихославль	Q157660	Лихославль	P131	административно-территориальная единица	Лихославльский район	0	0	1964-03-04	2004-12-31	0	-0.2972237689668809
[1964, 1966]	лихославль	Q157660	Лихославль	P131	административно-территориальная единица	Торжокский район	0	0	1963-02-01	1964-03-03	0	-0.2972237689668809
[1939, 1940]	лихославль	Q157660	Лихославль	P1376	является столицей	Карельский национальный округ	0	0	1937-07-09	1939-02-07	0	-0.24322858237491923
[1999, 2000]	лихтарович	Q2546087	Лихтарович, Дмитрий Евгеньевич	P54	член спортивной команды	молодёжная сборная Белоруссии по футболу	0	0	1998-01-01	1999-01-01	0	-0.44418866949602365
[1938, 1942]	лихтенштейн	Q347	Лихтенштейн	P47	имеет границы с	Федеральное государство Австрия	0	0	1934-01-01	1938-01-01	0	0.13391820777761285
1996	лихтенштейн	Q347	Лихтенштейн	P47	имеет границы с	Европейский союз	0	0	1995-01-01	0	0	1.680411331869684
[1973, 1986]	лихтенштейн	Q347	Лихтенштейн	P1830	владеет	Гутенберг (замок)	0	0	1979-01-01	0	0	-0.4741985444502145
2002	лихтенштейн	Q347	Лихтенштейн	P6	глава правительства	Хаслер, Отмар	0	0	2001-04-05	2009-03-25	0	4.865620312880497
[1931, 1934]	лихтенштейн	Q347	Лихтенштейн	P47	имеет границы с	Третий рейх	0	0	1933-01-01	1945-01-01	0	-0.5029257776812941
[1973, 1986]	лихтенштейн	Q347	Лихтенштейн	P463	участник организации или клуба	Организация по безопасности и сотрудничеству в Европе	0	0	1973-06-25	0	0	-0.4741985444502145
[1999, 2000]	лихул	Q375497	Лихула	P131	административно-территориальная единица	Лихула	0	0	1999-01-01	2017-01-01	0	-0.6275049190649467
1995	личко	Q4264408	Личко, Андрей Евгеньевич	P570	дата смерти	0	0	1994-01-01	0	0	0	5.5428895630360175
[1973, 1976]	личфилд	Q1823259	Личфилд	P571	дата основания / создания / возникновения	0	0	1974-04-01	0	0	0	-0.4448124782665207
1991	лишать	Q1361235	Лишу	P131	административно-территориальная единица	Сыпин	0	0	1941-07-01	1945-09-02	0	2.2900159099173996
1991	лишать	Q1361235	Лишу	P131	административно-территориальная единица	Фэнтянь	0	0	1932-03-09	1941-06-30	0	2.2900159099173996
1992	лишневский	Q4264508	Лишневский, Александр Львович	P570	дата смерти	0	0	1942-02-06	0	0	0	2.3320886683026734
[1973, 1974]	лия	Q537620	(5411) Лия	P575	дата открытия	0	0	1973-01-02	0	0	0	-0.2437513239825611
[2003, 2004]	лобаниха	Q24728534	Лобаниха	P131	административно-территориальная единица	Лобанихинский сельсовет	0	0	2003-12-01	0	0	-0.19667257949502864
1993	лобаново	Q4264652	Лобаново	P17	государство	Казахстан	0	0	1991-12-16	0	0	2.0358230017754435
1993	лобаново	Q4264652	Лобаново	P17	государство	СССР	0	0	1922-01-01	1991-12-16	0	2.0358230017754435
1994	лобаново	Q4264652	Лобаново	P131	административно-территориальная единица	Кокчетавская область	0	0	1944-01-01	1997-01-01	0	4.2112769056782255
1997	лобня	Q157666	Лобня	P131	административно-территориальная единица	Городской округ Лобня	0	0	1947-08-18	0	0	2.575959794928791
[2007, 2009]	ловушка	Q327550	Ловушка	P577	дата публикации	0	0	2007-10-11	0	0	0	-0.49627715270863487
[2007, 2009]	ловушка	Q327550	Ловушка	P577	дата публикации	0	0	2007-01-01	0	0	0	-0.49627715270863487
[2004, 2008]	логачево	Q21670155	Логачево	P131	административно-территориальная единица	Медынский район	0	0	1929-10-01	2004-10-30	0	0.6900393303350755
[2004, 2008]	логачево	Q21670155	Логачево	P131	административно-территориальная единица	Сельское поселение «Деревня Романово»	0	0	2004-11-01	0	0	0.6900393303350755
[1991, 1998]	логашов	Q2558449	Логашов, Арсений Максимович	P569	дата рождения	0	0	1991-08-20	0	0	0	0.3356573072443647
[2004, 2008]	логово	Q4265180	Логово	P131	административно-территориальная единица	Ситьковское сельское поселение	0	0	2004-01-01	0	0	-0.12628165261184068
[2004, 2008]	логово	Q19922958	Логово	P131	административно-территориальная единица	Вазузское сельское поселение	0	0	2005-01-01	0	0	-0.12628165261184068
[1990, 1994]	лоджиа	Q361238	Лоджиа, Роберт	P166	полученные награды	Премия «Сатурн» лучшему киноактёру второго плана	0	0	0	0	1990-01-01	-0.43374909855832755
[1990, 1994]	лоджиа	Q361238	Лоджиа, Роберт	P1411	номинирован на	премия «Эмми» за лучшую мужскую роль в драматическом телесериале	0	0	0	0	1990-01-01	-0.43374909855832755
[1978, 1984]	лодный	Q610436	(5937) Лоден	P575	дата открытия	0	0	1979-12-11	0	0	0	-0.2800584870591509
1990	лозовый	Q975671	Лозова	P17	государство	СССР	0	0	1940-06-28	1941-07-01	0	3.5762472119148034
1990	лозовый	Q975671	Лозова	P17	государство	Румыния	0	0	1918-04-09	1940-06-27	0	3.5762472119148034
[1940, 1942]	лозовый	Q975671	Лозова	P17	государство	Румыния	0	0	1941-07-02	1944-09-11	0	0.06408362404235227
1950	лойцянский	Q4265727	Лойцянский, Лев Герасимович	P569	дата рождения	0	0	1900-12-26	0	0	0	2.629731744075113
1926	локарно	Q19179753	Локарно	P571	дата основания / создания / возникновения	0	0	1925-01-01	0	0	0	2.1223497907541815
[1955, 1961]	локомотив	Q1083434	Олимпийский	P1619	дата официального открытия	0	0	1958-08-13	0	0	0	0.3208206929658715
1926	локомотив	Q1124841	Локомотив	P571	дата основания / создания / возникновения	0	0	1926-07-26	0	0	0	5.773975044408901
[2007, 2009]	локомотив	Q726285	Гомель	P286	тренер	Юсипец, Андрей Михайлович	0	0	2008-09-01	2009-08-01	0	-0.39585225040350364
[2007, 2009]	локомотив	Q726285	Гомель	P286	тренер	Юревич, Анатолий Иванович	0	0	2007-01-01	2008-08-01	0	-0.39585225040350364
[1955, 1961]	локомотив	Q837704	Мариуполь	P571	дата основания / создания / возникновения	0	0	1960-01-01	0	0	0	0.3208206929658715
[1932, 1940]	локомотив	Q4265842	Локомотив	P571	дата основания / создания / возникновения	0	0	1936-01-01	0	0	0	-0.26509766741662966
[1932, 1940]	локомотив	Q2622750	Локомотив	P571	дата основания / создания / возникновения	0	0	1936-01-01	0	0	0	-0.26509766741662966
[2007, 2009]	локомотив	Q726285	Гомель	P286	тренер	Гольмак, Владимир Алексеевич	0	0	2006-10-01	2007-01-01	0	-0.39585225040350364
1946	локомотив	Q750974	Локомотив	P571	дата основания / создания / возникновения	0	0	1946-01-01	0	0	0	3.243664014463269
[1952, 1953]	локомотив	Q1535913	Стадион имени Михаила Месхи	P571	дата основания / создания / возникновения	0	0	1952-01-01	0	0	0	0.048076168646910764
1946	локомотив	Q1635367	Сокол	P571	дата основания / создания / возникновения	0	0	1946-01-01	0	0	0	3.243664014463269
[1932, 1940]	локомотив	Q1974896	Смена	P571	дата основания / создания / возникновения	0	0	1935-01-01	0	0	0	-0.26509766741662966
[1955, 1961]	локомотив	Q2275503	Нива-В	P571	дата основания / создания / возникновения	0	0	1958-01-01	0	0	0	0.3208206929658715
[1978, 1982]	локомотив	Q1973139	Локомотив	P576	дата прекращения существования	0	0	1980-01-01	0	0	0	-0.2810636574525631
[1932, 1940]	локомотив	Q1977726	Локомотив	P571	дата основания / создания / возникновения	0	0	1936-01-01	0	0	0	-0.26509766741662966
1926	локомотив	Q16705165	Локомотив	P1619	дата официального открытия	0	0	1925-02-08	0	0	0	5.773975044408901
[2000, 2005]	локомотив	Q1535913	Стадион имени Михаила Месхи	P1619	дата официального открытия	0	0	2001-01-01	0	0	0	-0.3450883645620626
[2000, 2005]	локомотив	Q595937	"стадион ""РЖД арена"""	P571	дата основания / создания / возникновения	0	0	2002-01-01	0	0	0	-0.3450883645620626
[2000, 2005]	локомотив	Q595937	"стадион ""РЖД арена"""	P1619	дата официального открытия	0	0	2002-07-05	0	0	0	-0.3450883645620626
[1955, 1961]	локомотив	Q709805	Локомотив	P571	дата основания / создания / возникновения	0	0	1956-01-01	0	0	0	0.3208206929658715
[1958, 1960]	локхарт	Q1867553	Локхарт	P1619	дата официального открытия	0	0	1959-01-01	0	0	0	0.17924687311636492
[1932, 1937]	локьер	Q1867666	Локьер	P138	названо в честь	Джозеф Норман Локьер	0	0	1935-01-01	0	0	0.06968980677012855
[2006, 2009]	лолланна	Q670153	Лолланн	P6	глава правительства	Stig Vestergaard	0	0	2007-01-01	2013-12-31	0	-0.1500159537528154
[1998, 2000]	лолль	Q6668982	Лолли	P2031	начало периода активности	0	0	1998-01-01	0	0	0	-0.32479160861707185
[2004, 2005]	лом	Q4266064	Лом	P131	административно-территориальная единица	Муниципальное образование «Толшменское»	0	0	2004-12-06	0	0	-0.5426221806219423
[2004, 2005]	лом	Q4266372	Ломы	P131	административно-территориальная единица	Караваевское сельское поселение	0	0	2004-12-02	0	0	-0.5426221806219423
1993	ломанна	Q109714	Дитрих Ломан	P569	дата рождения	0	0	1943-03-09	0	0	0	5.437539800837546
[2006, 2009]	ломать	Q1525342	Ломая, Георгий Джемалович	P54	член спортивной команды	Локомотив	0	0	2008-01-01	2009-01-01	0	-0.37811785560796785
[2006, 2009]	ломать	Q1525342	Ломая, Георгий Джемалович	P54	член спортивной команды	Карпаты	0	0	2007-01-01	2007-01-01	0	-0.37811785560796785
[2006, 2009]	ломать	Q1525342	Ломая, Георгий Джемалович	P54	член спортивной команды	Карл Цейсс Йена	0	0	2007-01-01	2007-01-01	0	-0.37811785560796785
[2006, 2009]	ломать	Q1525342	Ломая, Георгий Джемалович	P54	член спортивной команды	Луч-Энергия	0	0	2006-01-01	2006-01-01	0	-0.37811785560796785
[2006, 2009]	ломать	Q1525342	Ломая, Георгий Джемалович	P54	член спортивной команды	Металлург	0	0	2008-01-01	2008-01-01	0	-0.37811785560796785
1923	ломачевский	Q4266117	Ломачевский, Асинкрит Асинкритович	P570	дата смерти	0	0	1921-01-01	0	0	0	3.7980161546587152
1941	ломбар	Q1383338	Ломбар, Ален	P569	дата рождения	0	0	1940-10-04	0	0	0	2.558423315841639
1948	ломоносов	Q157688	Ломоносов	P138	названо в честь	Михаил Васильевич Ломоносов	0	0	1948-01-01	0	0	1.9280302826358848
[1925, 1929]	ломоносов	Q157688	Ломоносов	P131	административно-территориальная единица	Ленинградская область	0	0	1927-08-01	1978-04-17	0	-0.5318696661710394
[1925, 1929]	ломоносов	Q157688	Ломоносов	P131	административно-территориальная единица	Троцкий уезд	0	0	1923-02-14	1927-07-31	0	-0.5318696661710394
[2003, 2007]	лондон	Q1749384	Лондон	P577	дата публикации	0	0	2005-01-01	0	0	0	-0.3476873081387981
1929	лопатино	Q21670196	Лопатино	P131	административно-территориальная единица	Тарусский уезд	0	0	1776-01-01	1927-10-11	0	1.8297679708105883
1929	лопатино	Q21670196	Лопатино	P131	административно-территориальная единица	Тарусский район	0	0	1929-07-12	2004-10-31	0	1.8297679708105883
[2004, 2005]	лопатино	Q21670196	Лопатино	P131	административно-территориальная единица	Сельское поселение «Село Лопатино»	0	0	2004-11-01	0	0	-0.11689503331693814
1929	лопатино	Q21670196	Лопатино	P131	административно-территориальная единица	Калужский уезд	0	0	1927-10-11	1929-07-12	0	1.8297679708105883
1994	лора	Q3827723	Лора	P577	дата публикации	0	0	1944-01-01	0	0	0	2.2981768644997755
[2006, 2008]	лоренценить	Q2251955	Рамзаит	P579	IMA-статус	вспомогательный статус: опубликован до 1959 года	0	0	1901-01-01	2007-03-01	0	-0.4206582530693317
[2006, 2008]	лоренценить	Q2251955	Рамзаит	P579	IMA-статус	унаследованный минерал	0	0	2007-03-01	0	0	-0.4206582530693317
[1935, 1937]	лори	Q2033110	Лори	P571	дата основания / создания / возникновения	0	0	1936-01-01	0	0	0	0.8039673369455711
[1983, 1985]	лорин	Q483376	Лорин	P569	дата рождения	0	0	1983-10-16	0	0	0	0.19505031180385032
1938	лорин	Q4267061	Лоринов, Виталий Миронович	P569	дата рождения	0	0	1938-03-03	0	0	0	5.741895606106782
[2008, 2009]	лосево	Q1870669	Лосево	P131	административно-территориальная единица	Добринское сельское поселение	0	0	2008-06-30	2014-01-01	0	0.16833024515726805
[1990, 1993]	лоськов	Q372568	Дмитрий Вячеславович Лоськов	P2031	начало периода активности	0	0	1991-01-01	0	0	0	0.865262381345759
1945	лотарингия	Q895978	Лотарингия	P576	дата прекращения существования	0	0	1945-01-01	0	0	0	4.135967538871024
[1933, 1938]	лотос	Q27968138	Лотос	P571	дата основания / создания / возникновения	0	0	1935-01-01	0	0	0	0.0006823898303933706
[1923, 1930]	лоухи	Q2625119	Лоухи	P131	административно-территориальная единица	Лоухский район	0	0	1927-08-29	0	0	-0.5772886342591993
[1958, 1962]	луа	Q147355	(2210) Луа	P575	дата открытия	0	0	1960-09-24	0	0	0	0.22237206188736525
[1923, 1933]	луб	Q169502	Эмиль Лубе	P570	дата смерти	0	0	1929-12-20	0	0	0	0.4944437249579565
[1993, 1994]	лубис	Q734808	Лубис, Бронисловас	P39	занимаемая должность	премьер-министр Литвы	0	0	1992-12-02	1993-03-10	0	-0.30821192707023565
1994	лубянка	Q646334	Здание органов госбезопасности на Лубянке	P149	архитектурный стиль	сталинская архитектура	0	0	1944-01-01	0	0	1.7182001489431813
[1925, 1931]	лувен	Q118958	Лёвен	P6	глава правительства	Ferdinand Smolders	0	0	1922-01-01	1926-01-01	0	-0.46304286372965614
[1979, 1986]	луг	Q27786346	Луга	P569	дата рождения	0	0	1981-10-31	0	0	0	-0.8388509670258972
[1925, 1932]	луговой	Q21123590	Луговое	P571	дата основания / создания / возникновения	0	0	1931-01-01	0	0	0	0.9912698997723539
1927	луговой	Q18788093	Луговое	P131	административно-территориальная единица	Спасский уезд	0	0	1925-03-16	1928-07-15	0	2.076543803459199
1930	луговой	Q18788098	Луговое	P131	административно-территориальная единица	Колышлейский район	0	0	1928-07-16	2004-11-01	0	2.804420050734684
1930	луговой	Q18788093	Луговое	P131	административно-территориальная единица	Вадинский район	0	0	1928-07-16	1962-12-25	0	2.804420050734684
[1966, 1967]	луговой	Q18788093	Луговое	P131	административно-территориальная единица	Вадинский район	0	0	1966-12-30	2004-11-01	0	-0.8828982039472457
[2003, 2007]	лугский	Q4268145	Лугско	P131	административно-территориальная единица	Мойкинское сельское поселение	0	0	2005-11-11	0	0	-0.4505727496336607
[1990, 1994]	лужайка	Q4268189	Лужайка	P17	государство	Россия	0	0	1991-12-26	0	0	0.15963568902084674
1942	лужайка	Q4268189	Лужайка	P131	административно-территориальная единица	Выборгская губерния	0	0	1941-06-25	1944-09-18	0	1.979708537843287
1942	лужайка	Q4268189	Лужайка	P131	административно-территориальная единица	Выборгский район	0	0	1940-03-12	1941-06-24	0	1.979708537843287
1942	лужайка	Q4268189	Лужайка	P17	государство	Финляндия	0	0	1917-12-06	1940-03-11	0	1.979708537843287
[1992, 1997]	лужный	Q705494	Олег Романович Лужный	P54	член спортивной команды	сборная Украины по футболу	0	0	1992-01-01	2003-01-01	0	-0.10738291968706674
1985	лузин	Q1082952	(5096) Лузин	P575	дата открытия	0	0	1983-09-05	0	0	0	2.6387884204243908
1951	лука	Q16672331	Лука	P569	дата рождения	0	0	1951-11-10	0	0	0	4.015877510386604
[1990, 1997]	лука	Q1820709	Лука	P571	дата основания / создания / возникновения	0	0	1994-01-01	0	0	0	0.14395309179932309
[1990, 1997]	лука	Q1820709	Лука	P1619	дата официального открытия	0	0	1994-11-11	0	0	0	0.14395309179932309
[1986, 1990]	лукашев	Q3918585	Лукашёв, Константин Игнатьевич	P570	дата смерти	0	0	1987-05-23	0	0	0	-0.6447219459373554
1988	лукащук	Q4268819	Лукащук, Валентина Геннадьевна	P569	дата рождения	0	0	1988-03-12	0	0	0	1.8996903719907188
[2007, 2008]	лукащук	Q4268819	Лукащук, Валентина Геннадьевна	P2031	начало периода активности	0	0	2007-01-01	0	0	0	-0.8617490401990024
[2004, 2005]	лукиничи	Q4268894	Лукиничи	P131	административно-территориальная единица	Мерлинское сельское поселение	0	0	2004-12-02	0	0	-0.4713531200569335
1965	луковецкий	Q4269014	Луковецкий	P571	дата основания / создания / возникновения	0	0	1965-01-01	0	0	0	3.237520721804093
[1996, 2000]	лукьянин	Q4269188	Лукьянин, Валентин Петрович	P39	занимаемая должность	главный редактор	0	0	1980-01-01	1999-01-01	0	0.3568053570908524
[2005, 2007]	лукьяново	Q19972889	Лукьяново	P131	административно-территориальная единица	Печетовское сельское поселение	0	0	2005-01-01	0	0	0.15362638493007905
[1993, 1998]	лукьяновский	Q2384631	Лукьяновская	P1619	дата официального открытия	0	0	1996-12-30	0	0	0	-0.1834714652011482
[1993, 1998]	лукьяновский	Q2384631	Лукьяновская	P571	дата основания / создания / возникновения	0	0	1996-01-01	0	0	0	-0.1834714652011482
1965	лула	Q229716	Лулу	P2031	начало периода активности	0	0	1964-01-01	0	0	0	1.7328930073938904
[1929, 1930]	лула	Q837545	Лулу	P571	дата основания / создания / возникновения	0	0	1929-01-01	0	0	0	-0.5835784412677067
1950	лулун	Q1196398	Лулун	P131	административно-территориальная единица	Хэбэй	0	0	1945-09-03	1948-12-31	0	3.124853191988701
1950	лулун	Q1196398	Лулун	P131	административно-территориальная единица	Специальный район Таншань	0	0	1949-08-01	1983-03-02	0	3.124853191988701
1999	луман	Q57238	Луман, Никлас	P570	дата смерти	0	0	1998-11-06	0	0	0	1.7911404862159637
1999	луманн	Q57238	Луман, Никлас	P570	дата смерти	0	0	1998-11-06	0	0	0	2.090763213403976
[2000, 2007]	лумба	Q509194	Лумб, Микаэль	P54	член спортивной команды	Denmark national under-17 football team	0	0	2005-01-01	2005-01-01	0	-0.6793617108482127
[2000, 2007]	лумба	Q509194	Лумб, Микаэль	P54	член спортивной команды	Denmark national under-17 football team	0	0	2004-01-01	2004-01-01	0	-0.6793617108482127
[2000, 2007]	лумба	Q509194	Лумб, Микаэль	P54	член спортивной команды	Denmark national under-19 football team	0	0	2006-01-01	2007-01-01	0	-0.6793617108482127
[2000, 2007]	лумба	Q509194	Лумб, Микаэль	P54	член спортивной команды	Орхус (футбольный клуб)	0	0	2005-01-01	2010-01-01	0	-0.6793617108482127
[2000, 2007]	лумба	Q509194	Лумб, Микаэль	P54	член спортивной команды	Denmark national under-19 football team	0	0	2005-01-01	2006-01-01	0	-0.6793617108482127
1942	лунинец	Q956132	Лунинец	P131	административно-территориальная единица	Лунинецкий район	0	0	1940-01-15	0	0	4.285163521377954
1971	луноход	Q261052	Луноход-1	P376	на астрономическом теле	Луна	0	0	1970-11-17	0	0	3.921955241046061
[1952, 1957]	лунси	Q1201581	Лунси	P131	административно-территориальная единица	Специальный район Динси	0	0	1956-01-01	1969-12-31	0	0.8930367814953547
[1952, 1957]	лунси	Q1201581	Лунси	P131	административно-территориальная единица	Тяньшуй	0	0	1950-01-01	1955-12-31	0	0.8930367814953547
[1968, 1971]	лусен	Q947226	Лусена	P571	дата основания / создания / возникновения	0	0	1968-01-01	0	0	0	-0.5333343284572142
[2000, 2002]	лусеро	Q6696510	Лусеро	P577	дата публикации	0	0	2001-01-01	0	0	0	-0.5047627432408234
[1967, 1970]	лусеро	Q171463	Лусеро	P569	дата рождения	0	0	1969-08-29	0	0	0	-0.21221669817092315
1979	лусио	Q156822	Лусио	P569	дата рождения	0	0	1978-05-08	0	0	0	5.1432893085913856
[1998, 2001]	лусиу	Q156822	Лусио	P54	член спортивной команды	сборная Бразилии по футболу	0	0	2000-01-01	2011-01-01	0	0.47687233766605
[1998, 2001]	лусиу	Q156822	Лусио	P54	член спортивной команды	Интернасьонал	0	0	1998-01-01	2000-01-01	0	0.47687233766605
1968	лусия	Q4269760	Лусия	P577	дата публикации	0	0	1968-01-01	0	0	0	2.8297388148045104
[1967, 1971]	лутиков	Q488017	Лутиков, Анатолий Степанович	P2962	шахматный титул	международный мастер	0	0	1967-01-01	0	0	-0.5176993684609397
1946	луч	Q25395226	Луч	P571	дата основания / создания / возникновения	0	0	1946-01-01	0	0	0	3.338881238952381
1972	лысик	Q4157304	Дельфин	P569	дата рождения	0	0	1971-09-29	0	0	0	2.1789700261112626
1930	лысогорка	Q4270752	Лысогорка	P571	дата основания / создания / возникновения	0	0	1930-01-01	0	0	0	3.944824517388104
1973	лысянка	Q1879003	Лысянка	P131	административно-территориальная единица	Лысянский район	0	0	1923-01-01	0	0	2.486351692725136
[1998, 2000]	лычкин	Q1027818	Лычкин, Вячеслав Степанович	P54	член спортивной команды	Торпедо	0	0	1999-01-01	1999-01-01	0	-0.3192471225965062
[1998, 2000]	лычкин	Q1027818	Лычкин, Вячеслав Степанович	P54	член спортивной команды	Тюмень	0	0	1998-01-01	1998-01-01	0	-0.3192471225965062
[1998, 2000]	лычкин	Q1027818	Лычкин, Вячеслав Степанович	P54	член спортивной команды	FC Torpedo-ZIL Moscow	0	0	1999-01-01	1999-01-01	0	-0.3192471225965062
[1998, 2000]	лычкин	Q1027818	Лычкин, Вячеслав Степанович	P54	член спортивной команды	Кристалл	0	0	1999-01-01	1999-01-01	0	-0.3192471225965062
1945	льюис	Q483950	Льюис	P571	дата основания / создания / возникновения	0	0	1845-12-19	0	0	0	3.9299220310229988
[1948, 1950]	люба	Q1201155	Люба	P131	административно-территориальная единица	Шэньси	0	0	1913-06-01	1949-12-31	0	1.6964751079253
[1995, 1998]	люба	Q1201155	Люба	P131	административно-территориальная единица	Округ Ханьчжун	0	0	1969-01-01	1995-12-31	0	-0.7213482370444821
[1995, 1998]	люба	Q1201155	Люба	P131	административно-территориальная единица	Ханьчжун	0	0	1996-01-01	0	0	-0.7213482370444821
2004	любавич	Q898212	Любавичи	P131	административно-территориальная единица	Любавичское сельское поселение	0	0	2004-12-02	0	0	2.094155148353443
2004	любавич	Q898212	Любавичи	P131	административно-территориальная единица	Руднянский район	0	0	1929-10-01	2004-12-01	0	2.094155148353443
[1979, 1997]	любимец	Q3596915	(10761) Любимец	P575	дата открытия	0	0	1990-10-12	0	0	0	-0.08580158241869736
[1961, 1964]	любимовка	Q18788426	Любимовка	P131	административно-территориальная единица	Большесолдатский район	0	0	1928-07-30	1963-01-31	0	-0.3599900963857634
2007	любих	Q15342141	Любиха	P131	административно-территориальная единица	Котельничское сельское поселение	0	0	2006-01-01	0	0	1.770829298729637
[1964, 1977]	любищев	Q1092151	Любищев Александр Александрович	P570	дата смерти	0	0	1972-08-31	0	0	0	-0.05039617356475596
1944	любляна	Q3434113	Любляна	P131	административно-территориальная единица	СР Словения	0	0	1944-01-01	1991-06-25	0	2.2474492400748747
1944	любляна	Q437	Любляна	P17	государство	СР Словения	0	0	1944-01-01	1991-06-25	0	2.2474492400748747
[2005, 2009]	любовник	Q773998	Любовники	P577	дата публикации	0	0	2008-05-19	0	0	0	-0.4457455091576426
1923	любовшо	Q21337357	Любовшо	P131	административно-территориальная единица	Суражский уезд	0	0	1781-09-27	1921-07-13	0	2.7862521595297625
1923	любовшо	Q21337357	Любовшо	P131	административно-территориальная единица	Клинцовский уезд	0	0	1921-07-14	1929-09-30	0	2.7862521595297625
[1979, 1984]	любовь	Q10996691	Прости, Аруна	P577	дата публикации	0	0	1979-01-01	0	0	0	-0.6752749727062177
[1957, 1961]	людвигсбург	Q622	Людвигсбург	P6	глава правительства	Anton Saur	0	0	1960-01-01	1968-01-01	0	-0.05370183302320168
[2005, 2007]	людвигсбург	Q622	Людвигсбург	P463	участник организации или клуба	Мэры за мир	0	0	2006-12-01	0	0	-0.18471515274850928
[1937, 1939]	людендорф	Q58579	Эрих Людендорф	P570	дата смерти	0	0	1937-12-20	0	0	0	-0.3397026593927796
[1966, 1973]	людок	Q20538588	Людков	P131	административно-территориальная единица	Холстовский сельсовет	0	0	1966-03-18	0	0	-0.1995792557280896
[1966, 1973]	людок	Q20538588	Людков	P131	административно-территориальная единица	Быховский район	0	0	1924-07-17	1966-03-18	0	-0.1995792557280896
1956	люйшунькоу	Q623329	Люйшунькоу	P131	административно-территориальная единица	Далянь	0	0	1955-01-01	0	0	4.681986308449204
1956	люйшунькоу	Q623329	Люйшунькоу	P131	административно-территориальная единица	Квантунская область	0	0	1899-08-28	1954-12-31	0	4.681986308449204
1956	люйшунькоу	Q623329	Люйшунькоу	P17	государство	СССР	0	0	1945-08-14	1954-10-12	0	4.681986308449204
[2002, 2009]	люмьер	Q2807466	Люмьер	P585	момент времени	0	0	2007-02-05	0	0	0	0.3228737724121744
[2002, 2009]	люмьер	Q2818389	Люмьер	P585	момент времени	0	0	2002-02-25	0	0	0	0.3228737724121744
2005	люмьер	Q2818616	Люмьер	P585	момент времени	0	0	2003-02-14	0	0	0	1.8502896797719455
[1993, 1998]	люмьер	Q2815876	Люмьер	P585	момент времени	0	0	1997-02-13	0	0	0	0.3361542991271201
1995	люстиж	Q168509	Жан Мари Люстиже	P463	участник организации или клуба	Французская академия	0	0	1995-06-15	0	0	2.323529324124724
[1982, 1984]	люстиж	Q168509	Жан Мари Люстиже	P39	занимаемая должность	кардинал	0	0	1983-02-02	0	0	-0.7004491058410469
1943	лютьенс	Q57646	Лютьенс, Гюнтер	P570	дата смерти	0	0	1941-05-27	0	0	0	1.7412997774430947
1923	люшер	Q115771	Люшер, Макс	P569	дата рождения	0	0	1923-09-09	0	0	0	4.093084399912456
[1983, 1985]	лягушонок	Q15270735	Лягушонок	P577	дата публикации	0	0	1983-01-01	0	0	0	-0.6768754061536839
1942	лядка	Q21624857	Лядки	P131	административно-территориальная единица	Еремичский сельсовет	0	0	1940-01-01	0	0	3.583540836386595
[1924, 1926]	лядно	Q21650213	Лядно	P131	административно-территориальная единица	Рачковичский сельсовет	0	0	1924-07-17	0	0	-0.16161042259160854
[1924, 1926]	лядно	Q21650213	Лядно	P131	административно-территориальная единица	Слуцкий уезд	0	0	1793-01-01	1924-07-17	0	-0.16161042259160854
[1971, 1976]	ляля	Q844954	(2164) Ляля	P575	дата открытия	0	0	1972-09-11	0	0	0	-0.4312436548678675
2004	лямино	Q20673838	Лямино	P131	административно-территориальная единица	Веретейское сельское поселение	0	0	2004-12-21	0	0	3.1768523308211414
1992	ляншань	Q1190853	Ляншань	P131	административно-территориальная единица	Цзинин	0	0	1990-01-01	0	0	1.6830768074019782
[1954, 1957]	ляньюньган	Q57756	Ляньюньган	P131	административно-территориальная единица	Цзянсу	0	0	1954-01-01	1957-12-31	0	-0.43273348932487987
[1926, 1927]	ляпчев	Q447831	Ляпчев, Андрей Тасев	P39	занимаемая должность	премьер-министр Болгарии	0	0	1926-01-04	1931-06-29	0	0.5686179879935384
[1926, 1927]	ляпчев	Q447831	Ляпчев, Андрей Тасев	P39	занимаемая должность	Q27990802	0	0	1926-01-04	1931-06-29	0	0.5686179879935384
[1996, 2009]	хороший	Q15364607	Хороши	P131	административно-территориальная единица	Ошланское сельское поселение	0	0	2006-01-01	0	0	-0.5479780090350171
[1996, 2009]	хороший	Q21645167	Хорошее	P131	административно-территориальная единица	Серебропольский сельсовет	0	0	2003-12-01	0	0	-0.5479780090350171
