Year or Period	Unigram	#Q	Subject	#P	Predicate	Object	Organization	Just Date	Start Time	End Time	Time Point	growth_speed
1962	уагадугу	Q2004292	Уагадугу	P571	дата основания / создания / возникновения	0	0	1961-01-01	0	0	0	3.419756648267489
[1965, 1968]	уаз	Q658242	Ульяновский автомобильный завод	P166	полученные награды	орден Трудового Красного Знамени	0	0	0	0	1966-08-20	-0.5494937768647894
[1987, 1990]	уайлс	Q184433	Эндрю Уайлс	P463	участник организации или клуба	Лондонское королевское общество	0	0	0	0	1989-01-01	-0.4476024934554653
[1999, 2001]	уайлс	Q184433	Эндрю Уайлс	P166	полученные награды	рыцарь-командор ордена Британской империи	0	0	0	0	2000-01-01	-0.48898051069902876
[1987, 1990]	уайлс	Q184433	Эндрю Уайлс	P166	полученные награды	член Лондонского королевского общества	0	0	0	0	1989-01-01	-0.4476024934554653
[2004, 2007]	уайлс	Q184433	Эндрю Уайлс	P166	полученные награды	The Shaw Prize in Mathematical Sciences	0	0	0	0	2005-01-01	-0.5715748476424825
[2004, 2007]	уайлс	Q184433	Эндрю Уайлс	P166	полученные награды	премия Шао	0	0	0	0	2005-01-01	-0.5715748476424825
[1987, 1990]	уайлс	Q184433	Эндрю Уайлс	P166	полученные награды	Премия Уайтхеда	0	0	0	0	1988-01-01	-0.4476024934554653
[1999, 2001]	уайлс	Q184433	Эндрю Уайлс	P166	полученные награды	Премия Математического института Клэя	0	0	0	0	1999-01-01	-0.48898051069902876
1944	уайтмен	Q1940767	Уайтмен	P571	дата основания / создания / возникновения	0	0	1942-08-06	0	0	0	2.5084352854195693
1944	уайтмен	Q1940767	Уайтмен	P1619	дата официального открытия	0	0	1942-08-06	0	0	0	2.5084352854195693
[1963, 1966]	уайтсайд	Q380223	Уайтсайд, Норман	P569	дата рождения	0	0	1965-05-07	0	0	0	0.36686047870604443
1962	уайтхед	Q378553	Джон Генри Константайн Уайтхед	P570	дата смерти	0	0	1960-05-08	0	0	0	1.787420992234211
[1991, 1994]	убель	Q9364297	Убель	P131	административно-территориальная единица	Клинокский сельсовет	0	0	1991-01-01	0	0	-0.31548573452656387
[1957, 1959]	убийство	Q2497066	Убийство	P577	дата публикации	0	0	1957-01-01	0	0	0	-0.7817986309524821
[1964, 1968]	убийца	Q9867473	Убийца	P577	дата публикации	0	0	1967-01-01	0	0	0	-0.7281754243778832
[1934, 1939]	уборевич	Q2415172	Иероним Петрович Уборевич	P570	дата смерти	0	0	1937-06-12	0	0	0	-0.35220753981458436
[1993, 1999]	увлечение	Q4468858	Увлеченья	P577	дата публикации	0	0	1994-01-01	0	0	0	-0.056249266760706775
2000	угадайк	Q4468877	Угадайка	P580	дата начала	0	0	1999-11-20	0	0	0	1.8760286339943515
2000	угадайк	Q4468877	Угадайка	P582	дата окончания	0	0	2000-08-12	0	0	0	1.8760286339943515
1962	уганда	Q1097943	Уганда	P576	дата прекращения существования	0	0	1962-01-01	0	0	0	3.572748757243419
1963	уганда	Q7877575	Уганда	P576	дата прекращения существования	0	0	1963-10-09	0	0	0	2.0490865058641834
1962	уганда	Q1036	Уганда	P571	дата основания / создания / возникновения	0	0	1962-01-01	0	0	0	3.572748757243419
1962	уганда	Q7877575	Уганда	P571	дата основания / создания / возникновения	0	0	1962-10-09	0	0	0	3.572748757243419
[1936, 1938]	угланов	Q4468898	Угланов, Николай Александрович	P570	дата смерти	0	0	1937-05-31	0	0	0	0.0032814146341262154
[2004, 2006]	углянка	Q4469018	Углянка	P131	административно-территориальная единица	Пречистенское сельское поселение	0	0	2004-12-02	0	0	-0.49980828949259964
[1925, 1936]	угольный	Q145406	Карпинск	P131	административно-территориальная единица	Серов	0	0	1933-06-20	1940-03-15	0	0.23155251980287672
[1925, 1936]	угольный	Q145406	Карпинск	P131	административно-территориальная единица	Серовский район	0	0	1923-11-12	1933-06-19	0	0.23155251980287672
[1925, 1936]	угольный	Q145406	Карпинск	P31	это частный случай понятия	пригород	Серов	0	1933-06-20	1940-03-15	0	0.23155251980287672
[1954, 1960]	угун	Q1201092	Угун	P131	административно-территориальная единица	Специальный район Баоцзи	0	0	1950-01-01	1955-12-31	0	-0.23811835752799246
[1954, 1960]	угун	Q1201092	Угун	P131	административно-территориальная единица	Шэньси	0	0	1956-01-01	1960-12-31	0	-0.23811835752799246
[1952, 1977]	ударный	Q4469324	Ударный	P571	дата основания / создания / возникновения	0	0	1961-01-01	0	0	0	0.018167008385891605
2009	удача	Q4105937	Везунчик!	P577	дата публикации	0	0	2008-01-01	0	0	0	1.8935342273473927
[1978, 1987]	удача	Q4469331	Удача	P577	дата публикации	0	0	1980-01-01	0	0	0	-0.5173535903657832
[2005, 2009]	удушье	Q1075839	Удушье	P577	дата публикации	0	0	2008-09-26	0	0	0	-0.07650584452847523
[2005, 2009]	удушье	Q1075839	Удушье	P577	дата публикации	0	0	2008-01-01	0	0	0	-0.07650584452847523
[1988, 1992]	уен	Q488344	Уён	P569	дата рождения	0	0	1989-04-30	0	0	0	-0.36803446908047854
[1992, 2008]	ужастика	Q3260367	Ужастики	P577	дата публикации	0	0	1994-01-01	0	0	0	0.3765278068519358
[1923, 1940]	узбекистан	Q484578	Узбекская ССР	P36	столица	Бухара	0	0	0	0	1925-01-01	-0.4426916971845352
[1925, 1931]	узбсср	Q484578	Узбекская ССР	P36	столица	Бухара	0	0	0	0	1925-01-01	1.371044109283291
1923	узловой	Q196815	Узловая	P571	дата основания / создания / возникновения	0	0	1873-01-01	0	0	0	1.7375411216380665
2007	узо	Q7905095	Узо	P569	дата рождения	0	0	1957-01-01	0	0	0	2.366004800464351
2008	уилл	Q834544	Уилла	P577	дата публикации	0	0	2006-12-01	0	0	0	1.744142573809141
2003	уиллард	Q1892163	Уиллард	P577	дата публикации	0	0	2003-01-01	0	0	0	3.5098565268390853
[1968, 1969]	уиллард	Q1386318	Ф. Д. Ч. Уиллард	P569	дата рождения	0	0	1968-01-01	0	0	0	1.1886404452349775
1956	уинстон	Q3458875	Уинстон	P571	дата основания / создания / возникновения	0	0	1955-01-01	0	0	0	2.016590553314762
[1935, 1936]	уипл	Q273238	Уиппл, Джордж	P1411	номинирован на	Нобелевская премия по физиологии и медицине	0	0	0	0	1935-01-01	-0.2151562856899582
[1976, 1981]	уист	Q217573	Уист, Дайан	P166	полученные награды	Театральный мир	0	0	0	0	1980-01-01	-0.5312306530386184
[1981, 1986]	уитни	Q874194	Уитни	P571	дата основания / создания / возникновения	0	0	1983-01-01	0	0	0	0.4697822604724869
[1980, 1985]	уйч	Q4470303	Уйчи	P571	дата основания / создания / возникновения	0	0	1984-01-01	0	0	0	0.688710715136929
1930	укло	Q174710	Калифорнийский университет в Лос-Анджелесе	P463	участник организации или клуба	Конференция Pac-12	0	0	1928-01-01	0	0	4.069670643546705
[2003, 2005]	укр	Q466394	Укра	P54	член спортивной команды	Сборная Португалии по футболу (до 17 лет)	0	0	2004-01-01	2005-01-01	0	-1.0589087848747336
[1924, 1932]	украинка	Q4512152	Украинка	P571	дата основания / создания / возникновения	0	0	1924-01-01	0	0	0	0.5362253496222265
1928	украинка	Q4470418	Украинка	P571	дата основания / создания / возникновения	0	0	1927-01-01	0	0	0	2.4418118093511825
[1999, 2008]	украинский	Q25508298	Украинский	P131	административно-территориальная единица	Баюновский сельсовет	0	0	2003-12-01	0	0	-0.11480031421296011
[1999, 2008]	украинский	Q27206778	Украинский	P131	административно-территориальная единица	Александровский сельсовет	0	0	2003-12-01	0	0	-0.11480031421296011
[1936, 1945]	украинский	Q4161717	Украинское	P571	дата основания / создания / возникновения	0	0	1936-01-01	0	0	0	0.3515775810910783
1930	улал	Q6025	Горно-Алтайск	P571	дата основания / создания / возникновения	0	0	1830-01-01	0	0	0	3.3809390665502717
[1990, 1992]	улан-удэ	Q6816	Улан-Удэ	P17	государство	СССР	0	0	1922-12-30	1991-12-25	0	-0.42675726323245416
[1990, 1992]	улан-удэ	Q6816	Улан-Удэ	P17	государство	Россия	0	0	1991-12-25	0	0	-0.42675726323245416
2004	улан-удэ	Q6816	Улан-Удэ	P131	административно-территориальная единица	Бурятия	0	0	1992-03-27	2004-12-31	0	2.8227782789770512
1984	уланова	Q681706	(5421) Уланова	P575	дата открытия	0	0	1982-10-14	0	0	0	2.171575619433407
[1988, 1993]	улеб	Q916134	УЛЕБ	P571	дата основания / создания / возникновения	0	0	1991-01-01	0	0	0	0.03298828503798144
1994	улим	Q2981713	УЛИМ	P571	дата основания / создания / возникновения	0	0	1992-01-01	0	0	0	1.9312791208322708
1994	улиткино	Q4470995	Улиткино	P131	административно-территориальная единица	Щёлковский район	0	0	1965-01-11	1994-02-02	0	4.070004889164475
1994	улиткино	Q4470995	Улиткино	P131	административно-территориальная единица	Анискинский сельский округ	0	0	1994-02-03	2005-02-27	0	4.070004889164475
[1923, 1925]	улица	Q1216515	Улица	P577	дата публикации	0	0	1923-01-01	0	0	0	0.33603334495341036
[2000, 2002]	улытау	Q1093161	Улытау	P2031	начало периода активности	0	0	2001-01-01	0	0	0	1.0799554179417106
[2000, 2002]	улытау	Q1093161	Улытау	P571	дата основания / создания / возникновения	0	0	2001-01-01	0	0	0	1.0799554179417106
2004	ульяновский	Q25741268	Ульяновский	P131	административно-территориальная единица	Парфёновский сельсовет	0	0	2003-12-01	0	0	6.623085408446707
2007	ульянченко	Q737357	Вера Ивановна Ульянченко	P39	занимаемая должность	народный депутат Украины	0	0	2005-03-16	2006-05-25	0	4.904883245892168
2007	умланд	Q87159	Умланд, Андреас	P512	учёная степень	доктор философии	0	0	0	0	2007-01-01	4.753192712662406
1942	уналяска	Q79982	Уналашка	P571	дата основания / создания / возникновения	0	0	1942-03-03	0	0	0	4.249939994113715
1988	унгаретти	Q311802	Унгаретти, Джузеппе	P569	дата рождения	0	0	1888-02-08	0	0	0	3.5763107038376343
1993	унгвар	Q156711	Ужгород	P17	государство	Украина	0	0	1991-08-24	0	0	2.3501661306477724
1948	унгвар	Q156711	Ужгород	P1376	является столицей	Закарпатская область	0	0	1946-01-22	0	0	2.805914360532351
1993	унгвар	Q156711	Ужгород	P17	государство	СССР	0	0	1945-06-29	1991-08-24	0	2.3501661306477724
1948	унгвар	Q156711	Ужгород	P131	административно-территориальная единица	Украинская Советская Социалистическая Республика	0	0	1945-06-29	1946-01-22	0	2.805914360532351
1948	унгвар	Q156711	Ужгород	P131	административно-территориальная единица	Закарпатская область	0	0	1946-01-22	0	0	2.805914360532351
2009	ундина	Q304599	Ундина	P577	дата публикации	0	0	2009-01-01	0	0	0	4.347824938537375
[1989, 2007]	университет	Q1346776	Университет	P577	дата публикации	0	0	2000-01-01	0	0	0	0.27410294230330623
[1988, 1993]	уникс	Q25757	УНИКС	P571	дата основания / создания / возникновения	0	0	1991-01-01	0	0	0	-0.33394805448375814
[2002, 2004]	унитас	Q716029	Унитас, Джонни	P570	дата смерти	0	0	2002-09-11	0	0	0	0.16172870755750615
2006	уномеривать	Q4475974	Уномерь	P131	административно-территориальная единица	Батецкий район	0	0	1927-08-01	2005-11-10	0	3.715271033506863
2006	уномеривать	Q4475974	Уномерь	P131	административно-территориальная единица	Передольское сельское поселение	0	0	2005-11-11	0	0	3.715271033506863
1985	унр	Q1361708	Унру, Уильям	P166	полученные награды	Steacie Prize	0	0	0	0	1983-01-01	2.3940587458437936
[1964, 1971]	унтунг	Q4251401	Унтунг Шамсури	P570	дата смерти	0	0	1966-01-01	0	0	0	0.6309039207527607
[1934, 1938]	уоддингтон	Q1737059	Уоддингтон	P793	ключевое событие	первое восхождение	0	0	0	0	1936-01-01	-0.006457780912606359
1992	упица	Q330259	Упице	P31	это частный случай понятия	Q7841907	0	0	1990-11-24	0	0	2.99473128871243
1992	упоров	Q4476342	Упорова, Анна Георгиевна	P570	дата смерти	0	0	1990-08-26	0	0	0	4.151726504484279
[1999, 2000]	ураган	Q832732	Ураган	P577	дата публикации	0	0	1999-09-17	0	0	0	-0.5872103904909045
[1935, 1939]	уралвагонзавод	Q1762250	Уралвагонзавод	P571	дата основания / создания / возникновения	0	0	1936-01-01	0	0	0	0.557072319532352
[2004, 2008]	урали	Q4476654	Урали	P131	административно-территориальная единица	Красновское сельское поселение	0	0	2004-12-02	0	0	-0.4170421565255367
1927	урат	Q152032	(3722) Урата	P575	дата открытия	0	0	1927-10-29	0	0	0	4.587050408709569
2005	урбанька	Q1383261	Урбанек, Алеш	P54	член спортивной команды	Спарта	0	0	2004-01-01	2005-01-01	0	3.2982651830901495
[2001, 2007]	урбанька	Q1383261	Урбанек, Алеш	P54	член спортивной команды	молодёжная сборная Чехии по футболу	0	0	1999-01-01	2001-01-01	0	0.17985245033024083
2005	урбанька	Q1383261	Урбанек, Алеш	P54	член спортивной команды	Петржалка	0	0	2005-01-01	2006-01-01	0	3.2982651830901495
2005	урбанька	Q1383261	Урбанек, Алеш	P54	член спортивной команды	Спартак	0	0	2004-01-01	2004-01-01	0	3.2982651830901495
[1997, 1998]	урбанька	Q1383261	Урбанек, Алеш	P54	член спортивной команды	Простеёв	0	0	1997-01-01	1998-01-01	0	-0.05901859802448141
[2001, 2007]	урбанька	Q1383261	Урбанек, Алеш	P54	член спортивной команды	Славия	0	0	2006-01-01	2007-01-01	0	0.17985245033024083
2005	урбанька	Q1383261	Урбанек, Алеш	P54	член спортивной команды	Сигма	0	0	1999-01-01	2003-01-01	0	3.2982651830901495
[1998, 2002]	урекян	Q2143400	Урекян, Серафим Александрович	P166	полученные награды	орден Республики	0	0	0	0	2000-01-01	0.22195443020932154
[1969, 1973]	уркать	Q77679	Уркал, Октай	P569	дата рождения	0	0	1970-01-15	0	0	0	-0.48520361597227274
2009	урмаев	Q20483278	Урмаев, Николай Андреевич	P570	дата смерти	0	0	1959-01-01	0	0	0	5.555097292855776
[2005, 2007]	урнек	Q15379922	Урнек	P131	административно-территориальная единица	Савальское сельское поселение	0	0	2006-01-01	0	0	-0.5111647738015045
1994	урод	Q1133723	Уродцы	P166	полученные награды	Национальный реестр фильмов США	0	0	0	0	1994-01-01	2.1569641456406186
1970	урсула	Q7901217	Урсула	P577	дата публикации	0	0	1969-01-01	0	0	0	4.365066581889296
[1930, 1932]	уругвай	Q3296159	Уругвай	P571	дата основания / создания / возникновения	0	0	1931-01-01	0	0	0	-0.3630752549185697
[1930, 1932]	уругвай	Q3296159	Уругвай	P1619	дата официального открытия	0	0	1931-01-01	0	0	0	-0.3630752549185697
1949	урумчи	Q335040	Урумчи	P131	административно-территориальная единица	Урумчи	0	0	1949-12-17	1954-07-07	0	3.0235032527373695
[1955, 1959]	урумчи	Q16959	Урумчи	P131	административно-территориальная единица	Синьцзян-Уйгурский автономный район	0	0	1955-10-01	0	0	0.13337605227061827
1949	урумчи	Q16959	Урумчи	P131	административно-территориальная единица	Синьцзян	0	0	1912-01-01	1949-12-16	0	3.0235032527373695
1949	урумчи	Q16959	Урумчи	P131	административно-территориальная единица	Синьцзян	0	0	1949-12-17	1955-09-30	0	3.0235032527373695
[1955, 1959]	урумчи	Q335040	Урумчи	P131	административно-территориальная единица	Чанцзи-Хуэйский автономный округ	0	0	1954-07-08	1958-12-31	0	0.13337605227061827
1949	урумчи	Q335040	Урумчи	P131	административно-территориальная единица	Синьцзян	0	0	1912-01-01	1949-12-16	0	3.0235032527373695
1929	урусовый	Q18409867	Урусово	P131	административно-территориальная единица	Ардатовский район	0	0	1928-07-16	2004-12-27	0	3.3494581066506623
1947	урусс	Q4477419	Уруссу	P571	дата основания / создания / возникновения	0	0	1947-01-01	0	0	0	3.804398113938969
[2004, 2006]	урывок	Q4477466	Урывки	P131	административно-территориальная единица	Волчанский сельсовет	0	0	2004-09-23	0	0	-0.16563631865408715
[2004, 2006]	урывок	Q4477466	Урывки	P131	административно-территориальная единица	Елецкий район	0	0	1928-07-10	2004-09-22	0	-0.16563631865408715
[1929, 1935]	урюпинск	Q105538	Урюпинск	P131	административно-территориальная единица	Сталинградский край	0	0	1934-01-10	1936-12-04	0	0.39484105791889906
2005	урюпинск	Q105538	Урюпинск	P131	административно-территориальная единица	Городской округ город Урюпинск	0	0	2005-02-21	0	0	2.330738888340028
2005	урюпинск	Q105538	Урюпинск	P131	административно-территориальная единица	Волгоградская область	0	0	1936-12-05	2005-02-20	0	2.330738888340028
[1972, 1978]	урядовый	Q518887	Наталья Урядова	P569	дата рождения	0	0	1977-03-15	0	0	0	-0.33186071260575745
[2004, 2008]	ус	Q71920	Усы	P577	дата публикации	0	0	2005-01-01	0	0	0	-0.532605377723837
2004	усама	Q1352631	Усама	P577	дата публикации	0	0	2004-01-15	0	0	0	1.7363722549511265
2003	усама	Q1352631	Усама	P577	дата публикации	0	0	2003-01-01	0	0	0	2.476236126827011
[1951, 1953]	усатова	Q4477603	Нина Усатова	P569	дата рождения	0	0	1951-10-01	0	0	0	0.16904036749051773
[1953, 1960]	уси	Q42651	Уси	P131	административно-территориальная единица	Цзянсу	0	0	1953-01-01	0	0	-0.23219649794771147
1962	уси	Q1365459	Уси	P131	административно-территориальная единица	Сычуань	0	0	1912-01-01	1949-12-31	0	2.0602597183433042
1962	уси	Q42651	Уси	P131	административно-территориальная единица	Цзянсу	0	0	1912-01-01	1937-12-31	0	2.0602597183433042
[1966, 1982]	усманов	Q503147	Алишер Бурханович Усманов	P69	учебное заведение	Московский государственный университет	0	0	1976-01-01	0	0	0.4359500405437893
[1966, 1982]	усманов	Q503147	Алишер Бурханович Усманов	P69	учебное заведение	МГИМО	0	0	1970-01-01	1976-01-01	0	0.4359500405437893
[2004, 2005]	усмань	Q196907	Усмань	P131	административно-территориальная единица	Усманский район	0	0	1928-01-01	2004-01-01	0	-0.4061495883690963
[2004, 2005]	усмань	Q196907	Усмань	P131	административно-территориальная единица	Городское поселение город Усмань	0	0	2004-01-01	0	0	-0.4061495883690963
[2003, 2007]	успенский	Q15409695	Успенские	P131	административно-территориальная единица	Люмпанурское сельское поселение	0	0	2006-01-01	0	0	-0.44667070933398073
[2003, 2007]	успенский	Q18804755	Успенский	P131	административно-территориальная единица	Сельское поселение Успенское	0	0	2005-01-21	2015-11-07	0	-0.44667070933398073
[1928, 1929]	успенское	Q4478082	Успенское	P131	административно-территориальная единица	Мокшанский район	0	0	1928-07-16	2004-11-01	0	0.4928191796633062
[1928, 1929]	успенское	Q4478082	Успенское	P131	административно-территориальная единица	Пензенский уезд	0	0	1925-03-01	1928-07-15	0	0.4928191796633062
[1966, 1970]	устер	Q64032	Устер	P6	глава правительства	Werner Graf	0	0	1962-01-01	1966-01-01	0	0.025927967961567953
[1997, 1999]	устер	Q64032	Устер	P6	глава правительства	Hans Thalmann	0	0	1986-01-01	1998-01-01	0	-0.03851485211687387
[1966, 1970]	устер	Q64032	Устер	P6	глава правительства	Хофман, Альберт	0	0	1966-01-01	1974-01-01	0	0.025927967961567953
[1986, 1988]	устер	Q64032	Устер	P6	глава правительства	Walter Flach	0	0	1974-01-01	1986-01-01	0	-0.44182645754621347
1949	устер	Q64032	Устер	P6	глава правительства	Ernst Wettstein	0	0	1948-01-01	1958-01-01	0	1.9309834779490027
[1997, 1999]	устер	Q64032	Устер	P6	глава правительства	Elisabeth Surbeck	0	0	1998-01-01	2006-01-01	0	-0.03851485211687387
1949	устер	Q64032	Устер	P6	глава правительства	Emil Stadler-Gujer	0	0	1938-01-01	1948-01-01	0	1.9309834779490027
[1924, 1929]	устинович	Q20611729	Устиновичи	P131	административно-территориальная единица	Q46015239	0	0	1773-01-01	1924-07-17	0	-0.14285032272245574
[1924, 1929]	устинович	Q20611729	Устиновичи	P131	административно-территориальная единица	Сидоровский сельсовет	0	0	1924-07-17	0	0	-0.14285032272245574
1939	утва	Q2301266	УТВА	P571	дата основания / создания / возникновения	0	0	1937-01-01	0	0	0	4.902363081816727
1946	утемис	Q2380565	Утемисов, Махамбет	P570	дата смерти	0	0	1846-10-20	0	0	0	4.230709765046626
1928	утопленник	Q21531223	Утопленник	P571	дата основания / создания / возникновения	0	0	1828-01-01	0	0	0	1.9201201302907354
1944	утягулов	Q4479036	Утягулов, Зубай Тухватович	P570	дата смерти	0	0	1943-01-15	0	0	0	3.844404294912966
1925	уфа	Q650285	Уфа	P571	дата основания / создания / возникновения	0	0	1924-01-01	0	0	0	1.9756689643256196
1956	учалы	Q197345	Учалы	P571	дата основания / создания / возникновения	0	0	1955-01-01	0	0	0	3.453212736289869
[1990, 1991]	участковый	Q4479299	Участковый уполномоченный полиции	P582	дата окончания	0	0	1990-10-02	0	0	0	-0.7105683726149649
[1952, 1954]	участковый	Q4479299	Участковый уполномоченный полиции	P580	дата начала	0	0	1952-10-01	0	0	0	-0.392826831479739
1986	учжа	Q1198793	Учжи	P131	административно-территориальная единица	Цзяоцзо	0	0	1986-02-01	0	0	4.573483290348536
1986	учжа	Q1198793	Учжи	P131	административно-территориальная единица	Специальный район Синьсян	0	0	1949-09-01	1986-01-31	0	4.573483290348536
[1958, 1959]	учкудук	Q6364	Учкудук	P571	дата основания / создания / возникновения	0	0	1958-01-01	0	0	0	-0.01797485757931014
[2002, 2006]	ушак	Q4479486	Ушаки	P131	административно-территориальная единица	Тосненский район	0	0	1930-08-19	2005-12-31	0	-0.1970056741974502
[1955, 1960]	ушинка	Q18804939	Ушинка	P131	административно-территориальная единица	Белинский район	0	0	1959-10-01	2004-11-02	0	0.0715498604709701
[1955, 1960]	ушинка	Q18804939	Ушинка	P131	административно-территориальная единица	Поимский район	0	0	1928-07-16	1959-10-01	0	0.0715498604709701
2006	уэльбек	Q103114	Мишель Уэльбек	P569	дата рождения	0	0	1956-02-26	0	0	0	2.246415216988585
[1957, 1961]	юаньш	Q1333559	Юаньши	P131	административно-территориальная единица	Шицзячжуан	0	0	1960-03-01	1961-04-27	0	-0.28782795093375846
[1957, 1961]	юаньш	Q1333559	Юаньши	P131	административно-территориальная единица	Специальный район Шицзячжуан	0	0	1949-08-01	1960-02-28	0	-0.28782795093375846
1961	юас	Q193619	Южно-Африканский Союз	P37	официальный язык	английский язык	0	0	1910-05-31	1961-05-31	0	1.7200988975818048
1961	юас	Q193619	Южно-Африканский Союз	P37	официальный язык	африкаанс	0	0	1927-01-01	1961-05-31	0	1.7200988975818048
1961	юас	Q193619	Южно-Африканский Союз	P31	это частный случай понятия	доминион	0	0	1910-05-31	1961-05-31	0	1.7200988975818048
1961	юас	Q193619	Южно-Африканский Союз	P38	денежная единица	южноафриканский рэнд	0	0	1961-02-14	0	0	1.7200988975818048
[2001, 2003]	ювентус	Q1422	Ювентус	P414	биржа	Итальянская фондовая биржа	0	0	2001-12-20	0	0	0.06657293646570898
2006	ювентус	Q1422	Ювентус	P286	тренер	Липпи, Марчелло	0	0	2001-07-01	2004-05-28	0	3.655855898535097
2006	ювентус	Q1422	Ювентус	P115	домашний стадион	Делле Альпи	0	0	1990-01-01	2006-01-01	0	3.655855898535097
2006	ювентус	Q1422	Ювентус	P115	домашний стадион	Олимпийский стадион	0	0	2006-01-01	2011-01-01	0	3.655855898535097
2006	ювентус	Q1422	Ювентус	P286	тренер	Капелло, Фабио	0	0	2004-05-29	2006-07-04	0	3.655855898535097
2006	ювентус	Q1422	Ювентус	P488	руководитель	Alfred Dick	0	0	1904-01-01	1906-01-01	0	3.655855898535097
[1985, 1987]	ювентус	Q1422	Ювентус	P286	тренер	Трапаттони, Джованни	0	0	1976-07-01	1986-05-03	0	0.021377303031895185
2006	ювентус	Q1422	Ювентус	P286	тренер	Дешам, Дидье	0	0	2006-07-10	2007-05-26	0	3.655855898535097
[2001, 2003]	ювентус	Q1422	Ювентус	P286	тренер	Карло Анчелотти	0	0	1999-02-07	2001-06-30	0	0.06657293646570898
2008	ювентус	Q1422	Ювентус	P286	тренер	Раньери, Клаудио	0	0	2007-07-01	2009-05-18	0	2.2185125980972784
1942	югославия	Q140763	(1554) Югославия	P575	дата открытия	0	0	1940-09-06	0	0	0	3.4593864514019357
[1991, 1996]	югославия	Q36704	Югославия	P576	дата прекращения существования	0	0	1992-01-01	0	0	0	-0.351751608029427
[1991, 1996]	югославия	Q838261	Союзная Республика Югославия	P571	дата основания / создания / возникновения	0	0	1992-04-27	0	0	0	-0.351751608029427
[1940, 1946]	югославия	Q191077	Королевство Югославия	P576	дата прекращения существования	0	0	1945-01-01	0	0	0	1.7615912455526546
[1940, 1946]	югославия	Q1256633	Югославия	P576	дата прекращения существования	0	0	1945-01-01	0	0	0	1.7615912455526546
1943	югославия	Q191077	Королевство Югославия	P576	дата прекращения существования	0	0	1943-01-01	0	0	0	4.0451884083519465
1946	юджин	Q171224	Юджин	P571	дата основания / создания / возникновения	0	0	1846-01-01	0	0	0	2.135107371617169
[1989, 1993]	юдифь	Q464199	Мария Кац	P2031	начало периода активности	0	0	1989-01-01	0	0	0	0.10623357105287363
1930	юдовский	Q4533864	Юдовский, Владимир Григорьевич	P569	дата рождения	0	0	1880-08-27	0	0	0	3.730920231235054
1974	южкузбассуголь	Q4533885	Южкузбассуголь	P571	дата основания / создания / возникновения	0	0	1974-01-01	0	0	0	3.1512883749804668
2005	южноуральск	Q198820	Южноуральск	P131	административно-территориальная единица	Южноуральский городской округ	0	0	2005-01-01	0	0	1.9693003707409118
2005	южноуральск	Q198820	Южноуральск	P131	административно-территориальная единица	Челябинская область	0	0	1934-01-17	2005-01-01	0	1.9693003707409118
[1990, 1993]	южноуральск	Q198820	Южноуральск	P17	государство	Россия	0	0	1991-01-01	0	0	-0.32275443312820123
[2004, 2007]	южный	Q15364907	Южная	P131	административно-территориальная единица	Яхреньгское сельское поселение	0	0	2006-01-01	0	0	-0.7190385940834878
[2004, 2007]	южный	Q27598399	Южный	P131	административно-территориальная единица	Новосмаильское сельское поселение	0	0	2006-01-01	0	0	-0.7190385940834878
1998	юзыкайн	Q2834146	Юзыкайн, Александр Михайлович	P570	дата смерти	0	0	1996-12-17	0	0	0	1.7677843479333786
[1968, 1970]	юйлинь	Q515712	Юйлинь	P571	дата основания / создания / возникновения	0	0	1969-01-01	0	0	0	-0.6800399963594964
1950	юйтянь	Q640016	Юйтянь	P131	административно-территориальная единица	Специальный район Таншань	0	0	1949-08-01	1983-03-02	0	3.7956792799189363
1950	юйтянь	Q640016	Юйтянь	P131	административно-территориальная единица	Хэбэй	0	0	1945-09-03	1948-12-31	0	3.7956792799189363
[1980, 1981]	юка	Q9077949	Юка	P569	дата рождения	0	0	1980-06-27	0	0	0	0.5207578345493863
[2007, 2009]	юкспаривать	Q4023220	Юкспорит	P579	IMA-статус	унаследованный минерал	0	0	2007-03-01	0	0	-0.41033863631942696
1996	юлиан	Q513545	Юлиан	P39	занимаемая должность	католический епископ	0	0	1994-07-07	0	0	2.954047972463296
2004	юлово	Q19638831	Юлово	P131	административно-территориальная единица	Городищенский район	0	0	1928-07-16	2004-11-01	0	4.309436797874366
2004	юлово	Q19638831	Юлово	P131	административно-территориальная единица	Юловский сельсовет	0	0	2004-11-02	0	0	4.309436797874366
1975	юморина	Q1957490	Юморина	P571	дата основания / создания / возникновения	0	0	1973-01-01	0	0	0	2.946411199731642
[1986, 1988]	юнгородок	Q2328158	Юнгородок	P1619	дата официального открытия	0	0	1987-12-26	0	0	0	-0.18123597778890913
[1986, 1988]	юнгородок	Q2328158	Юнгородок	P571	дата основания / создания / возникновения	0	0	1987-01-01	0	0	0	-0.18123597778890913
[1946, 1950]	юнеско	Q7809	ЮНЕСКО	P571	дата основания / создания / возникновения	0	0	1946-12-11	0	0	0	-1.0315954349285132
[1963, 1975]	юнидо	Q386120	ЮНИДО	P571	дата основания / создания / возникновения	0	0	1966-01-01	0	0	0	-0.12634391107088314
[2008, 2009]	юник	Q794068	Юник	P571	дата основания / создания / возникновения	0	0	2008-01-01	0	0	0	-0.35843095732903996
[1990, 2005]	юнити	Q533336	Юнити	P793	ключевое событие	запуск ракеты	0	0	0	0	1998-12-04	0.6525961106306724
1981	юнусабад	Q8061403	Юнусабад	P571	дата основания / создания / возникновения	0	0	1981-01-01	0	0	0	1.6515744038424551
[1945, 1946]	юнцзи	Q1361207	Юнцзи	P131	административно-территориальная единица	Маньчжурия под оккупацией СССР	0	0	1945-09-03	1946-03-31	0	0.5060187372234081
[1945, 1946]	юнцзи	Q1361207	Юнцзи	P131	административно-территориальная единица	Гирин	0	0	1932-03-09	1945-09-02	0	0.5060187372234081
1950	юньян	Q14447	Юньян	P131	административно-территориальная единица	Сычуань	0	0	1912-01-01	1949-12-31	0	3.177712339626636
1950	юньян	Q14447	Юньян	P131	административно-территориальная единица	Специальный район Ваньсянь	0	0	1950-01-01	1992-12-14	0	3.177712339626636
1958	юра	Q15059547	Юра	P1191	первое исполнение	0	0	1958-04-08	0	0	0	2.667684838541511
[1924, 1929]	юра	Q15059547	Юра	P571	дата основания / создания / возникновения	0	0	1928-01-01	0	0	0	-0.2182219312678273
[2000, 2006]	юра	Q15059547	Юра	P577	дата публикации	0	0	2000-01-01	0	0	0	-0.6166768983497333
[1924, 1929]	юра	Q15059547	Юра	P1191	первое исполнение	0	0	1928-01-01	0	0	0	-0.2182219312678273
1996	юрий	Q2529407	Юрий	P131	административно-территориальная единица	Южно-Курильский городской округ	0	0	1946-02-02	0	0	2.2714250083023013
1993	юрий	Q2529407	Юрий	P17	государство	СССР	0	0	1945-01-01	1991-01-01	0	1.8395507767464907
1983	юрлов	Q570770	(7558) Юрлов	P575	дата открытия	0	0	1982-10-14	0	0	0	3.2281553871349473
1989	юрмала	Q6315306	Юрмала	P582	дата окончания	0	0	1989-01-01	0	0	0	3.6934799460578485
1987	юрмала	Q6315306	Юрмала	P580	дата начала	0	0	1986-01-01	0	0	0	4.3224186039965575
[2006, 2009]	юрмала	Q569795	Юрмала	P571	дата основания / создания / возникновения	0	0	2008-01-01	0	0	0	-0.10258276721568411
1980	юрсенар	Q163118	Маргерит Юрсенар	P463	участник организации или клуба	Французская академия	0	0	1980-03-06	0	0	1.9271969354667222
1927	юрьев	Q33342	Белая Церковь	P131	административно-территориальная единица	Белоцерковский округ	0	0	1925-06-01	1930-01-01	0	2.0628758633320143
1927	юрьев	Q33342	Белая Церковь	P131	административно-территориальная единица	Киевская губерния	0	0	1793-01-01	1925-06-01	0	2.0628758633320143
1927	юрьев	Q21854700	Юрьево	P131	административно-территориальная единица	Сухиничский уезд	0	0	1927-07-11	1929-09-30	0	2.0628758633320143
1933	юст	Q936453	Юсте	P1435	статус наследия	объект культурного наследия Испании	0	0	1931-06-03	0	0	1.961903642799538
[1940, 1946]	юстас	Q1268324	Юстас, Арним	P569	дата рождения	0	0	1944-10-05	0	0	0	-0.12006829836454966
[1987, 2004]	юстиция	Q2047673	Юстиция	P17	государство	Испания	0	0	1988-01-01	0	0	0.14337700503791828
[2003, 2009]	юфу	Q2065921	Южный федеральный университет	P571	дата основания / создания / возникновения	0	0	2006-01-01	0	0	0	0.7947837959654453
