Year or Period	Unigram	#Q	Subject	#P	Predicate	Object	Organization	Just Date	Start Time	End Time	Time Point	growth_speed
[1994, 2004]	хабар	Q4056875	Телеканал Хабар	P571	дата основания / создания / возникновения	0	0	1995-10-23	0	0	0	-0.4054238808589996
[1990, 1992]	хабургаев	Q4494431	Георгий Александрович Хабургаев	P570	дата смерти	0	0	1991-02-03	0	0	0	-0.4406405760302654
[1957, 1966]	хайдеггер	Q48301	Хайдеггер, Мартин	P463	участник организации или клуба	Гейдельбергская академия наук	0	0	1958-01-01	0	0	-0.580928646498654
1924	хайлар	Q986724	Хайлар	P131	административно-территориальная единица	Хэйлунцзян	0	0	1912-01-01	1922-12-31	0	3.1435978569276446
1924	хайлар	Q986724	Хайлар	P131	административно-территориальная единица	Особый район Восточных провинций	0	0	1923-01-01	1935-03-22	0	3.1435978569276446
[1999, 2001]	хаймович	Q2061599	Хаймович, Зеэв	P54	член спортивной команды	Israel national under-17 football team	0	0	1998-01-01	2000-01-01	0	-0.2009392689355379
1998	хайфа	Q41621	Хайфа	P17	государство	Подмандатная Палестина	0	0	1917-12-01	1948-05-13	0	2.2407296948600433
1998	хайфа	Q41621	Хайфа	P17	государство	Израиль	0	0	1948-05-14	0	0	2.2407296948600433
[2002, 2006]	хайфа	Q41621	Хайфа	P6	глава правительства	Яхав, Йона	0	0	2003-10-29	2018-11-20	0	0.46957712858915973
[2002, 2006]	хайфа	Q41621	Хайфа	P6	глава правительства	Мицна, Амрам	0	0	1993-01-01	2003-01-01	0	0.46957712858915973
[2002, 2006]	хайфа	Q41621	Хайфа	P6	глава правительства	Giora Fisher	0	0	2003-01-01	2003-01-01	0	0.46957712858915973
[2001, 2002]	хайям	Q1708126	Хайям	P571	дата основания / создания / возникновения	0	0	2001-08-28	0	0	0	0.5989954611492241
[1965, 1966]	хак	Q63439	Хаке, Александр	P569	дата рождения	0	0	1965-10-11	0	0	0	-0.4911869165063907
1981	хак	Q63439	Хаке, Александр	P2031	начало периода активности	0	0	1980-01-01	0	0	0	3.6168790121089303
[1957, 1962]	хакодат	Q1155685	Хакодате	P1619	дата официального открытия	0	0	1961-01-01	0	0	0	-0.4017521328078055
2002	хакодат	Q1151274	Хакодате	P571	дата основания / создания / возникновения	0	0	1902-12-10	0	0	0	2.0423636965365315
2002	хакодат	Q1151274	Хакодате	P1619	дата официального открытия	0	0	1902-12-10	0	0	0	2.0423636965365315
[1957, 1962]	хакодат	Q1155685	Хакодате	P571	дата основания / создания / возникновения	0	0	1961-01-01	0	0	0	-0.4017521328078055
1971	халед	Q312609	Халед	P2031	начало периода активности	0	0	1970-01-01	0	0	0	1.7581157561778273
[1960, 1961]	халиско	Q1346716	Халиско	P1619	дата официального открытия	0	0	1960-01-01	0	0	0	0.4184722691190287
2009	халка	Q62786	Халк	P54	член спортивной команды	Порту	0	0	2008-01-01	2012-01-01	0	3.7531544799391954
2009	халка	Q62786	Халк	P54	член спортивной команды	Токио Верди	0	0	2008-01-01	2008-01-01	0	3.7531544799391954
2009	халка	Q62786	Халк	P54	член спортивной команды	Токио Верди	0	0	2007-01-01	2007-01-01	0	3.7531544799391954
2009	халка	Q62786	Халк	P54	член спортивной команды	Кавасаки Фронтале	0	0	2005-01-01	2008-01-01	0	3.7531544799391954
2009	халка	Q62786	Халк	P54	член спортивной команды	сборная Бразилии по футболу	0	0	2009-01-01	0	0	3.7531544799391954
1993	хальк	Q1186355	Народно-демократическая партия Афганистана	P576	дата прекращения существования	0	0	1992-03-01	0	0	0	3.916068840113515
1938	хам	Q15727148	Хам	P577	дата публикации	0	0	1888-01-01	0	0	0	2.023119538047646
1938	хам	Q15727148	Хам	P571	дата основания / создания / возникновения	0	0	1888-01-01	0	0	0	2.023119538047646
[1989, 1990]	хаменей	Q57336	Али Хаменеи	P39	занимаемая должность	Высший руководитель Ирана	0	0	1989-06-04	0	0	-0.047652956875192776
[1989, 1990]	хаменей	Q57336	Али Хаменеи	P39	занимаемая должность	президент Ирана	0	0	1981-10-13	1989-08-03	0	-0.047652956875192776
[1994, 2007]	хан	Q21029104	Хан	P577	дата публикации	0	0	2006-01-01	0	0	0	0.3234693250482495
1998	ханна	Q21646464	Ханна	P577	дата публикации	0	0	1996-10-18	0	0	0	2.21829066866819
[1974, 1980]	ханой	Q1858	Ханой	P1376	является столицей	Демократическая Республика Вьетнам	0	0	1945-09-02	1976-07-02	0	-0.07312328363893804
1998	хаос	Q21213173	Хаос	P577	дата публикации	0	0	1898-01-01	0	0	0	2.5184584163789987
1998	хаос	Q146337	(19521) Хаос	P575	дата открытия	0	0	1998-11-19	0	0	0	2.5184584163789987
2005	хаос	Q1062533	Хаос	P577	дата публикации	0	0	2005-12-15	0	0	0	2.034718585880514
[1996, 2001]	харджиев	Q4495789	Харджиев, Николай Иванович	P570	дата смерти	0	0	1996-06-10	0	0	0	0.4143992842713387
[2001, 2007]	харитоновый	Q15364613	Харитоново	P131	административно-территориальная единица	Папуловское сельское поселение	0	0	2006-01-01	0	0	-0.4019154329487324
1989	харлем	Q854141	Харлем	P31	это частный случай понятия	футбольный клуб	0	0	1889-10-01	2010-01-25	0	2.0235166466370473
1998	харра	Q4496050	Харр, Джонатан	P569	дата рождения	0	0	1948-01-01	0	0	0	2.4463913528117
[1978, 1979]	харрод	Q554317	Харрод, Рой	P570	дата смерти	0	0	1978-03-08	0	0	0	-0.20362703334537255
1981	харузина	Q4496128	Харузина, Вера Николаевна	P570	дата смерти	0	0	1931-05-17	0	0	0	2.0270583674479132
[1957, 1961]	хасан	Q1010163	Хасан	P571	дата основания / создания / возникновения	0	0	1959-01-01	0	0	0	0.1823091034678717
[1995, 2007]	хата	Q180795	Мохаммад Хатами	P2031	начало периода активности	0	0	1997-01-01	0	0	0	0.5419833874488583
1939	хатаевич	Q4496515	Хатаевич, Мендель Маркович	P570	дата смерти	0	0	1937-10-30	0	0	0	2.4278587280079615
[2000, 2002]	хатор	Q187462	Звёздные врата: SG-1	P577	дата публикации	0	0	2000-01-01	0	0	0	-0.24876120631444887
2006	хвостовый	Q19888595	Хвостово	P131	административно-территориальная единица	Андреапольское сельское поселение	0	0	2005-01-01	0	0	2.2930715441021485
1941	хевисайд	Q154345	Хевисайд, Оливер	P166	полученные награды	член Лондонского королевского общества	0	0	1891-01-01	0	0	3.665105601616094
[1956, 1957]	хейр	Q130906	Хейр, Тракстон	P570	дата смерти	0	0	1956-02-02	0	0	0	0.13782117507988478
[1994, 1995]	хемница	Q1803113	Хемниц	P576	дата прекращения существования	0	0	1994-01-01	0	0	0	-0.5435853673066038
2008	хиллари	Q33817	Эдмунд Хиллари	P570	дата смерти	0	0	2008-01-11	0	0	0	2.2855583470441303
[1951, 1953]	хиндемит	Q57244	Пауль Хиндемит	P166	полученные награды	Гамбургская премия имени Баха	0	0	0	0	1951-01-01	-0.5789108069965091
[1959, 1967]	хиндемит	Q57244	Пауль Хиндемит	P166	полученные награды	Берлинская художественная премия	0	0	0	0	1963-01-01	-0.3806476141533665
[1959, 1967]	хиндемит	Q57244	Пауль Хиндемит	P166	полученные награды	премия Бальцана	0	0	0	0	1962-01-01	-0.3806476141533665
[1960, 1965]	хиросима	Q148410	(2247) Хиросима	P575	дата открытия	0	0	1960-09-24	0	0	0	0.3676816619941783
[1949, 1954]	хиросима	Q11276735	Хиросима	P577	дата публикации	0	0	1953-01-01	0	0	0	-0.868288397430681
1952	хит	Q1008645	Хит	P571	дата основания / создания / возникновения	0	0	1952-01-01	0	0	0	2.0144757930631787
2006	хитрово	Q550841	Хитрово	P131	административно-территориальная единица	Богдановщинское сельское поселение	0	0	2004-12-02	0	0	3.226245584978164
[1964, 1966]	хитрый	Q109025	Хитра	P36	столица	Fillan	0	0	1964-01-01	0	0	-0.5946788240042118
[1936, 1940]	хлопок	Q21645128	Хлопок	P571	дата основания / создания / возникновения	0	0	1939-01-01	0	0	0	0.008110589570939996
[1945, 1949]	хлопок	Q21645125	Хлопок	P577	дата публикации	0	0	1947-01-01	0	0	0	1.3407863678211747
[1936, 1937]	хлынов	Q5384	Киров	P131	административно-территориальная единица	Кировский край	0	0	1934-12-07	1936-12-06	0	-0.18803484756230335
[1936, 1937]	хлынов	Q5384	Киров	P131	административно-территориальная единица	Кировская область	0	0	1936-12-07	2005-01-01	0	-0.18803484756230335
[2003, 2008]	хмелевой	Q15364611	Хмелевая	P131	административно-территориальная единица	Юбилейное сельское поселение	0	0	2006-01-01	0	0	-0.5143681641468144
1923	хмельник	Q1011310	Хмельник	P131	административно-территориальная единица	Хмельницкий район	0	0	1923-03-07	1979-01-01	0	2.646283681506939
1923	хмельник	Q21673975	Хмельники	P131	административно-территориальная единица	Хмельниковский сельсовет	0	0	1921-01-01	1995-02-09	0	2.646283681506939
1997	хмельник	Q21673975	Хмельники	P131	административно-территориальная единица	Купанский сельский округ	0	0	1995-02-09	2006-03-01	0	3.5635029528535576
1999	хмылев	Q1713882	Хмылёв, Юрий Алексеевич	P118	выступает в лиге	Национальная хоккейная лига	0	0	1992-01-01	1997-01-01	0	3.0496327792526263
1941	хойт	Q1156960	Хойт	P569	дата рождения	0	0	1940-06-01	0	0	0	3.695592364352967
[1944, 1945]	холм	Q234184	Хелм	P131	административно-территориальная единица	дистрикт Люблин	0	0	1939-10-26	1944-07-25	0	0.6982553722956844
2000	холм	Q234184	Хелм	P131	административно-территориальная единица	Люблинское воеводство	0	0	1999-01-01	0	0	1.7764124785629603
2000	холм	Q234184	Хелм	P1376	является столицей	Хелмское воеводство	0	0	1975-06-01	1998-12-31	0	1.7764124785629603
1998	холмогорский	Q25394338	Холмогорская	P1619	дата официального открытия	0	0	1898-01-01	0	0	0	3.917515806805556
[1989, 1990]	холодный	Q25393953	Холодная	P1619	дата официального открытия	0	0	1989-01-01	0	0	0	-0.2806240236184252
[1995, 2006]	холодный	Q4499327	Холодное	P576	дата прекращения существования	0	0	2004-01-01	0	0	0	0.2605838675668259
1989	хомейня	Q38823	Рухолла Мусави Хомейни	P39	занимаемая должность	Высший руководитель Ирана	0	0	1979-12-03	1989-06-03	0	2.708383964083306
1946	хомутово	Q766117	Аэропорт Южно-Сахалинск имени Антона Чехова	P1619	дата официального открытия	0	0	1945-01-01	0	0	0	3.5323589420379293
[1985, 1989]	хонда	Q748259	(3904) Хонда	P575	дата открытия	0	0	1988-02-22	0	0	0	0.9232979582635179
[1994, 2000]	хорватия	Q224	Хорватия	P35	глава государства	Франьо Туджман	0	0	1990-05-30	1999-12-10	0	0.01386623091487127
1946	хорватия	Q153128	Независимое государство Хорватия	P31	это частный случай понятия	марионеточное государство	Королевство Италия	0	1941-01-01	1945-01-01	0	4.566926037048446
[2005, 2008]	хорватия	Q224	Хорватия	P463	участник организации или клуба	Австралийская группа	0	0	2007-01-01	0	0	-0.3181913382675473
[1994, 2000]	хорватия	Q224	Хорватия	P463	участник организации или клуба	Международный центр по урегулированию инвестиционных споров	0	0	1998-10-22	0	0	0.01386623091487127
1946	хорватия	Q209062	СР Хорватия	P31	это частный случай понятия	республика в составе СФРЮ	0	0	1946-01-27	1991-06-25	0	4.566926037048446
1946	хорватия	Q153128	Независимое государство Хорватия	P31	это частный случай понятия	историческое государство	0	0	1945-01-01	0	0	4.566926037048446
1946	хорватия	Q153128	Независимое государство Хорватия	P31	это частный случай понятия	марионеточное государство	Третий рейх	0	1941-01-01	1945-01-01	0	4.566926037048446
[1994, 2000]	хорватия	Q224	Хорватия	P463	участник организации или клуба	Евроконтроль	0	0	1997-01-01	0	0	0.01386623091487127
1946	хорватия	Q153128	Независимое государство Хорватия	P1906	должность главы государства	Поглавник	0	0	1943-01-01	1945-01-01	0	4.566926037048446
1946	хорватия	Q153128	Независимое государство Хорватия	P35	глава государства	Анте Павелич	0	0	1943-01-01	1945-01-01	0	4.566926037048446
[1938, 1947]	хорватия	Q153128	Независимое государство Хорватия	P35	глава государства	Томислав II	0	0	1941-01-01	1943-01-01	0	0.33745133236731417
[1991, 1992]	хорошевский	Q2366712	Хорошёвский район	P131	административно-территориальная единица	Северный административный округ	0	0	1991-07-10	0	0	-0.059457954292841425
[1923, 1927]	хороший	Q4500134	Хорошее	P131	административно-территориальная единица	Петропавловский район	0	0	1923-03-07	0	0	0.36299008230537116
[1923, 1927]	хороший	Q4500133	Хорошее	P131	административно-территориальная единица	Славяносербский район	0	0	1923-01-01	0	0	0.36299008230537116
1946	хоруженко	Q4500217	Хоруженко, Никифор Гордеевич	P569	дата рождения	0	0	1896-06-15	0	0	0	2.8153672846379405
[2000, 2003]	хотеев	Q4500303	Станислав Александрович Хотеев	P54	член спортивной команды	Факел	0	0	2002-01-01	2003-01-01	0	0.7785499625378518
2001	хотеев	Q4500303	Станислав Александрович Хотеев	P54	член спортивной команды	Анжи	0	0	2001-01-01	2002-01-01	0	1.7087886669049432
[2004, 2008]	хотьково	Q4500437	Хотьково	P131	административно-территориальная единица	Дугинское сельское поселение	0	0	2004-12-02	0	0	-0.21066182413017803
[2004, 2008]	хотьково	Q197620	Хотьково	P131	административно-территориальная единица	Городское поселение Хотьково	0	0	2005-01-01	0	0	-0.21066182413017803
1925	хотьково	Q4500436	Хотьково	P131	административно-территориальная единица	Сельское поселение «Село Хотьково»	0	0	1924-01-01	0	0	1.8934498465379923
1972	хоум	Q975264	Хоума	P571	дата основания / создания / возникновения	0	0	1971-01-01	0	0	0	1.971277350327592
2005	хохловка	Q550812	Хохловка	P131	административно-территориальная единица	Богдановщинское сельское поселение	0	0	2004-12-02	0	0	3.778505024762207
[1966, 1968]	хребтовый	Q27455984	Хребтовый	P571	дата основания / создания / возникновения	0	0	1967-01-01	0	0	0	0.477479270295573
[2003, 2007]	хризостом	Q11690360	Хризостом	P570	дата смерти	0	0	2004-09-11	0	0	0	-0.42783781356760925
1942	хризостом	Q18279666	Хризостом	P569	дата рождения	0	0	1941-01-01	0	0	0	4.8735362199563586
[1959, 1961]	хризостом	Q19915660	Хризостом (Карагунис)	P569	дата рождения	0	0	1960-01-01	0	0	0	0.08079508423936994
[1969, 1970]	христич	Q929236	Христич, Дмитрий Анатольевич	P569	дата рождения	0	0	1969-07-23	0	0	0	-0.38765739847901065
[1947, 1951]	христофор	Q19915674	Христофор	P570	дата смерти	0	0	1950-08-30	0	0	0	0.32115715121033367
2004	христофор	Q5111818	Христофор	P577	дата публикации	0	0	2002-09-29	0	0	0	4.410602061256355
[1969, 1975]	хрун	Q455669	Евгений Васильевич Хрунов	P512	учёная степень	кандидат технических наук	0	0	0	0	1971-12-24	0.5063103606460254
[1971, 1973]	хрущев	Q35314	Никита Сергеевич Хрущёв	P570	дата смерти	0	0	1971-09-11	0	0	0	-0.44467897954616076
[2001, 2005]	хуан	Q2601094	Хуан	P582	дата окончания	0	0	2003-09-29	0	0	0	-0.2630497684057616
[2001, 2005]	хуан	Q2601094	Хуан	P580	дата начала	0	0	2003-09-24	0	0	0	-0.2630497684057616
1945	хуб	Q57579	Хубе, Ганс-Валентин	P570	дата смерти	0	0	1944-04-21	0	0	0	1.8229472898786108
1940	хуб	Q57579	Хубе, Ганс-Валентин	P569	дата рождения	0	0	1890-10-29	0	0	0	2.3505429738813577
[2000, 2005]	хуторок	Q24728082	Хуторки	P131	административно-территориальная единица	Шульгин-Логский сельсовет	0	0	2003-01-01	0	0	-0.26674909866974045
1971	хьюстон	Q502368	Хьюстон	P571	дата основания / создания / возникновения	0	0	1871-01-01	0	0	0	2.159064397618795
1971	хьюстон	Q744748	Хьюстон Интерконтинентал	P1619	дата официального открытия	0	0	1969-06-01	0	0	0	2.159064397618795
1986	хэнкок	Q427490	(3731) Хэнкок	P575	дата открытия	0	0	1984-02-20	0	0	0	1.8349427527586955
