Year or Period	Unigram	#Q	Subject	#P	Predicate	Object	Organization	Just Date	Start Time	End Time	Time Point	growth_speed
[1961, 1968]	йар	Q267584	Йеменская Арабская Республика	P571	дата основания / создания / возникновения	0	0.0	1962-09-26	0	0	0	0.02586336678266451
1996	йена	Q1787356	Йена-Ланд	P131	административно-территориальная единица	Тюрингия	0.0	0	1990-10-03	1994-07-01	0	1.793741703466309
[1965, 1969]	йер	Q319933	Йер	P131	административно-территориальная единица	Сена и Уаза	0.0	0	1790-03-04	1968-01-01	0	0.019098908862058016
[1965, 1968]	йитс	Q1929926	Йитс, Майкл	P39	занимаемая должность	член Сената Ирландии	0.0	0	1961-12-14	1965-04-28	0	-0.24633256905183426
[1965, 1968]	йитс	Q1929926	Йитс, Майкл	P39	занимаемая должность	член Сената Ирландии	0.0	0	1965-06-23	1969-07-24	0	-0.24633256905183426
1977	йитс	Q1929926	Йитс, Майкл	P39	занимаемая должность	член Сената Ирландии	0.0	0	1973-06-01	1977-06-22	0	1.9118366919908514
1977	йитс	Q1929926	Йитс, Майкл	P39	занимаемая должность	член Сената Ирландии	0.0	0	1977-10-27	1980-03-12	0	1.9118366919908514
[1993, 1994]	йоб	Q381657	Кохен, Йоб	P39	занимаемая должность	rector magnificus of Maastricht University	0.0	0	1991-01-01	1993-07-02	0	-0.29715741845887395
[1993, 1994]	йоб	Q381657	Кохен, Йоб	P39	занимаемая должность	State Secretary	0.0	0	1993-07-02	1994-08-22	0	-0.29715741845887395
[2000, 2002]	йоб	Q381657	Кохен, Йоб	P39	занимаемая должность	State Secretary	0.0	0	1998-08-03	2001-01-01	0	-0.46585199724440507
[2000, 2002]	йоб	Q381657	Кохен, Йоб	P39	занимаемая должность	мэр Амстердама	0.0	0	2001-01-15	2010-03-12	0	-0.46585199724440507
[2002, 2004]	йод	Q51730	Йода	P166	полученные награды	кинонаграда MTV за лучшую драку	0.0	0	0	0	2003-01-01	-0.4677393984967358
1988	йожеф	Q313359	Аттила Йожеф	P166	полученные награды	премия Баумгартена	0.0	0	0	0	1938-01-01	2.4183466965300964
1955	йордановский	Q1363047	Йордановский, Люпчо	P569	дата рождения	0	0.0	1953-02-13	0	0	0	2.6115296868806426
[1990, 2003]	йорк	Q520484	Йорк	P31	это частный случай понятия	район города	0.0	0	1998-01-01	0	0	0.46119943369350996
