Year or Period	Unigram	#Q	Subject	#P	Predicate	Object	Organization	Just Date	Start Time	End Time	Time Point	growth_speed
1925	хабаровск	Q4454	Хабаровск	P131	административно-территориальная единица	Приморская губерния	0	0	1923-08-01	1926-01-03	0	2.776226500619219
2000	хабаровск	Q4454	Хабаровск	P6	глава правительства	Филиппов, Павел Дмитриевич	0	0	1994-04-01	2000-01-01	0	1.950755702299231
2000	хабаровск	Q4454	Хабаровск	P1376	является столицей	Дальневосточный федеральный округ	0	0	2000-05-13	2018-12-13	0	1.950755702299231
1925	хабаровск	Q4454	Хабаровск	P131	административно-территориальная единица	Приамурская область	0	0	1920-11-22	1923-07-31	0	2.776226500619219
[1923, 1929]	хабаровск	Q4454	Хабаровск	P131	административно-территориальная единица	Дальневосточный край	0	0	1926-01-04	1934-07-21	0	1.0076027509073469
2000	хабаровск	Q4454	Хабаровск	P6	глава правительства	Соколов, Александр Николаевич	0	0	2000-10-04	0	0	1.950755702299231
[1989, 1992]	хаббл	Q2513	Хаббл	P793	ключевое событие	запуск ракеты	0	0	0	0	1991-04-24	0.9083833793672613
[1989, 1990]	хабермас	Q76357	Хабермас, Юрген	P463	участник организации или клуба	Европейская академия	0	0	1989-01-01	0	0	0.202786522448255
[2004, 2005]	хавно	Q2996869	Хавно, Магне	P570	дата смерти	0	0	2004-05-29	0	0	0	-0.9568450936122943
2000	хаген	Q2871	Хаген	P6	глава правительства	Dietmar Thieser	0	0	1989-01-01	1999-01-01	0	4.056396876978832
[1972, 1976]	хаген	Q2871	Хаген	P47	имеет границы с	Меркиш	0	0	1975-01-01	0	0	0.21814767213556135
[1972, 1976]	хаген	Q2871	Хаген	P47	имеет границы с	Унна	0	0	1975-01-01	0	0	0.21814767213556135
2000	хаген	Q2871	Хаген	P6	глава правительства	Wilfried Horn	0	0	1999-01-01	2004-01-01	0	4.056396876978832
[1974, 1981]	хагерстранд	Q335879	Хагерстранд, Торстен	P463	участник организации или клуба	Королевская академия словесности, истории и антиквариата	0	0	1976-01-13	0	0	0.32967326819186604
1977	хадвигер	Q147801	(2151) Хадвигер	P575	дата открытия	0	0	1977-11-03	0	0	0	1.6824603790922252
2004	хадис	Q236047	Хадисе	P2031	начало периода активности	0	0	2003-01-01	0	0	0	2.3939911661905278
[1986, 1989]	хадис	Q1567496	Хадиса	P571	дата основания / создания / возникновения	0	0	1987-01-01	0	0	0	-0.23374210641130802
[1968, 1974]	хаз	Q111087	Хаза, Офра	P2031	начало периода активности	0	0	1969-01-01	0	0	0	-0.5245128035521401
1926	хаз	Q3543800	Харьковский авиационный завод	P571	дата основания / создания / возникновения	0	0	1926-01-01	0	0	0	1.774572263434013
[2002, 2006]	хазар	Q2500160	Хазар	P576	дата прекращения существования	0	0	2004-01-01	0	0	0	-0.12539343356330535
1962	хазар	Q2500160	Хазар	P571	дата основания / создания / возникновения	0	0	1960-01-01	0	0	0	2.1060861892246923
[2002, 2006]	хазар	Q695939	Хазар-Ленкорань	P571	дата основания / создания / возникновения	0	0	2004-01-01	0	0	0	-0.12539343356330535
[1993, 1994]	хайбери	Q205309	Хайбери	P793	ключевое событие	реновация	0	0	1992-01-01	1993-01-01	0	-0.2963219407217046
[2005, 2007]	хайбери	Q205309	Хайбери	P466	обитатель	Арсенал	0	0	1913-01-01	2006-01-01	0	0.5881660858199017
[1956, 1961]	хайдеггер	Q48301	Хайдеггер, Мартин	P1411	номинирован на	Нобелевская премия по литературе	0	0	0	0	1960-01-01	-0.6198934999848623
[1956, 1961]	хайдеггер	Q48301	Хайдеггер, Мартин	P1411	номинирован на	Нобелевская премия по литературе	0	0	0	0	1959-01-01	-0.6198934999848623
[2008, 2009]	хайди	Q638489	Хайди	P569	дата рождения	0	0	2008-05-01	0	0	0	0.2644458814186912
1947	хайлар	Q986724	Хайлар	P131	административно-территориальная единица	Маньчжурия под оккупацией СССР	0	0	1945-09-03	1946-01-18	0	2.942987421603483
1947	хайлар	Q986724	Хайлар	P131	административно-территориальная единица	Народное автономное правительство Восточной Монголии	0	0	1946-01-19	1946-05-27	0	2.942987421603483
1947	хайлар	Q986724	Хайлар	P131	административно-территориальная единица	Объединённая Синъань	0	0	1936-01-01	1945-09-02	0	2.942987421603483
1947	хайлар	Q986724	Хайлар	P131	административно-территориальная единица	Синъань (1946-1947)	0	0	1946-05-28	1947-04-22	0	2.942987421603483
[1945, 1951]	хайлар	Q986724	Хайлар	P131	административно-территориальная единица	Хулунбуир (1948-1949)	0	0	1948-01-15	1949-04-10	0	0.2741256744901271
1924	хайлар	Q986724	Хайлар	P131	административно-территориальная единица	Особый район Восточных провинций	0	0	1923-01-01	1935-03-22	0	4.514945764131648
1924	хайлар	Q986724	Хайлар	P131	административно-территориальная единица	Хэйлунцзян	0	0	1912-01-01	1922-12-31	0	4.514945764131648
1947	хайлар	Q986724	Хайлар	P131	административно-территориальная единица	Автономное правительство Внутренней Монголии	0	0	1947-04-23	1948-01-14	0	2.942987421603483
[1945, 1951]	хайлар	Q986724	Хайлар	P131	административно-территориальная единица	Хулунбуир-Навэньмужэнь	0	0	1949-04-11	1953-01-31	0	0.2741256744901271
[1924, 1928]	хайло	Q4494777	Хайло, Василий Александрович	P569	дата рождения	0	0	1924-01-18	0	0	0	-0.10491711274580248
[1931, 1936]	хайфа	Q643113	Хайфа	P571	дата основания / создания / возникновения	0	0	1934-01-01	0	0	0	-0.2620954972538602
[1980, 1984]	хайям	Q3632994	Хайям	P166	полученные награды	Национальная кинопремия за лучшую музыку к песне	0	0	0	0	1982-01-01	0.1127062898945836
[2005, 2009]	хайям	Q3632994	Хайям	P166	полученные награды	Премия Академии Сангит Натак	0	0	0	0	2007-01-01	0.018628753858542478
[1958, 1962]	хайян	Q1337641	Хайян	P131	административно-территориальная единица	Специальный район Яньтай	0	0	1958-01-01	1983-10-31	0	-0.43967352204565363
1938	хайян	Q1337641	Хайян	P131	административно-территориальная единица	Шаньдун	0	0	1913-06-01	1937-12-31	0	3.244029386442435
1938	хайян	Q1337641	Хайян	P131	административно-территориальная единица	Временное правительство Китайской Республики	0	0	1938-01-01	1940-03-29	0	3.244029386442435
2000	хайян	Q1337641	Хайян	P131	административно-территориальная единица	Специальный район Вэньдэн	0	0	1950-01-01	1955-12-31	0	1.8664918184497932
1954	хайянь	Q1208229	Хайянь	P131	административно-территориальная единица	Хайбэй-Тибетский автономный округ	0	0	1953-12-31	0	0	1.9167965410847487
1954	хайянь	Q1208229	Хайянь	P131	административно-территориальная единица	Цинхай	0	0	1950-01-01	1953-12-30	0	1.9167965410847487
[1980, 1989]	халмош	Q370085	Халмош, Пол Ричард	P166	полученные награды	премия Стила	0	0	0	0	1983-01-01	0.10760719589195675
[1988, 2009]	хамас	Q38799	ХАМАС	P3461	признаётся террористической организацией по версии	США	0	0	1997-10-08	0	0	0.5120835388922793
[1985, 1986]	хамелеон	Q5069749	Хамелеон	P577	дата публикации	0	0	1985-01-01	0	0	0	-0.5024279099910304
[1985, 1986]	хамелеон	Q5069749	Хамелеон	P577	дата публикации	0	0	1985-10-04	0	0	0	-0.5024279099910304
[2001, 2002]	хамелеон	Q1304948	Хамелеон	P577	дата публикации	0	0	2001-11-29	0	0	0	-0.23664034459419137
[2001, 2002]	хамелеон	Q1304948	Хамелеон	P577	дата публикации	0	0	2001-01-01	0	0	0	-0.23664034459419137
[1977, 1981]	хамиль	Q4495279	Хамиль	P569	дата рождения	0	0	1979-10-19	0	0	0	-0.1666766123756325
[2007, 2008]	хаммади	Q711468	Хаммади, Саадун	P570	дата смерти	0	0	2007-03-14	0	0	0	0.10127800254344649
[1972, 1973]	хамрин	Q363766	Хамрин, Курт	P2032	окончание периода активности	0	0	1972-01-01	0	0	0	-0.6162716868154862
[1950, 1955]	хамрин	Q363766	Хамрин, Курт	P2031	начало периода активности	0	0	1952-01-01	0	0	0	0.09829672319230376
[1974, 1977]	ханек	Q84199	Ханеке, Михаэль	P2031	начало периода активности	0	0	1974-01-01	0	0	0	-0.5570038984933389
1931	ханзен	Q66372	Ханзен, Иоахим	P569	дата рождения	0	0	1930-06-28	0	0	0	6.133812788805399
[2000, 2009]	ханзен	Q66372	Ханзен, Иоахим	P570	дата смерти	0	0	2007-09-13	0	0	0	-0.02412024546199125
[1981, 1982]	ханна	Q15027366	Ханна	P569	дата рождения	0	0	1981-05-03	0	0	0	-0.05778263646723861
[1981, 1982]	ханна	Q15027366	Ханна	P569	дата рождения	0	0	1981-05-07	0	0	0	-0.05778263646723861
[1986, 1989]	ханова	Q1593089	Пелагея	P569	дата рождения	0	0	1986-07-14	0	0	0	-0.6155622731460186
1967	ханой	Q844098	Ханой	P1619	дата официального открытия	0	0	1965-01-01	0	0	0	3.0207418773670565
1956	ханой	Q560102	Ханой	P571	дата основания / создания / возникновения	0	0	1956-01-01	0	0	0	1.8429094555481422
[1982, 1999]	хаос	Q1024937	Хаос	P577	дата публикации	0	0	1984-11-23	0	0	0	0.5010251254075392
1942	хаппель	Q157126	Хаппель, Эрнст	P54	член спортивной команды	Рапид	0	0	1942-01-01	1954-01-01	0	3.197756892395429
1942	хаппель	Q157126	Хаппель, Эрнст	P54	член спортивной команды	Рапид	0	0	1942-01-01	1955-01-01	0	3.197756892395429
[1991, 1993]	харази	Q2443694	Харази, Алон	P54	член спортивной команды	сборная Израиля по футболу	0	0	1992-01-01	2006-01-01	0	0.1744061823166847
1926	характеристика	Q19234119	Характеристика	P577	дата публикации	0	0	1826-01-01	0	0	0	3.720004458306327
[1958, 1962]	харатьян	Q2372665	Дмитрий Харатьян	P569	дата рождения	0	0	1960-01-21	0	0	0	-0.6906771324338032
[1932, 1934]	харбин	Q42956	Харбин	P131	административно-территориальная единица	Особый район Восточных провинций	0	0	1929-12-22	1933-06-30	0	0.42779116364209896
1923	харбин	Q42956	Харбин	P131	административно-территориальная единица	Хэйлунцзян	0	0	1912-01-01	1923-02-28	0	3.4742774191266035
[1932, 1934]	харбин	Q42956	Харбин	P17	государство	Китайская Республика	0	0	1912-01-01	1932-01-01	0	0.42779116364209896
[1954, 1958]	харбин	Q42956	Харбин	P131	административно-территориальная единица	Хэйлунцзян	0	0	1954-06-19	0	0	-0.3176680613656151
[1954, 1958]	харбин	Q42956	Харбин	P1376	является столицей	Хэйлунцзян	0	0	1954-01-01	0	0	-0.3176680613656151
[1932, 1934]	харбин	Q42956	Харбин	P131	административно-территориальная единица	Маньчжоу-го	0	0	1933-07-01	1937-07-01	0	0.42779116364209896
1923	харбин	Q42956	Харбин	P131	административно-территориальная единица	Особый район Восточных провинций	0	0	1923-03-01	1926-08-30	0	3.4742774191266035
[1932, 1934]	харбин	Q42956	Харбин	P17	государство	Маньчжоу-го	0	0	1932-01-01	1945-01-01	0	0.42779116364209896
[1954, 1958]	харбин	Q42956	Харбин	P131	административно-территориальная единица	Китайская Народная Республика	0	0	1953-01-01	1954-06-18	0	-0.3176680613656151
1953	харди	Q4495791	Харди	P569	дата рождения	0	0	1951-05-26	0	0	0	2.154744746914932
[1959, 1963]	харди	Q26787	(2866) Харди	P575	дата открытия	0	0	1961-10-07	0	0	0	-0.465615001189008
[2004, 2005]	хариный	Q20674720	Харино	P131	административно-территориальная единица	Веретейское сельское поселение	0	0	2004-12-21	0	0	0.29757042749988905
[2004, 2005]	хариный	Q614106	Харино	P131	административно-территориальная единица	Казулинское сельское поселение	0	0	2004-12-02	0	0	0.29757042749988905
1968	хартлайн	Q309879	Хартлайн, Холден Кеффер	P166	полученные награды	Нобелевская премия по физиологии и медицине	0	0	0	0	1967-01-01	2.2225107279644267
1943	хартфорд	Q1420233	Брэдли	P571	дата основания / создания / возникновения	0	0	1942-01-07	0	0	0	2.0193040392133517
1943	хартфорд	Q1420233	Брэдли	P1619	дата официального открытия	0	0	1941-01-01	0	0	0	2.0193040392133517
[1953, 1954]	харченков	Q4496181	Харченков, Александр Сергеевич	P569	дата рождения	0	0	1953-06-04	0	0	0	-0.8296554519532057
1994	харьковский	Q1982637	Харьковская	P571	дата основания / создания / возникновения	0	0	1994-01-01	0	0	0	2.192736090623233
1994	харьковский	Q1982637	Харьковская	P1619	дата официального открытия	0	0	1994-12-28	0	0	0	2.192736090623233
[1959, 1963]	хастлер	Q1130084	Мошенник	P577	дата публикации	0	0	1961-01-01	0	0	0	0.48997771759893116
[1990, 1998]	хасэ	Q1013868	Хасэ, Арихиро	P570	дата смерти	0	0	1996-07-30	0	0	0	0.7063967832592789
[1978, 1982]	хатанака	Q152592	(4051) Хатанака	P575	дата открытия	0	0	1978-11-01	0	0	0	-0.0556628495003787
[1996, 1998]	хатор	Q187462	Звёздные врата: SG-1	P580	дата начала	0	0	1997-07-27	0	0	0	-0.18765387822251708
1962	хаттусас	Q181007	Хаттуса	P4345	руководитель раскопок	Винклер, Гуго	0	0	1911-01-01	1912-01-01	0	1.7531648744949568
1944	хауард	Q507353	Хауард	P571	дата основания / создания / возникновения	0	0	1844-01-15	0	0	0	1.7036320885487715
[1932, 1936]	хаят	Q702874	Хаята, Бундзо	P570	дата смерти	0	0	1934-01-01	0	0	0	0.19187517428129575
[2004, 2009]	хвалово	Q21854348	Хвалово	P131	административно-территориальная единица	Сельское поселение «Село Бабынино»	0	0	2004-12-28	0	0	-0.594781575047229
[1933, 1940]	хворостянка	Q4496937	Хворостянка	P131	административно-территориальная единица	Хворостянский район	0	0	1935-01-01	0	0	0.17723997028183508
[1989, 1991]	хдс	Q49762	Христианско-демократический союз Германии	P3975	генеральный секретарь	Руге, Фолькер	0	0	1989-01-01	1992-01-01	0	-0.8226006418864991
[1967, 1970]	хдс	Q49762	Христианско-демократический союз Германии	P488	руководитель	Курт Георг Кизингер	0	0	1967-05-23	1971-10-05	0	0.9083929217065977
[1967, 1970]	хдс	Q49762	Христианско-демократический союз Германии	P488	руководитель	Людвиг Эрхард	0	0	1966-03-23	1967-05-23	0	0.9083929217065977
[1989, 1991]	хдс	Q49762	Христианско-демократический союз Германии	P3975	генеральный секретарь	Генрих Гайслер	0	0	1977-01-01	1989-01-01	0	-0.8226006418864991
[1967, 1970]	хдс	Q49762	Христианско-демократический союз Германии	P3975	генеральный секретарь	Хек, Бруно	0	0	1967-01-01	1971-01-01	0	0.9083929217065977
2006	хдс	Q49762	Христианско-демократический союз Германии	P3975	генеральный секретарь	Volker Kauder	0	0	2005-01-01	2005-01-01	0	2.889616913451838
[1946, 1953]	хдс	Q49762	Христианско-демократический союз Германии	P488	руководитель	Конрад Аденауэр	0	0	1950-10-21	1966-03-23	0	-0.6093758442164228
2006	хдс	Q49762	Христианско-демократический союз Германии	P3975	генеральный секретарь	Лауренц Мейер	0	0	2000-01-01	2004-01-01	0	2.889616913451838
2006	хдс	Q49762	Христианско-демократический союз Германии	P3975	генеральный секретарь	Пофалла, Рональд	0	0	2005-01-01	2009-01-01	0	2.889616913451838
1973	хейнрици	Q57205	Хейнрици, Готхард	P570	дата смерти	0	0	1971-12-13	0	0	0	2.8618565522512425
1977	хекстер	Q6228	Хёкстер	P571	дата основания / создания / возникновения	0	0	1975-01-01	0	0	0	2.4407516621168757
[2003, 2007]	хелемский	Q4497146	Яков Хелемский	P570	дата смерти	0	0	2003-09-06	0	0	0	-0.5699368220369811
[1931, 1933]	хельм	Q137487	(1273) Хельма	P575	дата открытия	0	0	1932-08-08	0	0	0	-0.30269418992195396
1991	хельм	Q525207	Хельме	P571	дата основания / создания / возникновения	0	0	1991-07-11	0	0	0	2.175793491173007
[1967, 1971]	хеммингс	Q236170	Хеммингс, Деон	P569	дата рождения	0	0	1968-10-09	0	0	0	-0.07519963821398196
[1943, 1947]	хемница	Q2795	Хемниц	P131	административно-территориальная единица	Саксония	0	0	1945-07-09	1952-07-25	0	0.7936217942515548
[1993, 1995]	хемница	Q1803113	Хемниц	P31	это частный случай понятия	район Германии	0	0	1990-10-03	1994-08-01	0	-0.012782789051910859
2006	хемница	Q2795	Хемниц	P463	участник организации или клуба	Мэры за мир	0	0	2006-04-01	0	0	1.7480410995671056
[1993, 1995]	хемница	Q2795	Хемниц	P463	участник организации или клуба	Climate Alliance	0	0	1993-01-01	0	0	-0.012782789051910859
[1993, 1995]	хемница	Q2795	Хемниц	P6	глава правительства	Joachim Pilz	0	0	1991-01-01	1993-01-01	0	-0.012782789051910859
2006	хемница	Q2795	Хемниц	P6	глава правительства	Peter Seifert	0	0	1993-01-01	2006-01-01	0	1.7480410995671056
[1960, 1962]	хемница	Q2795	Хемниц	P6	глава правительства	Курт Мюллер	0	0	1961-01-01	1986-01-01	0	-0.1856582223283532
1924	хемница	Q2795	Хемниц	P131	административно-территориальная единица	Хемниц	0	0	1874-01-01	1900-10-01	0	2.0617530839162788
[1993, 1995]	хемница	Q1803113	Хемниц	P131	административно-территориальная единица	Хемниц	0	0	1991-01-01	1994-04-01	0	-0.012782789051910859
[1943, 1947]	хемница	Q481191	Хемниц	P131	административно-территориальная единица	Саксония	0	0	1945-07-09	1952-07-25	0	0.7936217942515548
1924	хемница	Q2795	Хемниц	P131	административно-территориальная единица	Цвиккау	0	0	1835-01-01	1874-01-01	0	2.0617530839162788
1944	хемница	Q2795	Хемниц	P131	административно-территориальная единица	Хемниц	0	0	1900-10-01	1943-01-01	0	4.009544412038217
2006	хемница	Q2795	Хемниц	P6	глава правительства	Барбара Людвиг	0	0	2006-01-01	0	0	1.7480410995671056
[1973, 1974]	хенгеть	Q10006	Хенгело	P6	глава правительства	Cees Bevers	0	0	1973-01-01	1991-01-01	0	0.05916440099410408
[1960, 1962]	хенгеть	Q10006	Хенгело	P6	глава правительства	Robert Lambooij	0	0	1951-01-01	1961-01-01	0	-0.32713768772576945
[1973, 1974]	хенгеть	Q10006	Хенгело	P6	глава правительства	Louis von Fisenne	0	0	1961-01-01	1973-01-01	0	0.05916440099410408
[2000, 2002]	хенгеть	Q10006	Хенгело	P6	глава правительства	Frank Kerckhaert	0	0	2000-01-01	2012-01-01	0	-0.568939422013893
[2000, 2002]	хенгеть	Q10006	Хенгело	P6	глава правительства	Pieter Beelaerts van Blokland	0	0	1999-01-01	2000-01-01	0	-0.568939422013893
1993	хенералиф	Q525811	Хенералифе	P1435	статус наследия	объект культурного наследия Испании	0	0	1943-07-27	0	0	3.2682378880510283
[1965, 1967]	хеннингс	Q91150	Хеннингс, Артур	P2962	шахматный титул	международный мастер	0	0	1965-01-01	0	0	-0.3131312529032632
1976	хермон	Q215471	Хермон	P17	государство	Израиль	0	0	1967-01-01	1974-01-01	0	2.0835220912599053
1976	хермон	Q215471	Хермон	P17	государство	Сирия	0	0	1974-01-01	0	0	2.0835220912599053
[1992, 1996]	херфорд	Q3971	Херфорд	P463	участник организации или клуба	Q627637	0	0	1993-01-01	0	0	-0.08623156765654413
[1946, 1948]	хесс	Q76975	Рудольф Хёсс	P1399	осуждён за	преступления против человечества	0	0	0	0	1947-01-01	-0.24222106788829267
[1959, 1968]	хестон	Q80739	Чарлтон Хестон	P166	полученные награды	премия «Оскар» за лучшую мужскую роль	0	0	0	0	1959-01-01	-0.1671856635365841
[1959, 1968]	хестон	Q80739	Чарлтон Хестон	P166	полученные награды	Премия Сесиля Б. Де Милля	0	0	0	0	1966-01-01	-0.1671856635365841
[1987, 1988]	хефлер	Q87731	Хёфлер, Отто	P570	дата смерти	0	0	1987-08-24	0	0	0	-0.25316230900357894
[1987, 1988]	хефлер	Q87731	Хёфлер, Отто	P570	дата смерти	0	0	1987-08-25	0	0	0	-0.25316230900357894
1932	хив	Q486195	Хива	P131	административно-территориальная единица	Хорезмский округ	0	0	1926-01-01	1930-07-30	0	2.8227842507645344
[1926, 1929]	хив	Q486195	Хива	P131	административно-территориальная единица	Узбекская ССР	0	0	1924-10-27	1926-01-01	0	0.8779465194311746
1932	хив	Q486195	Хива	P131	административно-территориальная единица	Узбекская ССР	0	0	1930-07-30	1932-04-23	0	2.8227842507645344
1932	хив	Q486195	Хива	P131	административно-территориальная единица	Хорезмский округ	0	0	1932-04-23	1938-01-15	0	2.8227842507645344
[1991, 1992]	хив	Q486195	Хива	P17	государство	СССР	0	0	1920-04-26	1991-08-31	0	-0.6656832493664792
[1991, 1992]	хив	Q486195	Хива	P17	государство	Узбекистан	0	0	1991-08-31	0	0	-0.6656832493664792
[2000, 2003]	хилал	Q3135546	Хилал	P571	дата основания / создания / возникновения	0	0	2000-01-01	0	0	0	-0.5932004514475773
[2000, 2003]	хилал	Q3135546	Хилал	P1619	дата официального открытия	0	0	2000-05-22	0	0	0	-0.5932004514475773
1952	хилл	Q141841	(1642) Хилл	P575	дата открытия	0	0	1951-09-04	0	0	0	1.8419175306267328
2008	хиллари	Q33817	Эдмунд Хиллари	P570	дата смерти	0	0	2008-01-11	0	0	0	1.909501618082229
1994	хилый	Q216258	Хило	P17	государство	Республика Гавайи	0	0	1894-07-04	1898-08-11	0	1.7430206702703024
1993	хилый	Q216258	Хило	P17	государство	Временное правительство Гавайев	0	0	1893-01-17	1894-07-03	0	1.7522305267003726
[2001, 2003]	хильберг	Q213553	Хильберг, Рауль	P166	полученные награды	премия Ганса и Софи Шолль	0	0	0	0	2002-01-01	0.22535077094775924
[1960, 1962]	химки	Q197582	Химки	P131	административно-территориальная единица	Городской округ Мытищи	0	0	1960-08-18	1965-01-11	0	-0.5371643963362663
[1956, 1962]	химпром	Q16714037	Химпром	P571	дата основания / создания / возникновения	0	0	1960-01-01	0	0	0	-0.653733532523434
[1926, 1931]	хиналуга	Q2395313	Хыналыг	P131	административно-территориальная единица	Кубинский район	0	0	1930-08-08	0	0	0.4969128735654582
[2006, 2009]	хинкли	Q553147	Хинкли, Гордон	P570	дата смерти	0	0	2008-01-27	0	0	0	-0.8013973695216496
[1971, 1979]	хинштейн	Q4497838	Хинштейн, Александр Евсеевич	P569	дата рождения	0	0	1974-10-26	0	0	0	-0.5900440019653185
[1949, 1959]	хиросима	Q11276735	Хиросима	P577	дата публикации	0	0	1953-01-01	0	0	0	0.2571117515474342
[1949, 1959]	хиросима	Q43377067	Хиросима	P571	дата основания / создания / возникновения	0	0	1957-01-01	0	0	0	0.2571117515474342
[1980, 1990]	хирохито	Q34479	Хирохито	P39	занимаемая должность	император Японии	0	0	1926-12-25	1989-01-07	0	-0.3805929056217037
[1964, 1968]	хиславичи	Q1965458	Хиславичи	P131	административно-территориальная единица	Хиславичский район	0	0	1965-01-01	0	0	-0.522102264545395
[1964, 1968]	хиславичи	Q1965458	Хиславичи	P131	административно-территориальная единица	Монастырщинский район	0	0	1963-01-01	1965-01-01	0	-0.522102264545395
2007	хит	Q30897350	ХИТ	P571	дата основания / создания / возникновения	0	0	2005-01-01	0	0	0	2.6017780506039627
[1976, 1977]	хитоми	Q306631	Хитоми	P569	дата рождения	0	0	1976-01-26	0	0	0	-0.294926655674666
[1981, 1997]	хитрость	Q5824888	Хитрость	P580	дата начала	0	0	1986-03-21	0	0	0	-0.12407457870311092
[1981, 1997]	хитрость	Q5824888	Хитрость	P582	дата окончания	0	0	1986-09-26	0	0	0	-0.12407457870311092
[1968, 1969]	хитроу	Q8691	Хитроу	P793	ключевое событие	BOAC Flight 712	0	0	0	0	1968-04-08	-0.7842765913011183
[1968, 1969]	хитроу	Q8691	Хитроу	P793	ключевое событие	1968 Heathrow BKS Air Transport Airspeed Ambassador crash	0	0	0	0	1968-07-03	-0.7842765913011183
[2003, 2009]	хитрый	Q109025	Хитра	P6	глава правительства	Уле Хауген	0	0	2007-01-01	0	0	-0.45066124661767365
[1979, 1997]	хладнокровный	Q1107739	Хладнокровный	P577	дата публикации	0	0	1995-01-01	0	0	0	-0.3906972000791022
[1979, 1997]	хладнокровный	Q1107739	Хладнокровный	P577	дата публикации	0	0	1995-11-02	0	0	0	-0.3906972000791022
[1988, 1995]	хлам	Q3501107	Хлам	P577	дата публикации	0	0	1993-01-01	0	0	0	-0.020406986067406208
2005	хламовый	Q29404771	Хламово	P131	административно-территориальная единица	Железковское сельское поселение	0	0	2005-01-01	0	0	1.8737951701554605
[2005, 2007]	хламовый	Q4498009	Хламово	P131	административно-территориальная единица	Муниципальное образование Барановское	0	0	2006-01-01	2015-03-30	0	1.0667677041695707
1971	хлеборобный	Q16018286	Хлеборобное	P571	дата основания / создания / возникновения	0	0	1970-01-01	0	0	0	2.0758293333019564
1971	хлеборобный	Q4498107	Хлеборобное	P571	дата основания / создания / возникновения	0	0	1921-01-01	0	0	0	2.0758293333019564
1990	хлорфторуглерод	Q960800	Хлорфторуглероды	P575	дата открытия	0	0	1890-01-01	0	0	0	2.5462007639066426
[1962, 1966]	хлуднево	Q4498284	Хлуднево	P131	административно-территориальная единица	Жиздринский район	0	0	1962-04-01	1967-02-01	0	-0.17626251565865875
[1962, 1966]	хлуднево	Q4498284	Хлуднево	P131	административно-территориальная единица	Думиничский район	0	0	1929-10-01	1962-04-01	0	-0.17626251565865875
1995	хмельков	Q4498438	Хмельков, Сергей Александрович	P570	дата смерти	0	0	1945-02-09	0	0	0	2.19510911242625
[1930, 1935]	хмельницкий	Q156717	Хмельницкий	P131	административно-территориальная единица	Проскуровский округ	0	0	1923-04-12	1930-09-15	0	-0.33257221461815384
[1923, 1924]	хмельницкий	Q156717	Хмельницкий	P131	административно-территориальная единица	Проскуровский уезд	0	0	1795-01-01	1923-04-12	0	-0.09299049753028042
[1930, 1935]	хмельницкий	Q156717	Хмельницкий	P131	административно-территориальная единица	Украинская Советская Социалистическая Республика	0	0	1930-09-15	1932-02-27	0	-0.33257221461815384
[1930, 1935]	хмельницкий	Q156717	Хмельницкий	P131	административно-территориальная единица	Винницкая область	0	0	1932-02-27	1937-09-22	0	-0.33257221461815384
1970	ходжкин	Q193650	Алан Ходжкин	P39	занимаемая должность	president of the Royal Society	0	0	1970-01-01	1975-01-01	0	3.333918772808955
1925	ходоров	Q4498786	Ходорово	P131	административно-территориальная единица	Гиженский сельсовет	0	0	1924-01-01	0	0	2.0317433616791387
1925	ходоров	Q4498778	Ходоров	P131	административно-территориальная единица	Мироновский район	0	0	1923-03-07	0	0	2.0317433616791387
1965	хойл	Q183397	Фред Хойл	P569	дата рождения	0	0	1915-06-24	0	0	0	2.148122459499511
[2001, 2003]	хойл	Q183397	Фред Хойл	P570	дата смерти	0	0	2001-08-20	0	0	0	-0.2669339717236921
[1999, 2002]	хокинг	Q17714	Стивен Хокинг	P166	полученные награды	премия Юлия Эдгара Лилиенфельда	0	0	0	0	1999-01-01	0.13357171282076766
1989	хокинг	Q17714	Стивен Хокинг	P166	полученные награды	Премия Вольфа по физике	0	0	0	0	1988-01-01	3.664085932982355
[2004, 2009]	хокинг	Q17714	Стивен Хокинг	P166	полученные награды	медаль в память двухсотлетия Джеймса Смитсона	0	0	0	0	2005-01-01	-0.15735045869655245
[2004, 2009]	хокинг	Q17714	Стивен Хокинг	P166	полученные награды	медаль Копли	0	0	0	0	2006-01-01	-0.15735045869655245
1989	хокинг	Q17714	Стивен Хокинг	P166	полученные награды	медаль и премия Дирака	0	0	0	0	1987-01-01	3.664085932982355
[1976, 1989]	хокинг	Q17714	Стивен Хокинг	P166	полученные награды	золотая медаль Королевского астрономического общества	0	0	0	0	1985-01-01	0.21760357621397425
[1976, 1989]	хокинг	Q17714	Стивен Хокинг	P166	полученные награды	медаль и премия Максвелла	0	0	0	0	1976-01-01	0.21760357621397425
[1976, 1989]	хокинг	Q17714	Стивен Хокинг	P166	полученные награды	почётный доктор Оксфордского университета	0	0	0	0	1978-01-01	0.21760357621397425
[1947, 1951]	хокинг	Q17714	Стивен Хокинг	P69	учебное заведение	St Albans High School for Girls	0	0	0	0	1950-01-01	0.4972367742006424
[1976, 1989]	хокинг	Q17714	Стивен Хокинг	P166	полученные награды	медаль Франклина	0	0	0	0	1981-01-01	0.21760357621397425
[1976, 1989]	хокинг	Q17714	Стивен Хокинг	P166	полученные награды	медаль Альберта Эйнштейна	0	0	0	0	1979-01-01	0.21760357621397425
[2004, 2009]	хокинг	Q17714	Стивен Хокинг	P166	полученные награды	премия Фонсеки	0	0	0	0	2008-01-01	-0.15735045869655245
[1999, 2002]	хокинг	Q17714	Стивен Хокинг	P166	полученные награды	медаль Альберта	0	0	0	0	1999-01-01	0.13357171282076766
[1999, 2002]	хокинг	Q17714	Стивен Хокинг	P166	полученные награды	премия и лекция имени Нейлора	0	0	0	0	1999-01-01	0.13357171282076766
[1976, 1989]	хокинг	Q17714	Стивен Хокинг	P166	полученные награды	медаль Хьюза	0	0	0	0	1976-01-01	0.21760357621397425
[1976, 1989]	хокинг	Q17714	Стивен Хокинг	P166	полученные награды	премия Дэнни Хайнемана в области математической физики	0	0	0	0	1976-01-01	0.21760357621397425
1989	хокинг	Q17714	Стивен Хокинг	P166	полученные награды	премия принцессы Астурийской «Согласие»	0	0	0	0	1989-01-01	3.664085932982355
[1976, 1989]	хокинг	Q17714	Стивен Хокинг	P166	полученные награды	премия Эйнштейна	0	0	0	0	1978-01-01	0.21760357621397425
1989	хокинг	Q17714	Стивен Хокинг	P166	полученные награды	почётный доктор Кембриджского университета	0	0	0	0	1989-01-01	3.664085932982355
1989	хокинг	Q17714	Стивен Хокинг	P166	полученные награды	золотая медаль Высшего совета по научным исследованиям	0	0	0	0	1989-01-01	3.664085932982355
1989	хокинг	Q17714	Стивен Хокинг	P166	полученные награды	орден Кавалеров Почёта	0	0	0	0	1989-01-01	3.664085932982355
[1976, 1989]	хокинг	Q17714	Стивен Хокинг	P166	полученные награды	командор ордена Британской империи	0	0	0	0	1982-02-23	0.21760357621397425
[1973, 1974]	хокон	Q165241	Хокон	P569	дата рождения	0	0	1973-07-20	0	0	0	-0.32008822931869263
1989	хомейня	Q38823	Рухолла Мусави Хомейни	P39	занимаемая должность	Высший руководитель Ирана	0	0	1979-12-03	1989-06-03	0	3.3355737439371103
[1990, 1992]	хомутов	Q146356	Хомутов	P31	это частный случай понятия	Q7841907	0	0	1990-11-24	0	0	-0.5611062574551235
[1966, 1967]	хонда	Q171342	Хонда	P159	расположение штаб-квартиры	Амстердам	0	0	1965-01-01	1966-01-01	0	-0.8139675764511309
1958	хонк	Q385042	Хонка	P571	дата основания / создания / возникновения	0	0	1957-01-01	0	0	0	2.1822852545114526
2000	хонь	Q2778033	Хони	P577	дата публикации	0	0	1998-07-08	0	0	0	1.7081459222768127
[1990, 1994]	хонь	Q16880180	Хони	P569	дата рождения	0	0	1991-07-09	0	0	0	-0.717380531356928
2000	хонь	Q1054867	Хони	P577	дата публикации	0	0	1998-01-01	0	0	0	1.7081459222768127
[2003, 2006]	хопкрофт	Q62874	Джон Хопкрофт	P166	полученные награды	Мемориальная премия Гарри Гуда	0	0	0	0	2005-01-01	-0.031159856367259764
2002	хорня	Q71020	Хорни, Карен	P570	дата смерти	0	0	1952-12-04	0	0	0	2.2973388004382698
[2007, 2008]	хоровод	Q11743778	Хоровод	P577	дата публикации	0	0	2007-01-01	0	0	0	-0.6726820915357574
[2000, 2009]	хороший	Q15364607	Хороши	P131	административно-территориальная единица	Ошланское сельское поселение	0	0	2006-01-01	0	0	-0.14520366123285836
[2000, 2009]	хороший	Q21645167	Хорошее	P131	административно-территориальная единица	Серебропольский сельсовет	0	0	2003-12-01	0	0	-0.14520366123285836
1923	хорошка	Q2993479	Хорошев	P131	административно-территориальная единица	Хорошевский район	0	0	1923-01-01	0	0	5.256041336793536
[1973, 1975]	хортобадь	Q61757	Хортобадь	P571	дата основания / создания / возникновения	0	0	1973-01-01	0	0	0	-0.7048051715607934
2008	хортон	Q630032	Хортон	P577	дата публикации	0	0	2008-01-01	0	0	0	3.0021711309707846
2008	хортон	Q630032	Хортон	P577	дата публикации	0	0	2008-03-13	0	0	0	3.0021711309707846
1991	хотчино	Q7436	Гатчина	P131	административно-территориальная единица	Ленинградская область	0	0	1938-11-01	1941-01-01	0	1.7230955999805067
[2005, 2007]	хотылево	Q4500426	Хотылёво	P131	административно-территориальная единица	Глинищевское сельское поселение	0	0	2005-01-01	0	0	-0.01798792460380627
[1925, 1929]	хохлово	Q4500545	Хохлово	P131	административно-территориальная единица	Белгородский район	0	0	1928-07-30	2004-12-19	0	0.7257723692953518
[1990, 1995]	хрещатик	Q25443487	Хрещатик	P571	дата основания / создания / возникновения	0	0	1993-01-01	0	0	0	-0.13010393527450662
[1957, 1961]	христодул	Q18741073	Христодул	P569	дата рождения	0	0	1959-01-01	0	0	0	-0.11434804693773244
2008	христофиас	Q57334	Димитрис Христофиас	P39	занимаемая должность	член Палаты представителей Кипра	0	0	2006-06-01	2008-02-28	0	3.042266522425393
2008	христофиас	Q57334	Димитрис Христофиас	P39	занимаемая должность	член Палаты представителей Кипра	0	0	2001-06-07	2006-05-31	0	3.042266522425393
[1988, 1991]	христофиас	Q57334	Димитрис Христофиас	P39	занимаемая должность	General Secretary of the Progressive Party of Working People	0	0	1988-04-22	2009-01-21	0	-0.06985453978843442
2008	христофиас	Q57334	Димитрис Христофиас	P39	занимаемая должность	председатель Палаты представителей Кипра	0	0	2006-06-01	2008-02-28	0	3.042266522425393
2008	христофиас	Q57334	Димитрис Христофиас	P39	занимаемая должность	председатель Палаты представителей Кипра	0	0	2001-06-07	2006-05-31	0	3.042266522425393
2008	христофиас	Q57334	Димитрис Христофиас	P39	занимаемая должность	председатель парламентской фракции	Прогрессивная партия трудового народа Кипра	0	1991-05-30	2008-02-28	0	3.042266522425393
2008	христофиас	Q57334	Димитрис Христофиас	P39	занимаемая должность	президент Республики Кипр	0	0	2008-02-28	2013-02-28	0	3.042266522425393
[1933, 1937]	хрун	Q455669	Евгений Васильевич Хрунов	P569	дата рождения	0	0	1933-09-10	0	0	0	-0.07628489292789598
[2005, 2007]	хрупкость	Q277203	Хрупкость	P577	дата публикации	0	0	2005-09-02	0	0	0	-0.8093539138138778
1958	хрущев	Q35314	Никита Сергеевич Хрущёв	P166	полученные награды	Человек года по версии журнала «Time»	0	0	0	0	1957-01-01	1.71712021084766
1958	хрущев	Q35314	Никита Сергеевич Хрущёв	P166	полученные награды	орден Ленина	0	0	0	0	1957-04-08	1.71712021084766
1959	хрущев	Q35314	Никита Сергеевич Хрущёв	P166	полученные награды	Международная Ленинская премия «За укрепление мира между народами»	0	0	0	0	1959-01-01	3.0300799922060646
1961	хрущев	Q35314	Никита Сергеевич Хрущёв	P166	полученные награды	орден Ленина	0	0	0	0	1961-06-17	3.3512050938353886
1961	хрущев	Q35314	Никита Сергеевич Хрущёв	P166	полученные награды	Герой Социалистического Труда	0	0	0	0	1961-06-17	3.3512050938353886
[1935, 1941]	хрущев	Q35314	Никита Сергеевич Хрущёв	P166	полученные награды	орден Трудового Красного Знамени	0	0	0	0	1939-02-07	-0.6059606516797189
[1950, 1963]	хрущев	Q35314	Никита Сергеевич Хрущёв	P166	полученные награды	Герой Социалистического Труда	0	0	0	0	1954-04-16	1.056968587714927
[1950, 1963]	хрущев	Q35314	Никита Сергеевич Хрущёв	P166	полученные награды	орден Ленина	0	0	0	0	1954-04-16	1.056968587714927
1958	хрущев	Q35314	Никита Сергеевич Хрущёв	P166	полученные награды	Герой Социалистического Труда	0	0	0	0	1957-04-08	1.71712021084766
[1935, 1941]	хрущев	Q35314	Никита Сергеевич Хрущёв	P166	полученные награды	орден Ленина	0	0	0	0	1935-05-13	-0.6059606516797189
[1944, 1948]	хрюкин	Q1966944	Тимофей Тимофеевич Хрюкин	P166	полученные награды	Герой Советского Союза	0	0	0	0	1945-04-19	-0.2893125708685912
[1944, 1948]	хрюкин	Q1966944	Тимофей Тимофеевич Хрюкин	P166	полученные награды	орден Красной Звезды	0	0	0	0	1947-11-06	-0.2893125708685912
[1944, 1948]	хрюкин	Q1966944	Тимофей Тимофеевич Хрюкин	P166	полученные награды	медаль «За победу над Германией в Великой Отечественной войне 1941—1945 гг.»	0	0	0	0	1945-01-01	-0.2893125708685912
1989	хрюкин	Q1966944	Тимофей Тимофеевич Хрюкин	P166	полученные награды	Герой Советского Союза	0	0	0	0	1939-02-22	2.1445793834991744
[1944, 1948]	хрюкин	Q1966944	Тимофей Тимофеевич Хрюкин	P166	полученные награды	медаль «Золотая Звезда»	0	0	0	0	1945-04-19	-0.2893125708685912
[1944, 1948]	хрюкин	Q1966944	Тимофей Тимофеевич Хрюкин	P166	полученные награды	орден Кутузова I степени	0	0	0	0	1944-07-04	-0.2893125708685912
[1944, 1948]	хрюкин	Q1966944	Тимофей Тимофеевич Хрюкин	P166	полученные награды	командор ордена Почётного легиона	0	0	0	0	1945-01-01	-0.2893125708685912
1989	хрюкин	Q1966944	Тимофей Тимофеевич Хрюкин	P166	полученные награды	орден Ленина	0	0	0	0	1939-02-22	2.1445793834991744
[1944, 1948]	хрюкин	Q1966944	Тимофей Тимофеевич Хрюкин	P166	полученные награды	медаль «За боевые заслуги»	0	0	0	0	1944-11-03	-0.2893125708685912
1989	хрюкин	Q1966944	Тимофей Тимофеевич Хрюкин	P166	полученные награды	медаль «Золотая Звезда»	0	0	0	0	1939-02-22	2.1445793834991744
[1944, 1948]	хрюкин	Q1966944	Тимофей Тимофеевич Хрюкин	P166	полученные награды	орден Богдана Хмельницкого I степени	0	0	0	0	1944-03-19	-0.2893125708685912
[1944, 1948]	хрюкин	Q1966944	Тимофей Тимофеевич Хрюкин	P166	полученные награды	орден Суворова I степени	0	0	0	0	1944-05-16	-0.2893125708685912
[1947, 1956]	хрящевка	Q4501967	Хрящевка	P571	дата основания / создания / возникновения	0	0	1951-01-01	0	0	0	0.6954056091791692
1974	хсср	Q61291	Хорезмская Народная Советская Республика	P576	дата прекращения существования	0	0	1924-01-01	0	0	0	5.190886902568888
[1961, 1963]	хуаиня	Q785966	Хуаинь	P131	административно-территориальная единица	Специальный район Вэйнань	0	0	1961-01-01	1995-03-31	0	0.404651570433287
[1954, 1958]	хуайань	Q973193	Хуайань	P131	административно-территориальная единица	Специальный район Хуайинь	0	0	1954-01-01	1982-12-31	0	-0.12042971856893081
1950	хуайань	Q973193	Хуайань	P131	административно-территориальная единица	Специальный район Яньчэн	0	0	1949-10-01	1953-12-31	0	3.545756223234608
[1950, 1955]	хуасяня	Q727188	Хуачжоу	P131	административно-территориальная единица	Специальный район Вэйнань	0	0	1950-01-01	1955-12-31	0	0.2726937614621718
[1944, 1948]	хуб	Q57579	Хубе, Ганс-Валентин	P570	дата смерти	0	0	1944-04-21	0	0	0	-0.20531811929590335
1950	хуби	Q46862	Хубэй	P131	административно-территориальная единица	Китайская Народная Республика	0	0	1949-10-01	0	0	2.614305196171022
[1993, 1997]	худеть	Q1637939	Худеющий	P577	дата публикации	0	0	1996-01-01	0	0	0	-0.040731423042243406
[1977, 1986]	худеть	Q253925	Худеющий	P571	дата основания / создания / возникновения	0	0	1984-01-01	0	0	0	-0.47652489290654154
[1977, 1986]	худеть	Q253925	Худеющий	P577	дата публикации	0	0	1984-01-01	0	0	0	-0.47652489290654154
[2004, 2006]	хузум	Q21159	Хузум	P6	глава правительства	Q70849668	0	0	1999-09-01	2005-08-31	0	-0.6978855036018743
1964	хузум	Q21159	Хузум	P6	глава правительства	Q70971092	0	0	1963-08-01	1981-08-31	0	2.4505147503275753
[2004, 2006]	хузум	Q21159	Хузум	P6	глава правительства	Q70844762	0	0	2005-09-01	2011-08-31	0	-0.6978855036018743
1934	хулань	Q1027409	Хулань	P131	административно-территориальная единица	Хэйлунцзян	0	0	1912-01-01	1932-11-30	0	1.9883003264846932
1936	хулань	Q1027409	Хулань	P131	административно-территориальная единица	Харбин	0	0	1936-01-01	1937-06-30	0	3.7785908598115263
[1956, 1957]	хулань	Q1027409	Хулань	P131	административно-территориальная единица	Специальный район Суйхуа	0	0	1956-03-01	1958-08-24	0	-0.5064707352926558
1934	хулань	Q1027409	Хулань	P131	административно-территориальная единица	Биньцзян	0	0	1934-12-01	1935-12-31	0	1.9883003264846932
1934	хулань	Q1027409	Хулань	P131	административно-территориальная единица	Лунцзян	0	0	1932-12-01	1934-11-30	0	1.9883003264846932
[1956, 1957]	хулань	Q1027409	Хулань	P131	административно-территориальная единица	Хэйлунцзян	0	0	1954-08-01	1956-02-29	0	-0.5064707352926558
[1946, 1947]	хун	Q79525	Хуна	P571	дата основания / создания / возникновения	0	0	1946-06-08	0	0	0	-0.5381328248950634
[1966, 1968]	хун	Q3207472	Хуна	P571	дата основания / создания / возникновения	0	0	1966-01-01	0	0	0	-0.32892047939109403
1934	хуньчунь	Q128674	Хуньчунь	P131	административно-территориальная единица	Гирин	0	0	1932-03-09	1934-11-30	0	6.134337265662278
1934	хуньчунь	Q128674	Хуньчунь	P131	административно-территориальная единица	Цзяньдао	0	0	1934-12-01	1943-09-30	0	6.134337265662278
1934	хуньчунь	Q128674	Хуньчунь	P131	административно-территориальная единица	Гирин	0	0	1913-06-01	1932-03-08	0	6.134337265662278
1950	хурэ	Q1354194	Хурэ-Ци	P131	административно-территориальная единица	Джирим	0	0	1949-12-01	1949-01-12	0	1.653811688468558
2001	хурэ	Q1354194	Хурэ-Ци	P131	административно-территориальная единица	Тунляо	0	0	1999-01-13	0	0	3.8505992495415753
1950	хурэ	Q1354194	Хурэ-Ци	P131	административно-территориальная единица	Жэхэ	0	0	1946-04-01	1949-11-30	0	1.653811688468558
[1946, 1950]	хурэ	Q1354194	Хурэ-Ци	P131	административно-территориальная единица	Маньчжурия под оккупацией СССР	0	0	1945-09-03	1946-03-31	0	0.3985434137199266
[1977, 1979]	хусаинова	Q4446212	СуперАлиса	P569	дата рождения	0	0	1978-07-23	0	0	0	-0.02839410800892822
[1966, 1968]	хусейн	Q146906	Хусейн ибн Талал	P166	полученные награды	Королевская Викторианская цепь	0	0	0	0	1966-01-01	-0.7472129357057199
[1960, 1965]	хуск	Q854729	Хуска, Йенё	P570	дата смерти	0	0	1960-02-02	0	0	0	0.6607425261170878
1948	хуст	Q146469	Хуст	P131	административно-территориальная единица	Хустский горсовет	0	0	1946-01-22	0	0	2.2037434457880574
[2003, 2004]	хусть	Q463336	Хусти, Сабольч	P54	член спортивной команды	Шопрон (футбольный клуб)	0	0	2003-01-01	2004-01-01	0	-0.6561531123257145
[1955, 1960]	хутубь	Q175773	Хутуби	P131	административно-территориальная единица	Урумчи	0	0	1949-12-17	1957-12-31	0	-0.13787803105864013
[1955, 1960]	хутубь	Q175773	Хутуби	P131	административно-территориальная единица	Чанцзи-Хуэйский автономный округ	0	0	1958-01-01	0	0	-0.13787803105864013
1928	хутынь	Q4502601	Хутынь	P131	административно-территориальная единица	Новгородский район	0	0	1927-08-01	2005-11-10	0	1.785163150480246
1940	хьюгессен	Q1634657	Нэтчбулл-Хьюджессен, Хью	P39	занимаемая должность	ambassador of the United Kingdom to Turkey	0	0	1939-01-01	1944-01-01	0	4.115874965720038
1940	хьюгессен	Q1634657	Нэтчбулл-Хьюджессен, Хью	P39	занимаемая должность	ambassador of the United Kingdom to China	0	0	1936-01-01	1938-01-01	0	4.115874965720038
1990	хьюго	Q1638615	Хьюго	P580	дата начала	0	0	1989-09-10	0	0	0	2.643790312714113
1990	хьюго	Q1638615	Хьюго	P582	дата окончания	0	0	1989-09-25	0	0	0	2.643790312714113
[1974, 1979]	хьюсон	Q834621	Боно	P2031	начало периода активности	0	0	1976-01-01	0	0	0	-0.4257309261528918
1956	хэган	Q349982	Хэган	P571	дата основания / создания / возникновения	0	0	1906-01-01	0	0	0	1.6920655166080563
1989	хэйсэй	Q234510	Период Хэйсэй	P580	дата начала	0	0	1989-01-08	0	0	0	2.524275911497016
[1991, 1997]	хэкмен	Q150943	Джин Хэкмен	P166	полученные награды	Премия «Золотой глобус» за лучшую мужскую роль второго плана — Кинофильм	0	0	0	0	1992-01-01	0.10091118082499527
[1991, 1997]	хэкмен	Q150943	Джин Хэкмен	P166	полученные награды	Премия «Оскар» за лучшую мужскую роль второго плана	0	0	0	0	1992-01-01	0.10091118082499527
[1991, 1997]	хэкмен	Q150943	Джин Хэкмен	P166	полученные награды	премия BAFTA за лучшую мужскую роль второго плана	0	0	0	0	1993-01-01	0.10091118082499527
[1990, 1997]	хэлфорд	Q271576	Хэлфорд, Роб	P463	участник организации или клуба	Judas Priest	0	0	1972-01-01	1991-01-01	0	-0.23845014537719794
1980	хэммонд	Q105891	орган Хаммонда	P575	дата открытия	0	0	1930-01-01	0	0	0	1.7642628392097852
1943	хэнфорд	Q1575443	Хэнфорд	P576	дата прекращения существования	0	0	1943-01-01	0	0	0	1.8310399397843475
[1958, 1962]	хютте	Q16106	Айзенхюттенштадт	P138	названо в честь	Иосиф Виссарионович Сталин	0	0	1953-01-01	1961-01-01	0	0.09932117937086792
[2005, 2007]	хютте	Q16106	Айзенхюттенштадт	P463	участник организации или клуба	Мэры за мир	0	0	2006-12-01	0	0	-0.7829251325534773
