Year or Period	Unigram	#Q	Subject	#P	Predicate	Object	Organization	Just Date	Start Time	End Time	Time Point	growth_speed
[1973, 1979]	ваап	Q4127593	Всесоюзное агентство по авторским правам	P571	дата основания / создания / возникновения	0	0	1973-01-01	0	0	0	-0.04479614174577652
1962	вабба	Q4102078	Адо Ваббе	P570	дата смерти	0	0	1961-04-20	0	0	0	1.8221607056801283
[1968, 1969]	вав	Q311445	Вава	P54	член спортивной команды	Сан-Диего Торос	0	0	1968-01-01	1968-01-01	0	-0.06614962332380461
1958	вав	Q311445	Вава	P54	член спортивной команды	Васко да Гама	0	0	1951-01-01	1958-01-01	0	2.3074855986713576
[1968, 1969]	вав	Q311445	Вава	P54	член спортивной команды	Торос Неса	0	0	1967-01-01	1968-01-01	0	-0.06614962332380461
1958	вав	Q311445	Вава	P54	член спортивной команды	Атлетико Мадрид	0	0	1958-01-01	1961-01-01	0	2.3074855986713576
[1955, 1956]	вав	Q311445	Вава	P54	член спортивной команды	сборная Бразилии по футболу	0	0	1955-01-01	1964-01-01	0	-0.24345309842465895
[1977, 1979]	вавилов	Q249039	(2862) Вавилов	P575	дата открытия	0	0	1977-05-15	0	0	0	-0.5881709388837747
[1975, 1976]	вагаб	Q2165180	Магомедали Абдулгамидович Вагабов	P569	дата рождения	0	0	1975-01-01	0	0	0	0.7280368191732554
[1924, 1928]	вагаршапат	Q183394	Вагаршапат	P17	государство	СССР	0	0	1924-01-01	0	0	0.2997752931555356
1980	ваграм	Q944564	Ваграм	P1435	статус наследия	исторический памятник зарегистрированный	0	0	1978-05-29	2016-02-12	0	2.259601689223547
[1997, 1998]	ваграм	Q660921	Дойч-Ваграм	P463	участник организации или клуба	Climate Alliance	0	0	1997-01-01	0	0	-0.5473913625484039
[2006, 2007]	вайблинген	Q4140	Вайблинген	P6	глава правительства	Werner Schmidt-Hieber	0	0	1994-01-01	2006-01-01	0	0.548661409041712
[2006, 2007]	вайблинген	Q4140	Вайблинген	P6	глава правительства	Andreas Hesky	0	0	2006-01-01	0	0	0.548661409041712
[1987, 1992]	вайнах	Q4102481	Вайнах (футбольный клуб)	P571	дата основания / создания / возникновения	0	0	1991-01-01	0	0	0	0.5196326237531187
1973	вайшаль	Q100130	Вайшали	P571	дата основания / создания / возникновения	0	0	1972-01-01	0	0	0	2.2739639661724995
1948	ваксхольм	Q10713493	Ваксхольм	P361	часть от	Q18333751	0	0	1948-01-01	0	0	1.6797225456131772
[2002, 2007]	валбжих	Q110732	Валбжих	P131	административно-территориальная единица	Нижнесилезское воеводство	0	0	1999-01-01	2003-01-01	0	-0.5766925379800852
[2002, 2007]	валбжих	Q110732	Валбжих	P131	административно-территориальная единица	Валбжихский повят	0	0	2003-01-01	2013-01-01	0	-0.5766925379800852
1942	валгалла	Q321240	Вальхалла	P1619	дата официального открытия	0	0	1842-01-01	0	0	0	2.82871038820755
1943	валеджио	Q377997	Борис Вальехо	P569	дата рождения	0	0	1941-01-08	0	0	0	2.82652630218377
[1991, 2007]	валерия	Q302484	Валерия	P2031	начало периода активности	0	0	1992-01-01	0	0	0	0.4516010600351679
[2003, 2004]	валка	Q28829783	Валки	P131	административно-территориальная единица	Константиновский сельсовет	0	0	2003-12-01	0	0	-0.9549436479436387
[1944, 1948]	вальденбург	Q1803526	Вальденбург	P576	дата прекращения существования	0	0	1945-01-01	0	0	0	1.2353853555153655
[2002, 2005]	вальдо	Q519020	Вальдо	P54	член спортивной команды	молодёжная сборная Испании по футболу	0	0	2003-01-01	2003-01-01	0	-0.5245992049191582
[2002, 2005]	вальдо	Q519020	Вальдо	P54	член спортивной команды	Осасуна	0	0	2003-01-01	2003-01-01	0	-0.5245992049191582
[2002, 2005]	вальдо	Q519020	Вальдо	P54	член спортивной команды	Реал Мадрид	0	0	2002-01-01	2003-01-01	0	-0.5245992049191582
[2002, 2005]	вальдо	Q519020	Вальдо	P54	член спортивной команды	Реал Мадрид Кастилья	0	0	2001-01-01	2003-01-01	0	-0.5245992049191582
[2002, 2005]	вальдо	Q519020	Вальдо	P54	член спортивной команды	Осасуна	0	0	2003-01-01	2007-01-01	0	-0.5245992049191582
[1961, 1965]	валькининкай	Q2121733	Валькининкай	P131	административно-территориальная единица	Q16450362	0	0	1950-01-01	1962-01-01	0	0.3121021514569256
[1961, 1965]	валькининкай	Q2121733	Валькининкай	P131	административно-территориальная единица	Варенский район	0	0	1962-01-01	0	0	0.3121021514569256
2008	валькирия	Q159054	Операция «Валькирия»	P577	дата публикации	0	0	2008-01-01	0	0	0	5.608397240094515
[1997, 1998]	вальми	Q3497362	Вальми	P1619	дата официального открытия	0	0	1997-04-28	0	0	0	-0.5289049514165323
1942	вальхалл	Q321240	Вальхалла	P1619	дата официального открытия	0	0	1842-01-01	0	0	0	1.8063923991848128
[1970, 1980]	вампилов	Q1706297	Александр Валентинович Вампилов	P570	дата смерти	0	0	1972-08-17	0	0	0	0.3721219227404205
[1970, 1980]	вампилов	Q919153	(3230) Вампилов	P575	дата открытия	0	0	1972-06-08	0	0	0	0.3721219227404205
2008	вампир	Q237813	Майла Нурми	P570	дата смерти	0	0	2008-01-10	0	0	0	3.300799703857321
1995	вампир	Q7912946	Вампира	P577	дата публикации	0	0	1994-01-01	0	0	0	1.9841717020533158
1956	ванемуйня	Q1646059	Ванемуйне	P2283	использует	Old building of the Vanemuine Theatre	0	0	1906-01-01	1944-01-01	0	2.4546988936442875
[1951, 1952]	ванета	Q7967344	ГЭС Ванета	P571	дата основания / создания / возникновения	0	0	1951-01-01	0	0	0	-0.4792740399538005
1944	ваня	Q7813259	Вань	P570	дата смерти	0	0	1894-01-01	0	0	0	1.7656852030604602
[1988, 1992]	вао	Q307234	Восточный административный округ	P571	дата основания / создания / возникновения	0	0	1991-07-10	0	0	0	0.31031930638152744
[2004, 2006]	вапник	Q983367	Вапник, Владимир Наумович	P166	полученные награды	International Dennis Gabor Award	0	0	0	0	2005-01-01	0.08883327287196678
[1973, 1977]	вар	Q501428	Вара	P361	часть от	Q61315169	0	0	1974-01-01	2009-01-11	0	-0.08692550098964488
[1972, 1975]	вараш	Q997541	Вараш	P571	дата основания / создания / возникновения	0	0	1973-01-01	0	0	0	-0.38042320866803203
[2002, 2007]	варваровка	Q18769431	Варваровка	P131	административно-территориальная единица	Каменский район	0	0	1959-10-12	2004-11-01	0	-0.2835603492326402
[2002, 2007]	варваровка	Q18769431	Варваровка	P131	административно-территориальная единица	Анучинский сельсовет	0	0	2004-11-02	0	0	-0.2835603492326402
1952	варенцов	Q4103775	Варенцова, Ольга Афанасьевна	P570	дата смерти	0	0	1950-03-22	0	0	0	1.8558103987974421
[1923, 1925]	вареный	Q614636	Варен	P571	дата основания / создания / возникновения	0	0	1923-01-01	0	0	0	-0.03613669087977333
[1923, 1925]	вареный	Q614636	Варен	P1619	дата официального открытия	0	0	1923-12-20	0	0	0	-0.03613669087977333
1950	варна	Q6506	Варна	P138	названо в честь	Иосиф Виссарионович Сталин	0	0	1949-12-20	1956-10-20	0	1.7468251803127581
2006	варнавино	Q3739708	Варнавино	P131	административно-территориальная единица	Варнавинский район	0	0	1964-01-01	2004-06-14	0	2.746052256337925
2006	варнавино	Q3739708	Варнавино	P131	административно-территориальная единица	Рабочий посёлок Варнавино	0	0	2004-06-15	0	0	2.746052256337925
1991	варфоломей	Q44501	Варфоломей I	P39	занимаемая должность	патриарх Константинопольский	0	0	1991-10-22	0	0	2.827111424201599
[1984, 1990]	варяг	Q1406880	Варяг	P793	ключевое событие	ввод судна в эксплуатацию	0	0	0	0	1989-12-25	-0.4095412839297724
[1992, 2000]	варяг	Q16979335	Варяг	P793	ключевое событие	аукцион	0	0	0	0	1998-03-17	0.3186853224046634
[1984, 1990]	варяг	Q16979335	Варяг	P793	ключевое событие	спуск судна на воду	0	0	0	0	1988-11-25	-0.4095412839297724
[1984, 1990]	варяг	Q129200	Ляонин	P793	ключевое событие	закладка судна	0	0	0	0	1985-12-04	-0.4095412839297724
[1992, 2000]	варяг	Q129200	Ляонин	P793	ключевое событие	Локаут	0	0	0	0	1992-01-12	0.3186853224046634
[1984, 1990]	варяг	Q16979335	Варяг	P793	ключевое событие	закладка судна	0	0	0	0	1985-12-04	-0.4095412839297724
[1992, 2000]	варяг	Q16979335	Варяг	P793	ключевое событие	Локаут	0	0	0	0	1992-01-12	0.3186853224046634
[1984, 1990]	варяг	Q129200	Ляонин	P793	ключевое событие	спуск судна на воду	0	0	0	0	1988-11-25	-0.4095412839297724
[1965, 1970]	варяг	Q48995686	Варяг	P793	ключевое событие	ввод судна в эксплуатацию	0	0	0	0	1965-08-20	-0.769233204518026
1982	васечко	Q4104180	Васечко, Степан Павлович	P570	дата смерти	0	0	1980-03-11	0	0	0	1.7850006975005202
[1937, 1942]	василий	Q10420605	Василий	P570	дата смерти	0	0	1938-11-11	0	0	0	-0.013832547058715878
1994	василла	Q2061713	Уасилла	P571	дата основания / создания / возникновения	0	0	1992-01-05	0	0	0	1.6668620133215977
[1990, 1994]	васт	Q1739340	Воронежская АСТ	P793	ключевое событие	строительство	0	0	1983-01-01	1990-01-01	0	-0.2098589874140649
1979	васхнил	Q472795	Всесоюзная академия сельскохозяйственных наук имени Ленина	P571	дата основания / создания / возникновения	0	0	1929-05-25	0	0	0	3.340450722664441
[1966, 1971]	васхнил	Q1669077	Краснообск	P571	дата основания / создания / возникновения	0	0	1970-01-01	0	0	0	0.5008118005980366
[1969, 1970]	васюк	Q4105163	Васюк, Илья Акимович	P570	дата смерти	0	0	1969-07-24	0	0	0	-0.2895688548535087
[2002, 2008]	ватикан	Q237	Ватикан	P166	полученные награды	Шнобелевская премия	0	0	0	0	2004-01-01	-0.49866003349746146
[2004, 2007]	ватолин	Q29627357	Ватолино	P131	административно-территориальная единица	Ореховское сельское поселение	0	0	2005-11-11	0	0	-0.13831437271537897
[2005, 2006]	вахромеево	Q19847842	Вахромеево	P131	административно-территориальная единица	Муниципальное образование Вахромеевское	0	0	2005-05-11	0	0	-0.3017450626832518
[1978, 1986]	вашингтон	Q61	Вашингтон	P6	глава правительства	Уолтер Вашингтон	0	0	1975-01-02	1979-01-02	0	0.9613466442768198
[1995, 2006]	вашингтон	Q61	Вашингтон	P6	глава правительства	Шерон Прэтт Келли	0	0	1991-01-02	1995-01-02	0	-0.2353901667588819
[1978, 1986]	вашингтон	Q61	Вашингтон	P6	глава правительства	Мэрион Бэрри	0	0	1979-01-02	1991-01-02	0	0.9613466442768198
[1995, 2006]	вашингтон	Q61	Вашингтон	P6	глава правительства	Мэрион Бэрри	0	0	1995-01-02	1999-01-02	0	-0.2353901667588819
[1995, 2006]	вашингтон	Q61	Вашингтон	P6	глава правительства	Энтони Уильямс	0	0	1999-01-02	2007-01-02	0	-0.2353901667588819
[1975, 1980]	ввж	Q200015	Владимир Вольфович Жириновский	P69	учебное заведение	Московский государственный университет	0	0	1972-01-01	1977-01-01	0	-0.42315655962727367
[2002, 2007]	ввж	Q200015	Владимир Вольфович Жириновский	P39	занимаемая должность	Representative of the Parliamentary Assembly of the Council of Europe	0	0	2005-01-24	2008-04-14	0	-0.514568755018623
1998	ввж	Q200015	Владимир Вольфович Жириновский	P39	занимаемая должность	Representative of the Parliamentary Assembly of the Council of Europe	0	0	1996-03-20	2004-03-02	0	2.1721579739529453
1998	ввж	Q200015	Владимир Вольфович Жириновский	P39	занимаемая должность	Special Guest of the Parliamentary Assembly of the Council of Europe	0	0	1994-02-28	1996-03-20	0	2.1721579739529453
2005	ввс	Q2078847	Авангард	P571	дата основания / создания / возникновения	0	0	1955-01-01	0	0	0	3.2754649596601317
1950	вго	Q726762	Русское географическое общество	P488	руководитель	Лев Семёнович Берг	0	0	1940-01-01	1950-01-01	0	2.242419589713555
[1931, 1936]	вго	Q726762	Русское географическое общество	P488	руководитель	Юлий Михайлович Шокальский	0	0	1917-01-01	1931-01-01	0	0.01303300017140202
[1931, 1936]	вго	Q726762	Русское географическое общество	P488	руководитель	Николай Иванович Вавилов	0	0	1931-01-01	1940-01-01	0	0.01303300017140202
1942	вгпи	Q3551557	Вологодский государственный педагогический университет	P138	названо в честь	Вячеслав Михайлович Молотов	0	0	1940-01-01	1957-01-01	0	3.023400459743423
[1932, 1935]	вдк	Q959	Владивосток	P131	административно-территориальная единица	Приморская область	0	0	1932-10-20	1939-06-04	0	-0.2853215384922683
2005	вдк	Q959	Владивосток	P131	административно-территориальная единица	Владивостокский городской округ	0	0	2005-01-01	0	0	1.8224751312810403
2005	вдк	Q959	Владивосток	P131	административно-территориальная единица	Приморский край	0	0	1939-06-05	2005-01-01	0	1.8224751312810403
2005	вдк	Q959	Владивосток	P6	глава правительства	Копылов, Юрий Михайлович	0	0	2000-06-20	2004-07-18	0	1.8224751312810403
[1932, 1935]	вдк	Q959	Владивосток	P131	административно-территориальная единица	Дальневосточный край	0	0	1930-07-30	1932-10-19	0	-0.2853215384922683
2005	вдк	Q959	Владивосток	P6	глава правительства	Владимир Викторович Николаев	0	0	2004-07-22	2008-02-20	0	1.8224751312810403
[1987, 1989]	ведель	Q4356	Ведель	P463	участник организации или клуба	Мэры за мир	0	0	1987-08-01	0	0	-0.35910493934776117
[1957, 1963]	ведищев	Q4105808	Аида Семёновна Ведищева	P2031	начало периода активности	0	0	1960-01-01	0	0	0	-0.18044750690482675
1942	ведищев	Q4105808	Аида Семёновна Ведищева	P569	дата рождения	0	0	1941-06-10	0	0	0	4.622277312403426
[2004, 2006]	вежка	Q19884401	Вёжки	P131	административно-территориальная единица	Мошокское сельское поселение	0	0	2005-05-13	0	0	-0.40788884942144227
[1961, 1963]	везалия	Q149823	(2642) Везалий	P575	дата открытия	0	0	1961-09-14	0	0	0	-0.0030222949781878636
2008	везунчик	Q973722	Везунчик	P577	дата публикации	0	0	2007-06-28	0	0	0	3.3452809229856775
2008	везунчик	Q4105937	Везунчик!	P577	дата публикации	0	0	2008-01-01	0	0	0	3.3452809229856775
2008	везунчик	Q973722	Везунчик	P577	дата публикации	0	0	2007-01-01	0	0	0	3.3452809229856775
[1979, 1983]	вейдл	Q2543102	Владимир Васильевич Вейдле	P570	дата смерти	0	0	1979-05-08	0	0	0	-0.46616955293850504
[1950, 1954]	веймар	Q3955	Веймар	P131	административно-территориальная единица	Тюрингия	0	0	1920-05-01	1952-07-25	0	-0.0711448067620279
[1950, 1954]	веймар	Q3955	Веймар	P131	административно-территориальная единица	Эрфурт	0	0	1952-07-25	1990-10-03	0	-0.0711448067620279
[1994, 2003]	веймар	Q3955	Веймар	P1376	является столицей	Веймар-Ланд	0	0	1952-01-01	1994-01-01	0	-0.14222063433916657
[1994, 2003]	веймар	Q1787565	Веймар-Ланд	P131	административно-территориальная единица	Тюрингия	0	0	1990-10-03	1994-07-01	0	-0.14222063433916657
[1950, 1954]	веймар	Q1787565	Веймар-Ланд	P131	административно-территориальная единица	Эрфурт	0	0	1952-07-25	1990-10-03	0	-0.0711448067620279
[1984, 1986]	вейсберг	Q4106032	Вейсберг, Владимир Григорьевич	P570	дата смерти	0	0	1985-01-01	0	0	0	-0.3573202921228427
[1923, 1928]	вейсберг	Q4106032	Вейсберг, Владимир Григорьевич	P569	дата рождения	0	0	1924-06-07	0	0	0	0.15446971747297913
[2003, 2005]	вейсвассер	Q44498	Вайсвассер	P6	глава правительства	Helma Orosz	0	0	2001-01-01	2003-01-01	0	-0.8422330777272409
[1993, 1998]	векша	Q10718569	Векшё	P1366	заменён на	Q10692263	0	0	0	0	1995-01-01	0.3424192030743192
1930	велер	Q58575	Фридрих Вёлер	P166	полученные награды	медаль Котениуса	0	0	0	0	1880-01-01	2.0201859846750074
[1992, 2000]	велес	Q21636815	Велес	P571	дата основания / создания / возникновения	0	0	1993-01-01	0	0	0	1.1939588975723887
[1972, 1987]	велихов	Q1046751	(3601) Велихов	P575	дата открытия	0	0	1979-09-22	0	0	0	0.3513320064157808
[1989, 1992]	величанский	Q4106868	Величанский, Александр Леонидович	P570	дата смерти	0	0	1990-08-10	0	0	0	0.3000939974146354
1938	веллингтон	Q505487	Веллингтон	P1619	дата официального открытия	0	0	1937-01-01	0	0	0	2.1353962018773163
1939	веллингтон	Q23661	Веллингтон	P571	дата основания / создания / возникновения	0	0	1839-01-01	0	0	0	2.4938597897431034
1938	веллингтон	Q505487	Веллингтон	P571	дата основания / создания / возникновения	0	0	1937-06-19	0	0	0	2.1353962018773163
[1988, 1992]	велтистов	Q4106955	Евгений Велтистов	P570	дата смерти	0	0	1989-09-01	0	0	0	-0.7665772975056404
[1988, 1995]	вельша	Q72044	Вельш, Вольфганг	P166	полученные награды	премия Макса Планка	0	0	0	0	1992-01-01	-0.1952135676981921
[1997, 1998]	венглинский	Q2376595	Олег Николаевич Венглинский	P54	член спортивной команды	Динамо	0	0	1997-01-01	2002-01-01	0	-0.7458923622515533
[1941, 1947]	венгрия	Q940741	Вторая Венгерская Республика	P571	дата основания / создания / возникновения	0	0	1946-02-01	0	0	0	1.5376051821899162
[1941, 1947]	венгрия	Q171150	Королевство Венгрия	P576	дата прекращения существования	0	0	1946-02-01	0	0	0	1.5376051821899162
1993	венедикт	Q549413	Венедикт	P106	род занятий	католический священник	0	0	1992-03-29	0	0	3.1484348700750453
[1956, 1962]	венесуэла	Q717	Венесуэла	P463	участник организации или клуба	Международная финансовая корпорация	0	0	1956-12-28	0	0	0.887588219145819
[1986, 2000]	венеция	Q501245	Венеция	P286	тренер	Лучано Спаллетти	0	0	1999-07-01	1999-11-01	0	-0.1886520858691671
[1986, 2000]	венеция	Q501245	Венеция	P286	тренер	Лучано Спаллетти	0	0	1999-11-29	2000-02-07	0	-0.1886520858691671
[1986, 2000]	венеция	Q501245	Венеция	P286	тренер	Вентура, Джан Пьеро	0	0	1994-07-01	1994-09-12	0	-0.1886520858691671
[1986, 2000]	венеция	Q501245	Венеция	P286	тренер	Вентура, Джан Пьеро	0	0	1994-12-15	1995-04-10	0	-0.1886520858691671
1994	вениамин	Q3513340	Вениамин	P411	статус канонизации	священномученик	0	0	0	0	1992-01-01	4.117644711680623
[1958, 1959]	веннер	Q3200612	Веннер, Курт	P569	дата рождения	0	0	1958-04-17	0	0	0	0.3999008486581467
[1936, 1937]	вербовский	Q4107522	Вербовский	P1249	первое письменное упоминание	0	0	1936-01-01	0	0	0	0.5955668391483501
[2005, 2006]	веребей	Q4107611	Веребье	P131	административно-территориальная единица	Веребьинское сельское поселение	0	0	2005-11-11	0	0	0.02133532224737955
[2005, 2006]	веребей	Q4107611	Веребье	P131	административно-территориальная единица	Маловишерский район	0	0	1932-01-01	2005-11-10	0	0.02133532224737955
[1948, 1949]	веревка	Q109564	Верёвка	P577	дата публикации	0	0	1948-01-01	0	0	0	-0.10653553927507892
[2005, 2009]	вересковый	Q4107689	Вересково	P131	административно-территориальная единица	Большевороновское сельское поселение	0	0	2005-01-01	2010-01-01	0	-0.8468907713923359
[2004, 2006]	веретей	Q20673027	Веретея	P131	административно-территориальная единица	Веретейское сельское поселение	0	0	2004-12-21	0	0	-0.400226507035042
2005	верещагино	Q19847847	Верещагино	P131	административно-территориальная единица	Муниципальное образование Брызгаловское	0	0	2005-05-11	0	0	4.372213788574971
[1977, 1984]	вернадский	Q963034	(2809) Вернадский	P575	дата открытия	0	0	1978-08-31	0	0	0	-0.08505477902211019
[1989, 1997]	верный	Q35493	Алма-Ата	P131	административно-территориальная единица	Алматинская область	0	0	1932-03-10	1991-12-15	0	-0.26422789515442896
[1989, 1997]	верный	Q35493	Алма-Ата	P131	административно-территориальная единица	Казахстан	0	0	1991-12-16	0	0	-0.26422789515442896
[1984, 1989]	верс	Q2840907	Верса	P569	дата рождения	0	0	1986-09-29	0	0	0	0.06770540878826146
2008	верхошижемье	Q4009892	Верхошижемье	P131	административно-территориальная единица	Верхошижемское городское поселение	0	0	2006-01-01	0	0	2.682815032754859
2008	верхошижемье	Q4009892	Верхошижемье	P131	административно-территориальная единица	Верхошижемский район	0	0	1929-06-08	2006-01-01	0	2.682815032754859
[1992, 1993]	верцман	Q4109222	Верцман, Израиль Ефимович	P570	дата смерти	0	0	1992-01-01	0	0	0	-0.8506333892617193
1929	веселый	Q19674078	Веселое	P131	административно-территориальная единица	Глушковский район	0	0	1928-07-30	2004-10-20	0	1.9815065240881335
[1928, 1931]	веселый	Q4109868	Весёлый	P571	дата основания / создания / возникновения	0	0	1930-01-01	0	0	0	0.4934258153758716
1929	веселый	Q4109697	Весёлая	P131	административно-территориальная единица	Долгоруковский район	0	0	1928-07-30	2003-12-31	0	1.9815065240881335
1942	веселый	Q30891201	Весёлое	P571	дата основания / создания / возникновения	0	0	1940-01-01	0	0	0	4.531037368228337
1923	весна	Q4477056	Весна	P571	дата основания / создания / возникновения	0	0	1823-01-01	0	0	0	3.4020414673408115
[2005, 2006]	вестервик	Q515477	Вестервик	P361	часть от	Q61388062	0	0	2005-01-17	0	0	-0.49838045557821775
[2003, 2006]	вестланд	Q26556	Вестланд	P6	глава правительства	Sjaak van der Tak	0	0	2004-09-02	2017-09-30	0	-0.6391277020431582
[2003, 2006]	вестланд	Q26556	Вестланд	P31	это частный случай понятия	община Нидерландов	0	0	2004-01-01	0	0	-0.6391277020431582
[2003, 2006]	вестланд	Q26556	Вестланд	P6	глава правительства	Rein Welschen	0	0	2004-01-01	2004-09-01	0	-0.6391277020431582
[1946, 1950]	вестфалия	Q8614	Вестфалия	P131	административно-территориальная единица	Северный Рейн-Вестфалия	0	0	1946-01-01	0	0	0.279110867679846
1994	весть	Q1987800	Вести	P571	дата основания / создания / возникновения	0	0	1992-01-01	0	0	0	5.250938966383735
1944	ветлугин	Q4053828	А. Ветлугин	P569	дата рождения	0	0	1894-03-08	0	0	0	3.0454793347455413
1949	ветреный	Q47045431	Ветреный	P571	дата основания / создания / возникновения	0	0	1947-01-01	0	0	0	3.5739083627158754
[2002, 2007]	вешка	Q4130579	Вёшки	P131	административно-территориальная единица	Вёшковское сельское поселение	0	0	2004-12-02	0	0	-0.37156019691862824
1942	вешка	Q20464310	Вешки	P131	административно-территориальная единица	Докшицкий район	0	0	1940-01-15	0	0	2.0967717513789714
[2002, 2007]	вешка	Q4110279	Вешки	P131	административно-территориальная единица	Покровское сельское поселение	0	0	2004-12-02	0	0	-0.37156019691862824
[2002, 2007]	вешка	Q4130575	Вёшки	P131	административно-территориальная единица	Муниципальное образование «Посёлок Анопино»	0	0	2005-05-25	0	0	-0.37156019691862824
[2000, 2008]	взгляд	Q4110353	Взгляды	P131	административно-территориальная единица	Взглядское сельское поселение	0	0	2005-01-01	2010-01-01	0	-0.7649061673060981
[2007, 2009]	вздох	Q205763	Вздох	P577	дата публикации	0	0	2007-01-01	0	0	0	-0.07641657482198137
[1992, 1994]	виджай	Q528496	Виджай	P2031	начало периода активности	0	0	1992-01-01	0	0	0	0.8169590270460939
1975	виджай	Q528496	Виджай	P569	дата рождения	0	0	1974-06-22	0	0	0	3.444991036304829
[1929, 1931]	визинга	Q660786	Визинга	P131	административно-территориальная единица	Сысольский район	0	0	1929-07-15	2005-03-05	0	0.3664956772749591
[1990, 1992]	виипури	Q14657	Выборг	P17	государство	Россия	0	0	1991-12-26	0	0	-0.04805276401648079
1941	виипури	Q14657	Выборг	P131	административно-территориальная единица	Выборгская губерния	0	0	1941-08-29	1944-06-19	0	2.0598527727542852
1941	виипури	Q14657	Выборг	P17	государство	Финляндия	0	0	1941-08-29	1944-09-18	0	2.0598527727542852
1940	виипури	Q14657	Выборг	P131	административно-территориальная единица	Выборгская губерния	0	0	1812-01-04	1940-03-11	0	5.447717971079506
[1990, 1992]	виипури	Q14657	Выборг	P17	государство	СССР	0	0	1944-09-19	1991-12-26	0	-0.04805276401648079
1940	виипури	Q14657	Выборг	P131	административно-территориальная единица	Карело-Финская Советская Социалистическая Республика	0	0	1940-03-31	1941-08-28	0	5.447717971079506
1940	виипури	Q14657	Выборг	P17	государство	Финляндия	0	0	1917-12-06	1940-03-13	0	5.447717971079506
1940	виипури	Q14657	Выборг	P131	административно-территориальная единица	Карельская Автономная Советская Социалистическая Республика	0	0	1940-03-12	1940-03-30	0	5.447717971079506
1940	виипури	Q14657	Выборг	P17	государство	СССР	0	0	1940-03-12	1941-08-28	0	5.447717971079506
[1958, 1973]	вий	Q331405	Вий	P577	дата публикации	0	0	1967-01-01	0	0	0	-0.03970932997756872
1933	вий	Q1409198	Вий	P571	дата основания / создания / возникновения	0	0	1833-01-01	0	0	0	2.5903326223298664
1936	вика	Q20494646	Вики	P571	дата основания / создания / возникновения	0	0	1935-01-01	0	0	0	2.103799841201705
1927	вика	Q28955359	Вик	P39	занимаемая должность	Mayor of Sankt Andreasberg	0	0	1917-01-01	1927-01-01	0	2.223471618888343
[1984, 1989]	викинг	Q2032631	Викинг	P793	ключевое событие	запуск ракеты	0	0	0	0	1986-02-22	-0.06870115680395694
2009	википедия	Q3913001	(274301) Википедия	P575	дата открытия	0	0	2008-08-25	0	0	0	2.309495238688932
1946	виктория	Q2363616	Бандар-Лабуан	P571	дата основания / создания / возникновения	0	0	1946-01-01	0	0	0	5.7348434601865605
1931	виктория	Q200999	Виктория	P571	дата основания / создания / возникновения	0	0	1881-03-28	0	0	0	2.0212688117343838
[1990, 2002]	виктория	Q156390	Виктория, кронпринцесса Швеции	P166	полученные награды	кавалер Большого креста ордена Святого Олафа	0	0	0	0	1995-01-01	-0.02253586714816815
[1990, 2002]	виктория	Q156390	Виктория, кронпринцесса Швеции	P166	полученные награды	орден Слона	0	0	0	0	1995-01-01	-0.02253586714816815
[2004, 2005]	викторовый	Q4111097	Викторово	P131	административно-территориальная единица	Викторовское сельское поселение	0	0	2004-12-02	0	0	0.5521057500158053
[2008, 2009]	виллен	Q15831210	Виллен	P54	член спортивной команды	сборная Бразилии по футболу (до 17 лет)	0	0	2008-01-01	2009-01-01	0	0.408576189139482
1965	вильгельмштрасса	Q677808	Вильгельмштрассе	P138	названо в честь	Отто Гротеволь	0	0	1964-01-01	1993-01-01	0	1.7933278408339042
1924	вильно	Q216	Вильнюс	P17	государство	Срединная Литва	0	0	1920-07-12	1922-02-20	0	3.0990458679560744
[1992, 2004]	вильно	Q216	Вильнюс	P131	административно-территориальная единица	Вильнюсское городское самоуправление	0	0	1995-01-01	0	0	-0.48102239196367247
1924	вильно	Q216	Вильнюс	P17	государство	Польша	0	0	1922-02-20	1939-09-18	0	3.0990458679560744
[1940, 1943]	вильно	Q216	Вильнюс	P17	государство	СССР	0	0	1940-07-21	1940-08-02	0	1.464651508213721
1924	вильно	Q216	Вильнюс	P131	административно-территориальная единица	Виленское воеводство	0	0	1922-02-20	1939-01-01	0	3.0990458679560744
[1940, 1943]	вильно	Q216	Вильнюс	P131	административно-территориальная единица	Литовская Советская Социалистическая Республика	0	0	1940-07-21	1990-01-01	0	1.464651508213721
[1940, 1943]	вильно	Q216	Вильнюс	P17	государство	Литва	0	0	1939-10-28	1940-08-02	0	1.464651508213721
1943	вильно	Q216	Вильнюс	P17	государство	Рейхскомиссариат Остланд	0	0	1941-07-25	1944-06-01	0	4.6834267771766935
1924	вильно	Q216	Вильнюс	P131	административно-территориальная единица	Срединная Литва	0	0	1920-01-01	1922-01-01	0	3.0990458679560744
1943	вильно	Q216	Вильнюс	P17	государство	СССР	0	0	1940-08-03	1941-06-24	0	4.6834267771766935
[1941, 1947]	вильнюс	Q216	Вильнюс	P17	государство	Рейхскомиссариат Остланд	0	0	1941-07-25	1944-06-01	0	-0.07862067590218284
[1941, 1947]	вильнюс	Q216	Вильнюс	P17	государство	СССР	0	0	1940-08-03	1941-06-24	0	-0.07862067590218284
[1941, 1947]	вильнюс	Q216	Вильнюс	P17	государство	СССР	0	0	1944-07-01	1990-03-10	0	-0.07862067590218284
[1923, 1927]	вильштеттер	Q77072	Рихард Вильштеттер	P463	участник организации или клуба	Национальная академия наук США	0	0	1926-01-01	0	0	0.019995890635466317
[1978, 1980]	вилюйск	Q660784	(2890) Вилюйск	P575	дата открытия	0	0	1978-09-26	0	0	0	-0.4996885941713914
[1936, 1937]	винат	Q674297	(2347) Вината	P575	дата открытия	0	0	1936-10-07	0	0	0	-0.06330533473524638
[1937, 1942]	виндава	Q104036	Вентспилс	P131	административно-территориальная единица	Латвийская Советская Социалистическая Республика	0	0	1940-07-21	1952-04-08	0	0.007750647203177793
[1985, 1994]	виндава	Q104036	Вентспилс	P131	административно-территориальная единица	Латвия	0	0	1991-08-21	0	0	-0.18570506758260538
[1985, 1994]	виндава	Q104036	Вентспилс	P131	административно-территориальная единица	Латвийская Советская Социалистическая Республика	0	0	1953-04-25	1991-08-21	0	-0.18570506758260538
[1963, 1967]	винета	Q234017	Уайнетт, Тэмми	P2031	начало периода активности	0	0	1966-01-01	0	0	0	0.017432480323559464
[1952, 1979]	винити	Q2537306	Всероссийский институт научной и технической информации РАН	P571	дата основания / создания / возникновения	0	0	1952-01-01	0	0	0	0.34354446687235024
[1932, 1934]	винница	Q157144	Винница	P31	это частный случай понятия	город областного значения Украины	0	0	1932-01-01	0	0	-0.554065921736777
[1923, 1926]	винница	Q157144	Винница	P1376	является столицей	Винницкий округ	0	0	1923-03-07	1930-09-15	0	0.4362952024353181
[1932, 1934]	винница	Q157144	Винница	P1376	является столицей	Винницкая область	0	0	1932-02-27	0	0	-0.554065921736777
[1923, 1926]	винница	Q157144	Винница	P1376	является столицей	Винницкий район	0	0	1923-03-07	0	0	0.4362952024353181
[1932, 1934]	винница	Q157144	Винница	P31	это частный случай понятия	областной центр	0	0	1932-02-27	0	0	-0.554065921736777
[1932, 1934]	винница	Q157144	Винница	P131	административно-территориальная единица	Украинская Советская Социалистическая Республика	0	0	1930-09-15	1932-02-27	0	-0.554065921736777
[1923, 1926]	винница	Q157144	Винница	P131	административно-территориальная единица	Подольская губерния	0	0	1797-01-02	1923-03-07	0	0.4362952024353181
[1923, 1926]	винница	Q157144	Винница	P131	административно-территориальная единица	Винницкий округ	0	0	1923-03-07	1930-09-15	0	0.4362952024353181
[1932, 1934]	винница	Q157144	Винница	P131	административно-территориальная единица	Винницкая область	0	0	1932-02-27	0	0	-0.554065921736777
[2005, 2009]	винтер	Q82356	Винтер	P569	дата рождения	0	0	2005-01-01	0	0	0	-0.24321484538530308
1936	вир	Q2466783	Всероссийский институт растениеводства	P488	руководитель	Николай Иванович Вавилов	0	0	1924-01-01	1936-01-01	0	2.0082658977904875
1962	виридиан	Q852841	Виридиана	P166	полученные награды	Золотая пальмовая ветвь	0	0	0	0	1961-01-01	1.9138226431914738
[1967, 1970]	вирофле	Q83432	Вирофле	P131	административно-территориальная единица	Сена и Уаза	0	0	1790-03-04	1968-01-01	0	-0.6740692761888772
[1967, 1970]	вирофле	Q83432	Вирофле	P131	административно-территориальная единица	Ивелин	0	0	1968-01-01	0	0	-0.6740692761888772
[1947, 1949]	вирсавия	Q41843	Беэр-Шева	P17	государство	Израиль	0	0	1948-01-01	0	0	-0.15362888972862668
[1947, 1949]	вирсавия	Q41843	Беэр-Шева	P17	государство	Подмандатная Палестина	0	0	1920-01-01	1948-01-01	0	-0.15362888972862668
[1990, 1991]	виртуоз	Q942603	Виртуоз	P577	дата публикации	0	0	1990-01-01	0	0	0	-0.42318130426977035
[1979, 1980]	вирунг	Q223589	Вирунга	P1435	статус наследия	всемирное наследие	0	0	1979-01-01	0	0	-0.19654704795841926
[1992, 1997]	висагинас	Q203892	Висагинас	P1376	является столицей	Висагинское самоуправление	0	0	1994-07-19	0	0	-0.27579824965019145
[1992, 1997]	висагинас	Q203892	Висагинас	P131	административно-территориальная единица	Висагинское самоуправление	0	0	1994-07-19	0	0	-0.27579824965019145
1935	висковский	Q4112173	Висковский, Вячеслав Казимирович	P570	дата смерти	0	0	1933-01-01	0	0	0	4.149350474587919
1980	витас	Q362258	Витас	P569	дата рождения	0	0	1979-02-19	0	0	0	1.812297842156933
[1926, 1930]	виток	Q13635907	Витка	P131	административно-территориальная единица	Новгородский район	0	0	1927-08-01	2005-12-31	0	-0.30163913332093806
2001	витренко	Q290689	Наталья Михайловна Витренко	P569	дата рождения	0	0	1951-12-28	0	0	0	2.510591257946098
[1950, 1951]	виттен	Q3764	Виттен	P6	глава правительства	Albert Martmöller	0	0	1946-01-01	1950-01-01	0	-0.6766916838355214
1989	виттен	Q3764	Виттен	P6	глава правительства	Klaus Lohmann	0	0	1989-01-01	2004-01-01	0	2.827039178010785
[1930, 1934]	виттен	Q3764	Виттен	P6	глава правительства	Otto Laue	0	0	1911-01-01	1933-01-01	0	-0.18510492488265703
[1964, 1969]	виттен	Q3764	Виттен	P6	глава правительства	Friedhelm Ottlinger	0	0	1967-01-01	1978-01-01	0	-0.7419454502368105
2002	виттен	Q3764	Виттен	P6	глава правительства	Albert Martmöller	0	0	1952-01-01	1953-01-01	0	2.1479932193378386
1986	виттен	Q3764	Виттен	P463	участник организации или клуба	Мэры за мир	0	0	1985-02-01	0	0	1.7179401553315705
[1980, 1992]	виттен	Q3764	Виттен	P6	глава правительства	Klaus Lohmann	0	0	1978-01-01	1983-01-01	0	1.1753752275384846
[1980, 1984]	виттенбергплац	Q692727	Виттенбергплац	P1435	статус наследия	памятник архитектурного наследия	0	0	1980-01-01	0	0	-0.1655180723739377
1923	витязь	Q846362	ФК Витебск	P571	дата основания / создания / возникновения	0	0	1923-01-01	0	0	0	1.6949346391451807
[1996, 1997]	витязь	Q1833697	Витязь	P571	дата основания / создания / возникновения	0	0	1996-01-01	0	0	0	-0.25080072063390424
[1925, 1926]	вихренный	Q1325004	Вихрен	P571	дата основания / создания / возникновения	0	0	1925-01-01	0	0	0	0.147402086612158
1942	виши	Q93351	Виши	P1376	является столицей	Франция	0	0	1940-07-10	1944-08-29	0	3.482739490777379
[1940, 1941]	вишист	Q69808	Режим Виши	P571	дата основания / создания / возникновения	0	0	1940-07-10	0	0	0	-0.5460652859013165
1944	вишист	Q69808	Режим Виши	P576	дата прекращения существования	0	0	1944-08-29	0	0	0	4.180458879759086
[1936, 1941]	вишневец	Q2993487	Вишневец	P131	административно-территориальная единица	Польская Республика	0	0	1918-01-01	1939-01-01	0	0.07266263159659118
[1936, 1941]	вишневец	Q2993487	Вишневец	P1376	является столицей	Вишневецкая волость	0	0	t	1939-01-01	0	0.07266263159659118
[1936, 1941]	вишневец	Q2993487	Вишневец	P131	административно-территориальная единица	Збаражский район	0	0	1940-01-01	0	0	0.07266263159659118
[1999, 2007]	вишневский	Q345018	Любомир Вишнёвский	P166	полученные награды	Best Slovak Defenseman Award	0	0	0	0	2003-01-01	-0.5219961802885416
[1999, 2007]	вишневский	Q345018	Любомир Вишнёвский	P166	полученные награды	Best Slovak Defenseman Award	0	0	0	0	2002-01-01	-0.5219961802885416
[1999, 2007]	вишневский	Q345018	Любомир Вишнёвский	P166	полученные награды	Best Slovak Defenseman Award	0	0	0	0	2005-01-01	-0.5219961802885416
[1999, 2007]	вишневский	Q345018	Любомир Вишнёвский	P166	полученные награды	Q51766724	0	0	0	0	2005-01-01	-0.5219961802885416
[1999, 2007]	вишневский	Q345018	Любомир Вишнёвский	P166	полученные награды	Best Slovak Defenseman Award	0	0	0	0	1999-01-01	-0.5219961802885416
[1999, 2007]	вишневский	Q345018	Любомир Вишнёвский	P166	полученные награды	Best Slovak Defenseman Award	0	0	0	0	2001-01-01	-0.5219961802885416
[1999, 2007]	вишневский	Q345018	Любомир Вишнёвский	P166	полученные награды	Best Slovak Defenseman Award	0	0	0	0	2000-01-01	-0.5219961802885416
1940	вкп	Q79854	Коммунистическая партия Советского Союза	P355	дочерние компании (организации, учреждения)	Коммунистическая партия Эстонии	0	0	1940-01-01	0	0	1.6712418020436597
1940	вкп	Q79854	Коммунистическая партия Советского Союза	P355	дочерние компании (организации, учреждения)	Коммунистическая партия Молдавии	0	0	1940-01-01	0	0	1.6712418020436597
1940	вкп	Q79854	Коммунистическая партия Советского Союза	P355	дочерние компании (организации, учреждения)	Карельский областной комитет КПСС	0	0	1940-01-01	1956-01-01	0	1.6712418020436597
1940	вкп	Q79854	Коммунистическая партия Советского Союза	P355	дочерние компании (организации, учреждения)	Коммунистическая партия Латвии	0	0	1940-01-01	0	0	1.6712418020436597
1940	вкп	Q79854	Коммунистическая партия Советского Союза	P355	дочерние компании (организации, учреждения)	Коммунистическая партия Литвы	0	0	1940-01-01	0	0	1.6712418020436597
[1981, 1986]	влад	Q959	Владивосток	P166	полученные награды	орден Ленина	0	0	0	0	1985-01-01	-0.18699036728097898
1923	владивосток	Q959	Владивосток	P131	административно-территориальная единица	Приморская область	0	0	1888-06-09	1922-11-14	0	3.923427480391822
1923	владивосток	Q959	Владивосток	P17	государство	СССР	0	0	1922-12-30	1991-12-25	0	3.923427480391822
[1993, 2004]	владивосток	Q959	Владивосток	P6	глава правительства	Виктор Иванович Черепков	0	0	1996-09-24	1998-11-28	0	0.04362207478486166
1923	владивосток	Q959	Владивосток	P17	государство	РСФСР	0	0	1917-11-07	1922-12-29	0	3.923427480391822
[1993, 2004]	владивосток	Q959	Владивосток	P6	глава правительства	Виктор Иванович Черепков	0	0	1993-06-26	1994-03-16	0	0.04362207478486166
[1993, 2004]	владивосток	Q959	Владивосток	P6	глава правительства	Копылов, Юрий Михайлович	0	0	2000-06-20	2004-07-18	0	0.04362207478486166
1923	владивосток	Q959	Владивосток	P131	административно-территориальная единица	Приморская губерния	0	0	1922-11-15	1926-01-03	0	3.923427480391822
[1986, 2003]	владикавказ	Q5239	Владикавказ	P131	административно-территориальная единица	Северо-Осетинская АССР	0	0	1936-12-05	1993-11-09	0	-0.09549769519395133
1924	владикавказ	Q5239	Владикавказ	P131	административно-территориальная единица	Северо-Осетинская автономная область	0	0	1924-11-07	1936-12-05	0	2.0383679804326125
[1986, 2003]	владикавказ	Q5239	Владикавказ	P17	государство	Россия	0	0	1991-12-25	0	0	-0.09549769519395133
[1986, 2003]	владикавказ	Q5239	Владикавказ	P138	названо в честь	Григорий Константинович Орджоникидзе	0	0	1954-01-01	1990-01-01	0	-0.09549769519395133
[1986, 2003]	владикавказ	Q5239	Владикавказ	P131	административно-территориальная единица	Республика Северная Осетия-Алания	0	0	1993-11-09	2010-01-01	0	-0.09549769519395133
1924	владикавказ	Q5239	Владикавказ	P17	государство	СССР	0	0	1922-12-30	1991-12-25	0	2.0383679804326125
1924	владикавказ	Q5239	Владикавказ	P17	государство	РСФСР	0	0	1917-01-01	1922-12-30	0	2.0383679804326125
1924	владикавказ	Q5239	Владикавказ	P131	административно-территориальная единица	Горская Автономная Советская Социалистическая Республика	0	0	1921-01-20	1924-11-07	0	2.0383679804326125
1994	владимир	Q2684	Владимир	P131	административно-территориальная единица	Владимирская область	0	0	1944-08-14	2004-11-26	0	2.013237385079531
[1992, 2008]	владимир	Q2684	Владимир	P131	административно-территориальная единица	Муниципальное образование город Владимир	0	0	2004-11-26	0	0	0.06508773153321756
[1977, 1984]	владимир	Q2542810	Владимир	P106	род занятий	католический священник	0	0	1982-05-26	0	0	-0.573600557082392
[1992, 2008]	владимир	Q2542810	Владимир	P39	занимаемая должность	католический епископ	0	0	2003-07-15	0	0	0.06508773153321756
1996	владиславовка	Q12089823	Владиславовка	P1619	дата официального открытия	0	0	1896-01-01	0	0	0	1.7860560851060892
1942	владиславовка	Q4113341	Владиславовка	P1249	первое письменное упоминание	0	0	1842-01-01	0	0	0	3.8286770212124717
2008	владыкино	Q18770777	Владыкино	P131	административно-территориальная единица	Краснозвездинское сельское поселение	0	0	2006-01-01	0	0	2.2570857860834366
[1945, 1950]	власовец	Q164587	Русская освободительная армия	P576	дата прекращения существования	0	0	1945-01-01	0	0	0	1.173817590174874
[1967, 1970]	власть	Q1755917	Власть	P577	дата публикации	0	0	1968-01-01	0	0	0	-0.2075739476454876
[1986, 2008]	власть	Q2364339	Власть	P577	дата публикации	0	0	1986-01-01	0	0	0	0.2964889020956381
[1988, 2001]	влюблять	Q1135349	Влюблённые	P166	полученные награды	Filmfare Award за лучшую сцену года	0	0	0	0	2000-01-01	0.3326287757481992
[1947, 1949]	вне	Q4317015	Немтинов, Виктор Алексеевич	P569	дата рождения	0	0	1947-03-15	0	0	0	0.2252371947620523
[2006, 2009]	внеземной	Q4113680	Внеземной	P577	дата публикации	0	0	2007-01-01	0	0	0	-0.6123588208591443
[1954, 1961]	внииа	Q4127504	Всероссийский научно-исследовательский институт автоматики имени Н. Л. Духова	P571	дата основания / создания / возникновения	0	0	1954-01-01	0	0	0	0.5088927145848545
[1950, 1959]	вниип	Q4386632	РФЯЦ-ВНИИТФ	P571	дата основания / создания / возникновения	0	0	1955-01-01	0	0	0	0.05128384767745022
1950	внс	Q637821	Великое национальное собрание Румынии	P571	дата основания / создания / возникновения	0	0	1948-01-01	0	0	0	3.2369014216163308
2005	внуково	Q19847852	Внуково	P131	административно-территориальная единица	Денисовское сельское поселение	0	0	2005-05-13	0	0	1.8815280897915614
[2006, 2008]	вогель	Q234838	Фёгеле, Штефани	P106	род занятий	теннисист	0	0	2006-01-01	0	0	-0.440808688547594
[1980, 1984]	водоворот	Q4114063	Водоворот	P577	дата публикации	0	0	1983-01-01	0	0	0	-0.23579474875061734
[1943, 1947]	воеводина	Q44749	Воеводина	P131	административно-территориальная единица	СР Сербия	0	0	1944-07-31	1992-04-27	0	0.15760264511973437
[2005, 2009]	возлюбленная	Q1519075	Возлюбленная	P577	дата публикации	0	0	2007-01-01	0	0	0	-0.27291228931990485
1923	возрождение	Q4114950	Возрождение	P571	дата основания / создания / возникновения	0	0	1923-01-01	0	0	0	1.9431376556246334
[1966, 1969]	воив	Q177773	Всемирная организация интеллектуальной собственности	P571	дата основания / создания / возникновения	0	0	1967-01-01	0	0	0	-0.1095804197698902
[2004, 2006]	воинкова	Q15266675	Воинкова	P131	административно-территориальная единица	Краснополянское сельское поселение	0	0	2005-01-01	0	0	-0.49049951287599775
[1993, 1998]	воиск	Q4123724	Вологодское общество изучения Северного края	P488	руководитель	Белов, Сергей Павлович	0	0	1994-01-01	0	0	-0.2636317015285465
[1994, 1999]	война	Q1167231	Война	P577	дата публикации	0	0	1996-06-06	0	0	0	-0.19399460745352184
[2001, 2006]	война	Q866673	Война	P577	дата публикации	0	0	2002-03-14	0	0	0	-0.19795814580855361
[1994, 1999]	война	Q1167231	Война	P577	дата публикации	0	0	1994-01-01	0	0	0	-0.19399460745352184
[1941, 1946]	войтек	Q1055802	Войтек	P569	дата рождения	0	0	1942-01-01	0	0	0	-0.12541637650670487
[1963, 1965]	войтек	Q1055802	Войтек	P570	дата смерти	0	0	1963-12-02	0	0	0	0.405648470360837
[1941, 1946]	войтек	Q1055802	Войтек	P2031	начало периода активности	0	0	1943-01-01	0	0	0	-0.12541637650670487
1963	войцек	Q657215	Войцек	P1191	первое исполнение	0	0	1913-11-08	0	0	0	2.1329541294176497
[1979, 1980]	войцек	Q2142377	Войцек	P577	дата публикации	0	0	1979-01-01	0	0	0	-0.757596073907066
[2008, 2009]	войшвилло	Q4122804	Войшвилло, Евгений Казимирович	P570	дата смерти	0	0	2008-12-18	0	0	0	-0.4800624346486101
[1925, 1933]	вокс	Q3849241	Всесоюзное общество культурной связи с заграницей	P488	руководитель	Ольга Давыдовна Каменева	0	0	1926-01-01	1928-01-01	0	-0.34396929083611205
[1995, 2004]	волжский	Q2303787	Волжская	P1619	дата официального открытия	0	0	1995-12-28	0	0	0	0.07554879774880432
[1950, 1955]	волжский	Q98995	Волжский	P571	дата основания / создания / возникновения	0	0	1951-01-01	0	0	0	-0.09305494704590418
[1979, 1992]	волк	Q1754829	Волки	P577	дата публикации	0	0	1981-01-01	0	0	0	-0.24266689271798242
[2004, 2007]	волк	Q13663435	Волки	P131	административно-территориальная единица	Вишкильское сельское поселение	0	0	2006-01-01	0	0	-0.2687500558687167
[2004, 2007]	волк	Q4123230	Волки	P131	административно-территориальная единица	Кляриновское сельское поселение	0	0	2004-12-02	0	0	-0.2687500558687167
2004	волковка	Q4123413	Волковка	P131	административно-территориальная единица	Сырокоренское сельское поселение	0	0	2004-12-02	0	0	4.1344411876439136
[1928, 1935]	волна	Q1217475	Волны	P577	дата публикации	0	0	1931-01-01	0	0	0	-0.43564716194747444
[1954, 1976]	волна	Q4123564	Волна	P131	административно-территориальная единица	Волосовский район	0	0	1965-01-12	1889-12-31	0	0.06307241074806039
[1954, 1976]	волна	Q4123564	Волна	P131	административно-территориальная единица	Кингисеппский район	0	0	1963-02-01	1965-01-11	0	0.06307241074806039
[1928, 1935]	волна	Q4123564	Волна	P131	административно-территориальная единица	Молосковицкий район	0	0	1927-08-01	1931-09-19	0	-0.43564716194747444
[1954, 1976]	волна	Q4123564	Волна	P131	административно-территориальная единица	Волосовский район	0	0	1931-09-20	1963-01-31	0	0.06307241074806039
1983	волна	Q3231594	Волна	P577	дата публикации	0	0	1981-01-01	0	0	0	1.8942572912145903
[1923, 1925]	волов	Q4016283	Волово	P131	административно-территориальная единица	Воловский район	0	0	1924-05-13	2008-03-03	0	0.2502502101143058
1999	волончунас	Q4123894	Волончунас, Виктор Владимирович	P569	дата рождения	0	0	1949-06-19	0	0	0	1.864968048783335
[1965, 1969]	волос	Q1165499	Волосы	P1411	номинирован на	Grammy Award for Best Musical Theater Album	0	0	0	0	1968-01-01	-0.5670564136388987
1935	волосянка	Q580139	Волосянка	P571	дата основания / создания / возникновения	0	0	1885-01-01	0	0	0	1.9998702464833558
[2001, 2006]	волотовый	Q21335549	Волотово	P131	административно-территориальная единица	Чернянский район	0	0	1928-07-30	2004-12-19	0	0.05346861653574984
[2001, 2006]	волотовый	Q21335549	Волотово	P131	административно-территориальная единица	Волотовское сельское поселение	0	0	2004-12-20	0	0	0.05346861653574984
[2001, 2006]	волотовый	Q4123991	Волотово	P131	административно-территориальная единица	Волотовское сельское поселение	0	0	2005-01-01	2014-01-01	0	0.05346861653574984
1934	волочиск	Q219762	Волочиск	P131	административно-территориальная единица	Винницкая область	0	0	1932-02-27	1937-09-22	0	3.7013735490613544
1934	волочиск	Q219762	Волочиск	P131	административно-территориальная единица	Волочисский район	0	0	1930-09-16	1932-02-27	0	3.7013735490613544
1929	волчанка	Q19614299	Волчанка	P571	дата основания / создания / возникновения	0	0	1829-01-01	0	0	0	4.054479499306272
[1986, 1987]	волшебник	Q2039900	Волшебник	P577	дата публикации	0	0	1986-01-01	0	0	0	-0.6227375944839537
1969	волынов	Q448538	Борис Валентинович Волынов	P410	воинское звание	полковник	0	0	1969-01-01	0	0	2.7030201951729897
1969	волынов	Q448538	Борис Валентинович Волынов	P69	учебное заведение	Военно-воздушная инженерная академия имени Н. Е. Жуковского	0	0	1961-09-01	1968-01-06	0	2.7030201951729897
1997	вольная	Q18792878	Новая Куликовка	P31	это частный случай понятия	деревня	0	0	0	0	1897-02-09	1.6946042827456156
1997	воплощение	Q4827794	Воплощение	P577	дата публикации	0	0	1996-04-26	0	0	0	2.3752658093635546
1991	воркута	Q133529	Воркута	P17	государство	Россия	0	0	1991-12-26	0	0	1.704964908093659
1944	воркута	Q133529	Воркута	P131	административно-территориальная единица	Большеземельский район	0	0	1940-01-09	1942-10-01	0	3.526793485831604
1944	воркута	Q133529	Воркута	P131	административно-территориальная единица	Коми Автономная Советская Социалистическая Республика	0	0	1942-10-01	1991-05-22	0	3.526793485831604
1991	воркута	Q133529	Воркута	P131	административно-территориальная единица	Республика Коми	0	0	1991-05-23	0	0	1.704964908093659
[1947, 1950]	вормс	Q3852	Вормс	P17	государство	Германия в 1945—1949 годах	0	0	1945-03-18	1949-05-22	0	-0.18553417573590794
[1987, 1991]	вормс	Q3852	Вормс	P17	государство	Федеративная Республика Германии	0	0	1949-05-23	1990-10-02	0	-0.24618196042227672
[1987, 1991]	вормс	Q3852	Вормс	P17	государство	Германия	0	0	1990-10-03	0	0	-0.24618196042227672
[1992, 1998]	воро	Q460497	Воро	P54	член спортивной команды	Депортиво Ла-Корунья	0	0	1993-01-01	1996-01-01	0	0.0695310938064032
[1992, 1998]	воро	Q460497	Воро	P54	член спортивной команды	Логроньес	0	0	1996-01-01	1999-01-01	0	0.0695310938064032
[1992, 1998]	воро	Q460497	Воро	P54	член спортивной команды	сборная Испании по футболу	0	0	1993-01-01	1995-01-01	0	0.0695310938064032
[1992, 1998]	воро	Q460497	Воро	P54	член спортивной команды	ФК Валенсия	0	0	1984-01-01	1993-01-01	0	0.0695310938064032
[1964, 1965]	ворожбита	Q6473464	Ворожбиты	P131	административно-территориальная единица	Q6475700	0	0	1964-04-14	1977-11-21	0	-0.11993056767845833
[1964, 1965]	ворожбита	Q6473464	Ворожбиты	P131	административно-территориальная единица	Первомайский сельсовет	0	0	1954-07-16	1964-04-14	0	-0.11993056767845833
1965	ворон	Q1196370	Ворон	P577	дата публикации	0	0	1963-01-25	0	0	0	6.45963075656853
1965	ворон	Q1196370	Ворон	P577	дата публикации	0	0	1963-01-01	0	0	0	6.45963075656853
[1923, 1926]	ворон	Q19144283	Ворон	P571	дата основания / создания / возникновения	0	0	1924-01-01	0	0	0	0.34942108328648613
[2004, 2009]	ворона	Q18771242	Ворона	P131	административно-территориальная единица	Ковылкинский район	0	0	1928-07-16	2008-05-19	0	-0.5929428124281854
[2004, 2009]	ворона	Q18771242	Ворона	P131	административно-территориальная единица	Рыбкинское сельское поселение	0	0	2008-05-20	0	0	-0.5929428124281854
[2004, 2009]	ворона	Q19693577	Вороны	P131	административно-территориальная единица	Залазнинское сельское поселение	0	0	2006-01-01	0	0	-0.5929428124281854
[1953, 1957]	воронежец	Q4125454	Воронежцев, Юрий Иванович	P569	дата рождения	0	0	1955-12-23	0	0	0	0.27190458454738714
1967	воронежсельмаша	Q16631743	Воронежсельмаш	P571	дата основания / создания / возникновения	0	0	1917-01-01	0	0	0	2.685407045243524
[1969, 1975]	вороненко	Q4125459	Вороненко, Дмитрий Петрович	P569	дата рождения	0	0	1971-07-29	0	0	0	-0.18550045875145946
[1929, 1930]	воронино	Q21668742	Воронино	P131	административно-территориальная единица	Мосальский район	0	0	1929-10-01	2004-12-27	0	-0.032412818965842194
[1929, 1930]	воронино	Q21668742	Воронино	P131	административно-территориальная единица	Сухиничский уезд	0	0	1927-01-01	1929-09-30	0	-0.032412818965842194
1941	вороничи	Q21626112	Вороничи	P131	административно-территориальная единица	Q9271229	0	0	1921-01-01	1939-01-01	0	2.747127883348971
1941	вороничи	Q21626112	Вороничи	P131	административно-территориальная единица	Озерницкий сельсовет	0	0	1940-01-01	0	0	2.747127883348971
[2002, 2008]	вороново	Q27577419	Вороново	P131	административно-территориальная единица	Неклюдовское сельское поселение	0	0	2005-01-01	0	0	-0.23440055185044847
[1973, 1979]	воронок	Q26055	Городская ласточка	P166	полученные награды	Птица года	0	0	0	0	1974-01-01	-0.37404181641709106
[2004, 2005]	воронцовый	Q21668754	Воронцово	P131	административно-территориальная единица	Сельское поселение «Село Мокрое»	0	0	2004-10-04	0	0	-0.5246342804268809
[2004, 2005]	воронцовый	Q4125812	Воронцово	P131	административно-территориальная единица	Крапивенское сельское поселение	0	0	2004-12-02	0	0	-0.5246342804268809
[1923, 1942]	ворошилов	Q186185	Климент Ефремович Ворошилов	P166	полученные награды	орден Ленина	0	0	0	0	1935-02-23	0.6792531332011367
[1923, 1942]	ворошилов	Q186185	Климент Ефремович Ворошилов	P166	полученные награды	орден Красного Знамени	0	0	0	0	1930-02-22	0.6792531332011367
[1967, 1971]	ворошилов	Q186185	Климент Ефремович Ворошилов	P166	полученные награды	медаль «Золотая Звезда»	0	0	0	0	1968-02-22	-0.331818598907976
1938	ворошилов	Q186185	Климент Ефремович Ворошилов	P166	полученные награды	орден Республики	0	0	0	0	1937-10-28	5.81404973500706
1938	ворошилов	Q186185	Климент Ефремович Ворошилов	P166	полученные награды	юбилейная медаль «XX лет Рабоче-Крестьянской Красной Армии»	0	0	0	0	1938-02-22	5.81404973500706
[1957, 1958]	ворошилов	Q186185	Климент Ефремович Ворошилов	P166	полученные награды	Герой Монгольской Народной Республики	0	0	0	0	1957-05-29	-0.36421683998753734
[1967, 1971]	ворошилов	Q186185	Климент Ефремович Ворошилов	P570	дата смерти	0	0	1969-12-02	0	0	0	-0.331818598907976
[1973, 1978]	ворошилов	Q7571754	Ворошилов	P576	дата прекращения существования	0	0	1973-03-02	0	0	0	-0.5267541829886196
[1923, 1942]	ворошилов	Q186185	Климент Ефремович Ворошилов	P166	полученные награды	орден Красного Знамени	0	0	0	0	1925-12-02	0.6792531332011367
[1957, 1958]	ворошилов	Q186185	Климент Ефремович Ворошилов	P166	полученные награды	медаль «В память 250-летия Ленинграда»	0	0	0	0	1957-01-01	-0.36421683998753734
[1923, 1942]	ворошилов	Q186185	Климент Ефремович Ворошилов	P166	полученные награды	орден Ленина	0	0	0	0	1941-02-03	0.6792531332011367
[1967, 1971]	ворошилов	Q186185	Климент Ефремович Ворошилов	P166	полученные награды	Герой Советского Союза	0	0	0	0	1968-02-22	-0.331818598907976
[1967, 1971]	ворошилов	Q186185	Климент Ефремович Ворошилов	P166	полученные награды	орден Ленина	0	0	0	0	1968-02-22	-0.331818598907976
1938	ворошилов	Q186185	Климент Ефремович Ворошилов	P166	полученные награды	орден Ленина	0	0	0	0	1938-02-22	5.81404973500706
1940	ворошилов	Q7571754	Ворошилов	P729	дата принятия в эксплуатацию	0	0	1940-06-20	0	0	0	1.7975000503466274
[2002, 2005]	ворошилово	Q4125999	Ворошилово	P131	административно-территориальная единица	Васьковское сельское поселение	0	0	2004-12-02	0	0	-0.2161447462732945
1927	воскресенка	Q4126142	Воскресенка	P131	административно-территориальная единица	Рыльский уезд	0	0	1924-05-12	1925-10-15	0	2.9421371478680935
[2002, 2004]	воскресенка	Q4126139	Воскресенка	P131	административно-территориальная единица	Воскресенский сельсовет	0	0	2003-12-01	0	0	-0.5060765833928937
1927	воскресенка	Q4126142	Воскресенка	P131	административно-территориальная единица	Бурынский район	0	0	1925-10-16	0	0	2.9421371478680935
[1980, 1986]	воскрешение	Q1757452	Воскрешение из мёртвых	P577	дата публикации	0	0	1980-01-01	0	0	0	-0.3996885690152044
1997	воспоминание	Q564403	Воспоминания о будущем	P577	дата публикации	0	0	1995-12-23	0	0	0	1.8192286575346943
[1960, 1984]	восс	Q109031	Восс	P1365	заменил	Vossestrand	0	0	0	0	1964-01-01	-0.1838226459147293
[1960, 1984]	восс	Q109031	Восс	P1365	заменил	Evanger	0	0	0	0	1964-01-01	-0.1838226459147293
1940	востан	Q2634772	Востан	P131	административно-территориальная единица	Армянская область	0	0	1828-03-21	1840-04-09	0	2.8587344854709817
[1970, 1984]	восхождение	Q760053	Восхождение	P166	полученные награды	Золотой медведь	0	0	0	0	1977-01-01	-0.5552172088744768
1967	вотинцев	Q4126795	Вотинцева, Вера Владимировна	P569	дата рождения	0	0	1966-05-30	0	0	0	2.6116044961749094
1944	вощенко	Q4126902	Вощенко, Василий Иванович	P570	дата смерти	0	0	1943-10-23	0	0	0	4.68348753642392
[1970, 1971]	вощерович	Q5101465	Вощерович, Яцек	P570	дата смерти	0	0	1970-10-19	0	0	0	-0.7191951552831558
[2005, 2007]	вояж	Q29404489	Вояжа	P131	административно-территориальная единица	Ратицкое сельское поселение	0	0	2005-01-01	0	0	-0.23076195252962825
[1981, 1987]	вояка	Q537621	Вояки	P577	дата публикации	0	0	1983-01-01	0	0	0	-0.2323206442845513
[1989, 1993]	впа	Q1935120	Военно-политическая академия имени В. И. Ленина	P576	дата прекращения существования	0	0	1991-01-01	0	0	0	0.7555288137031076
[1937, 1945]	вперед	Q25730312	Вперёд	P571	дата основания / создания / возникновения	0	0	1939-01-01	0	0	0	0.9976150721449888
[1984, 1994]	вр	Q176296	Верховная Рада Украины	P488	руководитель	Леонид Макарович Кравчук	0	0	1990-07-23	1991-12-05	0	-0.3176864788750459
[1984, 1994]	вр	Q176296	Верховная Рада Украины	P488	руководитель	Иван Степанович Плющ	0	0	1991-12-05	1994-05-11	0	-0.3176864788750459
[1933, 1935]	враг	Q4126962	Враги	P1191	первое исполнение	0	0	1933-09-25	0	0	0	-0.25604866048266395
2005	вредефорт	Q330095	Вредефорт	P1435	статус наследия	всемирное наследие	0	0	2005-01-01	0	0	2.6279862767987385
[1992, 1998]	времечко	Q4127095	Времечко	P449	первоначальная телесеть	НТВ	0	0	0	0	1994-01-01	-0.19273396339794005
[1992, 1998]	времечко	Q4127095	Времечко	P449	первоначальная телесеть	ТВ Центр	0	0	0	0	1997-01-01	-0.19273396339794005
[1992, 1998]	времечко	Q4127095	Времечко	P915	место съёмок	Останкино	0	0	0	0	1997-01-01	-0.19273396339794005
[1992, 1998]	времечко	Q4127095	Времечко	P449	первоначальная телесеть	4-й канал Останкино	0	0	0	0	1993-01-01	-0.19273396339794005
[2003, 2007]	время	Q1438747	Время	P371	ведущий теле- или радиопередачи	Клеймёнов, Кирилл Алексеевич	0	0	1998-01-01	2004-01-01	0	-0.44933647378016206
[2003, 2007]	время	Q483909	Время	P577	дата публикации	0	0	2006-05-20	0	0	0	-0.44933647378016206
[1999, 2001]	время	Q4127068	Времена	P577	дата публикации	0	0	2000-10-29	0	0	0	-0.31747767233721996
[1999, 2001]	время	Q4127068	Времена	P580	дата начала	0	0	2000-10-29	0	0	0	-0.31747767233721996
[1999, 2001]	время	Q1438747	Время	P371	ведущий теле- или радиопередачи	Леонтьев, Михаил Владимирович	0	0	1999-01-01	0	0	-0.31747767233721996
1992	врф	Q1469561	Воронежский фронт	P571	дата основания / создания / возникновения	0	0	1942-07-09	0	0	0	2.30655957280036
[1990, 1995]	вс	Q326465	Верховный Совет СССР	P576	дата прекращения существования	0	0	1991-12-26	0	0	0	0.05815264744085938
[2006, 2009]	всеволожск	Q15248	Всеволожск	P131	административно-территориальная единица	Муниципальное образование «Город Всеволожск»	0	0	2006-01-01	0	0	0.1916280899310916
[1963, 1970]	всеволожск	Q15248	Всеволожск	P131	административно-территориальная единица	Ленинградская область	0	0	1965-01-12	2005-12-31	0	-0.249157648772535
[1963, 1970]	всеволожск	Q15248	Всеволожск	P131	административно-территориальная единица	Всеволожский район	0	0	1936-08-19	1965-01-11	0	-0.249157648772535
1924	всекобанк	Q4127498	Всероссийский кооперативный банк	P571	дата основания / создания / возникновения	0	0	1922-01-01	0	0	0	2.15823605583209
[1923, 1928]	всехсвятский	Q15363318	Всехсвятское	P131	административно-территориальная единица	Всехсвятское сельское поселение	0	0	1924-04-10	0	0	-0.24371295667223927
[1983, 1985]	всплеск	Q1127184	Всплеск	P1411	номинирован на	премия Национального общества кинокритиков США за лучший сценарий	0	0	0	0	1984-01-01	-0.023929364917349445
[1983, 1985]	всплеск	Q1127184	Всплеск	P1411	номинирован на	премия «Сатурн» лучшей киноактрисе	0	0	0	0	1984-01-01	-0.023929364917349445
[1983, 1985]	всплеск	Q1127184	Всплеск	P1411	номинирован на	Премия «Сатурн» за лучший грим	0	0	0	0	1984-01-01	-0.023929364917349445
[1983, 1985]	всплеск	Q1127184	Всплеск	P1411	номинирован на	Премия «Сатурн» лучшему киноактёру второго плана	0	0	0	0	1984-01-01	-0.023929364917349445
[1983, 1985]	всплеск	Q1127184	Всплеск	P1411	номинирован на	Премия «Сатурн» за лучший фильм-фэнтези	0	0	0	0	1984-01-01	-0.023929364917349445
[1983, 1985]	всплеск	Q1127184	Всплеск	P1411	номинирован на	Премия «Сатурн» за лучшую режиссуру	0	0	0	0	1984-01-01	-0.023929364917349445
[1983, 1985]	всплеск	Q1127184	Всплеск	P166	полученные награды	премия «Сатурн» лучшей киноактрисе	0	0	0	0	1984-01-01	-0.023929364917349445
[1983, 1985]	всплеск	Q1127184	Всплеск	P166	полученные награды	премия Национального общества кинокритиков США за лучший сценарий	0	0	0	0	1984-01-01	-0.023929364917349445
[1983, 1985]	всплеск	Q1127184	Всплеск	P1411	номинирован на	премия «Золотой глобус» за лучший фильм — комедия или мюзикл	0	0	0	0	1984-01-01	-0.023929364917349445
[1984, 1985]	вспышка	Q1427274	Вспышка	P577	дата публикации	0	0	1984-01-01	0	0	0	0.10847288120915577
1939	всхв	Q855493	Выставка достижений народного хозяйства	P571	дата основания / создания / возникновения	0	0	1939-08-01	0	0	0	2.4478425199989853
[1946, 1950]	всц	Q283639	Всемирный совет церквей	P166	полученные награды	Вателеровская премия мира	0	0	0	0	1949-01-01	-0.5730241842463899
[2001, 2008]	вторжение	Q652592	Вторжение	P577	дата публикации	0	0	2007-10-18	0	0	0	-0.3850879476333137
[2001, 2008]	вторжение	Q241391	Вторжение	P577	дата публикации	0	0	2006-01-01	0	0	0	-0.3850879476333137
[2001, 2008]	вторжение	Q652592	Вторжение	P577	дата публикации	0	0	2007-01-01	0	0	0	-0.3850879476333137
1970	вуайя	Q22174	Вуайе	P131	административно-территориальная единица	Лотринген	0	0	1871-01-01	1920-01-01	0	3.7678295031059785
1970	вуайя	Q22174	Вуайе	P131	административно-территориальная единица	Мозель	0	0	1920-01-01	0	0	3.7678295031059785
[1994, 1999]	вудсток	Q956288	Вудсток	P166	полученные награды	Национальный реестр фильмов США	0	0	0	0	1996-01-01	0.06121661183734541
[1986, 1988]	вудхаузеит	Q2271409	Вудхаузеит	P579	IMA-статус	вспомогательный статус: опубликован до 1959 года	0	0	1937-09-01	1987-01-01	0	-0.0323813956503034
1976	вудхаус	Q207515	Пелем Гренвилл Вудхауз	P570	дата смерти	0	0	1975-02-14	0	0	0	4.392764563739899
[1967, 1969]	вуквутагин	Q25390735	Вуквутагин	P570	дата смерти	0	0	1968-01-01	0	0	0	0.9911386983119527
[1999, 2007]	вундеркинд	Q168862	Вундеркинды	P577	дата публикации	0	0	2000-11-02	0	0	0	0.34870054223440516
[1979, 1994]	вундеркинд	Q4952152	Вундеркинд	P577	дата публикации	0	0	1988-01-01	0	0	0	-0.02705481673142425
[1999, 2007]	вундеркинд	Q168862	Вундеркинды	P577	дата публикации	0	0	2000-02-22	0	0	0	0.34870054223440516
1930	вхутеин	Q1483704	Высший художественно-технический институт	P576	дата прекращения существования	0	0	1930-01-01	0	0	0	1.9024769966415163
[1926, 1933]	вхутеин	Q1483704	Высший художественно-технический институт	P571	дата основания / создания / возникновения	0	0	1926-01-01	0	0	0	1.0342454775348007
[1995, 2001]	выборный	Q1177008	Давид Выборны	P118	выступает в лиге	Национальная хоккейная лига	0	0	2000-01-01	2008-01-01	0	0.2701904074015761
1927	выглядовка	Q19638665	Выглядовка	P131	административно-территориальная единица	Пензенский уезд	0	0	1925-03-01	1928-07-15	0	4.068499528862054
[2002, 2007]	выезд	Q13640287	Выезд	P131	административно-территориальная единица	Куприяновское сельское поселение	0	0	2005-05-13	0	0	-0.29608269779452545
1997	вызов	Q962544	Вызов	P577	дата публикации	0	0	1996-11-06	0	0	0	1.998421909879569
[1979, 1984]	вызов	Q2036469	Вызов	P577	дата публикации	0	0	1982-01-01	0	0	0	-0.8390060899416224
1997	вызов	Q962544	Вызов	P577	дата публикации	0	0	1997-05-08	0	0	0	1.998421909879569
[1979, 2000]	вымогательство	Q4129024	Вымогательство	P577	дата публикации	0	0	1988-01-01	0	0	0	0.03041945507395457
[1979, 2000]	вымогательство	Q4129024	Вымогательство	P577	дата публикации	0	0	1988-10-20	0	0	0	0.03041945507395457
[1992, 1997]	выползово	Q18771626	Выползово	P131	административно-территориальная единица	Выползовский сельсовет	0	0	1996-08-15	2010-04-25	0	1.2539227066657297
[1924, 1928]	выползово	Q18771626	Выползово	P131	административно-территориальная единица	Тимский уезд	0	0	1802-01-01	1924-05-11	0	-0.32441165941531996
[1992, 1997]	выползово	Q18771626	Выползово	P131	административно-территориальная единица	Солнцевский район	0	0	1928-06-16	1996-08-14	0	1.2539227066657297
[1924, 1928]	выползово	Q18771626	Выползово	P131	административно-территориальная единица	Курский уезд	0	0	1924-05-12	1928-12-15	0	-0.32441165941531996
1993	выпряговый	Q4378575	Прилуки	P131	административно-территориальная единица	Вологда	0	0	1993-01-01	0	0	1.8188095532353723
1993	выпряговый	Q4378575	Прилуки	P31	это частный случай понятия	нейборхуд	0	0	1993-01-01	0	0	1.8188095532353723
1993	выпряговый	Q4378575	Прилуки	P31	это частный случай понятия	бывший населённый пункт	0	0	1993-01-01	0	0	1.8188095532353723
[1923, 1926]	выселок	Q4129205	Выселки	P1376	является столицей	Выселская волость	0	0	1867-08-01	1924-01-01	0	-0.19186085923472854
[1923, 1926]	выселок	Q4129205	Выселки	P131	административно-территориальная единица	Выселская волость	0	0	1867-08-01	1924-01-01	0	-0.19186085923472854
[1993, 1997]	высогорец	Q4129238	Высогорец, Михаил Амосович	P570	дата смерти	0	0	1996-04-22	0	0	0	-0.5182064302952147
[1953, 1954]	высокий	Q3920203	Высокий	P571	дата основания / создания / возникновения	0	0	1953-01-01	0	0	0	-0.6608051439665654
[1976, 1983]	высоцкий	Q512	Владимир Семёнович Высоцкий	P2032	окончание периода активности	0	0	1980-01-01	0	0	0	-0.4951311850462261
[1976, 1983]	высоцкий	Q512	Владимир Семёнович Высоцкий	P570	дата смерти	0	0	1980-07-25	0	0	0	-0.4951311850462261
[1987, 2000]	выхино	Q2551396	Выхино	P138	названо в честь	Андрей Александрович Жданов	0	0	1966-01-01	1989-01-01	0	-0.04266561792155189
[1987, 2000]	выхино	Q2551396	Выхино	P138	названо в честь	Выхино (муниципальный округ)	0	0	1989-01-01	0	0	-0.04266561792155189
1933	вышинский	Q155860	Андрей Януарьевич Вышинский	P569	дата рождения	0	0	1883-12-10	0	0	0	3.8695860987917943
1968	вьетконг	Q174423	Национальный фронт освобождения Южного Вьетнама	P159	расположение штаб-квартиры	Мемот	0	0	1966-01-01	1972-01-01	0	1.9113803419452093
1963	вьетч	Q36082	Вьетчи	P571	дата основания / создания / возникновения	0	0	1962-01-01	0	0	0	3.1448589512931244
1951	вэйд	Q377777	Вэйду	P131	административно-территориальная единица	Специальный район Сюйчан	0	0	1949-02-01	1986-01-17	0	2.800787436065644
[2004, 2005]	вязища	Q4130239	Вязищи	P131	административно-территориальная единица	Вязищенское сельское поселение	0	0	2004-12-02	0	0	-0.6082584717741776
1929	вязовка	Q18771880	Вязовка	P131	административно-территориальная единица	Пензенский район	0	0	1928-07-16	2004-11-01	0	2.8804445584166416
[2002, 2006]	вязовка	Q4130293	Вязовка	P131	административно-территориальная единица	Караваевское сельское поселение	0	0	2004-12-02	0	0	-0.1674360011153286
[2002, 2006]	вязовка	Q18771880	Вязовка	P131	административно-территориальная единица	Богословский сельсовет	0	0	2004-11-02	0	0	-0.1674360011153286
[2002, 2006]	вязовка	Q4130301	Вязовка	P131	административно-территориальная единица	Муниципальное образование «Азаматовское»	0	0	2005-01-01	0	0	-0.1674360011153286
2007	вязовня	Q29404483	Вязовня	P131	административно-территориальная единица	Ратицкое сельское поселение	0	0	2005-01-01	0	0	2.7080497964218244
1944	вялый	Q4130400	Вялых, Николай Алексеевич	P570	дата смерти	0	0	1943-01-21	0	0	0	2.832964427577642
[2001, 2005]	вяльцево	Q21850286	Вяльцево	P131	административно-территориальная единица	Ульяновский район	0	0	1929-10-01	2004-10-03	0	-0.24905810944755746
[2001, 2005]	вяльцево	Q21850286	Вяльцево	P131	административно-территориальная единица	Сельское поселение «Село Ульяново»	0	0	2004-10-04	0	0	-0.24905810944755746
2007	вяселок	Q17047245	Вясёлка	P166	полученные награды	Золотая буква	0	0	0	0	2007-01-01	3.0104397812058874
